id_class,name_class,id_method,name_method,version_id,smell_name,has_smell,cbo,wmc,dit,rfc,lcom,total_methods,static_methods,public_methods,private_methods,protected_methods,default_methods,abstract_methods,final_methods,synchronized_methods,total_fields,static_fields,public_fields,private_fields,protected_fields,default_fields,final_fields,synchronized_fields,nosi,loc,return_qty,loop_qty,comparison_qty,try_catch_qty,parenthesized_exps_qty,string_literals_qty,numbers_qty,assignments_qty,math_operations_qty,variables_qty,max_nested_blocks,annonymous_classes_qty,sub_classes_qty,lambdas_qty,unique_words_qty,line,start_line,returns,variables,parameters,dev_id,number_commits,active_days,number_days,number_issues,number_pull_requests,number_tests,median_files,median_lines,number_followers,number_public_repositories,number_public_gists,severity
20665,com.github.mikephil.charting.highlight.CombinedHighlighter,167834,getHighlightsAtXValue/3[float,880715,Broken Hierarchy,1,0,32,0,9,0,0,0,0,0,0,0,0,0,0,0,0,0,0,0,0,0,0,0,8,0,3,0,0,0,0,0,0,2,0,8,0,4,0,0,0,8,12,26,1,3862,722,158,748,0,0,679,2,15,0,0,0,3
20690,com.github.mikephil.charting.data.LineScatterCandleRadarDataSet,168201,LineScatterCandleRadarDataSet/2[java.util.List<T>,882587,Broken Hierarchy,1,25,2,0,1,0,0,0,0,0,0,0,0,0,0,0,0,0,0,0,0,0,0,0,1,0,25,0,0,0,0,0,1,1,0,0,0,0,0,0,0,2,4,0,0,3862,722,158,748,0,0,679,2,15,0,0,0,3
20693,com.github.mikephil.charting.data.BubbleDataSet,168318,BubbleDataSet/2[java.util.List<com.github.mikephil.charting.data.BubbleEntry>,882987,Broken Hierarchy,1,17,1,0,1,0,0,0,0,0,0,0,0,0,0,0,0,0,0,0,0,0,0,0,0,0,17,0,0,0,0,0,0,0,0,0,0,0,0,0,0,2,3,0,0,3862,722,158,748,0,0,679,2,15,0,0,0,3
20696,com.github.mikephil.charting.data.BarLineScatterCandleBubbleDataSet,168460,BarLineScatterCandleBubbleDataSet/2[java.util.List<T>,883656,Broken Hierarchy,1,24,1,0,1,0,0,0,0,0,0,0,0,0,0,0,0,0,0,0,0,0,0,0,0,0,24,0,0,0,0,0,0,0,0,0,0,0,0,0,0,2,3,0,0,3862,722,158,748,0,0,679,2,15,0,0,0,3
20622,com.github.mikephil.charting.renderer.LineChartRenderer,169009,initBuffers/0,885707,Broken Hierarchy,1,0,1,0,0,0,0,0,0,0,0,0,0,0,0,0,0,0,0,0,0,0,0,0,2,0,0,0,0,0,0,0,0,0,0,0,0,0,0,2,71,71,0,0,0,3862,722,158,748,0,0,679,2,15,0,0,0,3
20631,com.github.mikephil.charting.listener.PieRadarChartTouchListener,169088,setGestureStartAngle/2[float,886052,Broken Hierarchy,1,235,1,0,1,0,0,0,0,0,0,0,0,0,0,0,0,0,0,0,0,0,0,0,2,0,235,0,0,0,0,0,0,1,0,1,0,0,0,0,0,2,3,0,0,3862,722,158,748,0,0,679,2,15,0,0,0,3
4042,org.springframework.boot.gradle.tasks.bundling.BootWarTests,31005,BootWarTests/0,249467,Broken Hierarchy,1,1,1,0,0,0,0,0,0,0,0,0,0,0,0,0,0,0,0,0,0,0,0,0,3,0,0,0,0,0,3,0,0,0,0,0,0,0,0,6,34,34,0,0,0,10948,1,1,1,0,0,58,265,26503,0,0,0,1
3600,org.springframework.boot.cli.compiler.DependencyManagementBomTransformation,28082,createSyntaxErrorMessage/2[java.lang.String,246544,Broken Hierarchy,1,204,6,0,1,0,0,0,0,0,0,0,0,0,0,0,0,0,0,0,0,0,0,0,5,0,204,0,0,0,0,0,0,0,0,0,0,0,0,0,0,2,3,1,0,10704,557,242,2816,0,0,447,2,26,0,0,0,1
3437,org.springframework.boot.autoconfigure.couchbase.CouchbaseAutoConfigurationTests,27100,disableSslEvenWithKeyStore/0,524108,Broken Hierarchy,1,3,1,0,7,0,0,0,0,0,0,0,0,0,0,0,0,0,0,0,0,0,0,0,6,0,0,0,0,0,3,0,1,0,0,0,0,0,0,15,110,110,0,1,0,107,1,1,1,0,0,0,0,0,0,0,0,1
14027,org.springframework.boot.autoconfigure.social.FacebookAutoConfigurationTests,103188,noFacebookBeanCreatedWhenPropertiesArentSet/0,325320,Broken Hierarchy,1,6,1,0,4,0,0,0,0,0,0,0,0,0,0,0,0,0,0,0,0,0,0,0,8,0,0,0,0,0,0,0,1,0,0,0,0,0,0,20,48,48,0,0,0,460,391,161,1611,0,0,581,3,62,0,0,0,1
773,com.squareup.okhttp.FallbackTestClientSocketFactory,13265,configureSocket/1[javax.net.ssl.SSLSocket],86168,Broken Hierarchy,1,3,2,7,0,1,2,0,1,0,1,0,0,0,0,1,1,1,0,0,0,1,0,0,32,0,0,0,0,0,1,0,1,0,0,1,0,0,1,0,0,0,0,0,0,11040,1183,280,1924,0,0,270,1,19,0,0,0,1
679,okhttp3.internal.framed.HpackDecodeInteropTest,7572,testGoodDecoderInterop/0,17825,Broken Hierarchy,1,7,3,2,3,3,3,1,3,0,0,0,0,0,0,0,0,0,0,0,0,0,0,0,21,0,0,0,0,0,1,0,0,0,0,0,0,0,0,0,0,0,0,0,0,5713,373,162,2010,0,0,57,1,14,0,0,0,1
9634,org.elasticsearch.search.internal.InternalSearchHit,56263,internalHighlightFields/0,458287,,0,1,1,0,0,0,0,0,0,0,0,0,0,0,0,0,0,0,0,0,0,0,0,0,3,0,0,0,0,0,0,0,0,0,0,0,0,0,0,4,276,276,1,0,0,107,1,1,1,0,0,0,0,0,0,0,0,0
350,okhttp3.recipes.PostString,2682,run/0,21573,,0,7,2,0,10,0,0,0,0,0,0,0,0,0,0,0,0,0,0,0,0,0,0,0,8,0,0,0,0,0,9,0,3,2,0,1,0,0,0,15,31,31,0,3,0,939,1,1,1,0,0,0,0,0,0,0,0,0
1539,org.springframework.boot.context.properties.ConfigurationPropertiesBindingPostProcessor,100793,getOptionalBean/2[java.lang.String,323287,,0,227,1,0,2,0,0,0,0,0,0,0,0,0,0,0,0,0,0,0,0,0,0,0,1,0,227,0,0,1,0,0,0,0,0,0,1,0,0,0,0,2,8,2,0,107,1,1,1,0,0,0,0,0,0,0,0,0
2956,org.springframework.boot.autoconfigure.jdbc.EmbeddedDataSourceConfiguration,24224,EmbeddedDataSourceConfiguration/1[org.springframework.boot.autoconfigure.jdbc.DataSourceProperties],631337,,0,1,1,0,0,0,0,0,0,0,0,0,0,0,0,0,0,0,0,0,0,0,0,0,3,0,0,0,0,0,0,0,1,0,0,0,0,0,0,6,47,47,0,0,1,3862,722,158,748,0,0,679,2,15,0,0,0,0
616,com.squareup.okhttp.internal.http.URLConnectionTest,6490,assertContent/2[java.lang.String,61666,,0,3073,1,0,1,0,0,0,0,0,0,0,0,0,0,0,0,0,0,0,0,0,0,0,1,0,3073,0,0,0,0,0,0,0,0,0,0,0,0,0,0,2,3,0,0,5713,373,162,2010,0,0,57,1,14,0,0,0,0
17629,org.springframework.boot.actuate.health.DiskSpaceHealthIndicatorProperties,136960,setThreshold/1[long],690696,,0,0,1,0,1,0,0,0,0,0,0,0,0,0,0,0,0,0,0,0,0,0,0,0,4,0,0,0,0,0,1,1,1,0,0,0,0,0,0,7,61,61,0,0,1,1521,367,70,315,0,0,28,1,23,0,0,0,0
468,okhttp3.CallTest,4729,head_HTTP_2/0,50378,,0,2,1,0,2,0,0,0,0,0,0,0,0,0,0,0,0,0,0,0,0,0,0,0,4,0,0,0,0,0,0,0,0,0,0,0,0,0,0,9,305,305,0,0,0,10948,1,1,1,0,0,58,265,26503,0,0,0,2
449,okhttp3.URLConnectionTest,4420,proxyAuthenticateOnConnect/0,64135,,0,9,1,0,27,0,0,0,0,0,0,0,0,0,0,0,0,0,0,0,0,0,0,0,19,0,0,0,0,1,11,1,5,1,0,0,0,0,0,40,1005,1005,0,4,0,107,1,1,1,0,0,0,0,0,0,0,0,2
836,okhttp3.internal.http2.HttpOverHttp2Test,10088,readTimeoutOnSlowConnection/0,63339,,0,6,2,0,18,0,0,0,0,0,0,0,0,0,0,0,0,0,0,0,0,0,0,0,20,0,0,0,0,0,4,6,6,0,0,1,0,0,0,57,553,553,0,5,0,3862,722,158,748,0,0,679,2,15,0,0,0,2
896,okhttp3.internal.http2.Http2ExchangeCodec,11022,readResponseHeaders/1[boolean],46926,,0,5,3,0,3,0,0,0,0,0,0,0,0,0,0,0,0,0,0,0,0,0,0,0,8,0,0,0,0,0,0,0,2,0,0,1,0,0,0,22,135,135,2,2,1,5676,106,40,1012,0,0,0,1,14,0,0,0,2
853,okhttp3.EventListenerTest,10449,failedCallEventSequence/0,64431,,0,5,2,0,14,0,0,0,0,0,0,0,0,0,0,0,0,0,0,0,0,0,0,0,13,0,0,0,0,0,15,2,2,0,0,1,0,0,0,16,150,150,0,1,0,3862,722,158,748,0,0,679,2,15,0,0,0,2
468,okhttp3.CallTest,10555,httpsWithIpAddress/0,50488,,0,17,1,0,32,0,0,0,0,0,0,0,0,0,0,0,0,0,0,0,0,0,0,0,13,0,0,0,0,1,4,1,7,1,0,0,0,0,0,29,3491,3491,0,6,0,12264,1068,259,2113,0,0,611,1,15,0,0,0,2
