id_class,name_class,id_method,name_method,version_id,smell_name,has_smell,cbo,wmc,dit,rfc,lcom,total_methods,static_methods,public_methods,private_methods,protected_methods,default_methods,abstract_methods,final_methods,synchronized_methods,total_fields,static_fields,public_fields,private_fields,protected_fields,default_fields,final_fields,synchronized_fields,nosi,loc,return_qty,loop_qty,comparison_qty,try_catch_qty,parenthesized_exps_qty,string_literals_qty,numbers_qty,assignments_qty,math_operations_qty,variables_qty,max_nested_blocks,annonymous_classes_qty,sub_classes_qty,lambdas_qty,unique_words_qty,line,start_line,returns,variables,parameters,dev_id,number_commits,active_days,number_days,number_issues,number_pull_requests,number_tests,median_files,median_lines,number_followers,number_public_repositories,number_public_gists,severity
597,com.squareup.okhttp.internal.huc.JavaApiConverter,5905,createJavaCacheResponse/1[com.squareup.okhttp.Response],15004,Complex Method,1,6,2,0,5,0,0,0,0,0,0,0,0,0,0,0,0,0,0,0,0,0,0,0,50,0,0,0,0,0,0,0,3,0,0,1,2,0,0,42,180,180,2,3,1,35,368,112,1586,0,0,666,2,12,0,0,0,3
597,com.squareup.okhttp.internal.huc.JavaApiConverter,5905,createJavaCacheResponse/1[com.squareup.okhttp.Response],15004,Complex Method,1,6,2,0,5,0,0,0,0,0,0,0,0,0,0,0,0,0,0,0,0,0,0,0,50,0,0,0,0,0,0,0,3,0,0,1,2,0,0,42,180,180,2,3,1,107,1,1,1,0,0,0,0,0,0,0,0,3
597,com.squareup.okhttp.internal.huc.JavaApiConverter,5905,createJavaCacheResponse/1[com.squareup.okhttp.Response],15004,Complex Method,1,6,2,0,5,0,0,0,0,0,0,0,0,0,0,0,0,0,0,0,0,0,0,0,50,0,0,0,0,0,0,0,3,0,0,1,2,0,0,42,180,180,2,3,1,365,11,5,15,0,0,0,2,16,0,0,0,3
597,com.squareup.okhttp.internal.huc.JavaApiConverter,5905,createJavaCacheResponse/1[com.squareup.okhttp.Response],15004,Complex Method,1,6,2,0,5,0,0,0,0,0,0,0,0,0,0,0,0,0,0,0,0,0,0,0,50,0,0,0,0,0,0,0,3,0,0,1,2,0,0,42,180,180,2,3,1,460,391,161,1611,0,0,581,3,62,0,0,0,3
597,com.squareup.okhttp.internal.huc.JavaApiConverter,5905,createJavaCacheResponse/1[com.squareup.okhttp.Response],15004,Complex Method,1,6,2,0,5,0,0,0,0,0,0,0,0,0,0,0,0,0,0,0,0,0,0,0,50,0,0,0,0,0,0,0,3,0,0,1,2,0,0,42,180,180,2,3,1,939,1,1,1,0,0,0,0,0,0,0,0,3
597,com.squareup.okhttp.internal.huc.JavaApiConverter,5905,createJavaCacheResponse/1[com.squareup.okhttp.Response],15004,Complex Method,1,6,2,0,5,0,0,0,0,0,0,0,0,0,0,0,0,0,0,0,0,0,0,0,50,0,0,0,0,0,0,0,3,0,0,1,2,0,0,42,180,180,2,3,1,1300,5,3,243,0,0,1,1,8,0,0,0,3
597,com.squareup.okhttp.internal.huc.JavaApiConverter,5905,createJavaCacheResponse/1[com.squareup.okhttp.Response],15004,Complex Method,1,6,2,0,5,0,0,0,0,0,0,0,0,0,0,0,0,0,0,0,0,0,0,0,50,0,0,0,0,0,0,0,3,0,0,1,2,0,0,42,180,180,2,3,1,1521,367,70,315,0,0,28,1,23,0,0,0,3
20572,com.github.mikephil.charting.data.ScatterDataSet,168367,getRendererForShape/1[com.github.mikephil.charting.charts.ScatterChart.ScatterShape],883159,Complex Method,1,9,8,0,0,0,0,0,0,0,0,0,0,0,0,0,0,0,0,0,0,0,0,0,19,0,0,0,0,0,0,0,0,0,0,0,0,0,0,15,136,136,8,0,1,3862,722,158,748,0,0,679,2,15,0,0,0,3
20575,com.github.mikephil.charting.data.CombinedData,168394,calcMinMax/0,883284,Complex Method,1,4,11,0,9,0,0,0,0,0,0,0,0,0,0,0,0,0,0,0,0,0,0,0,28,0,1,0,0,0,0,0,19,0,0,1,0,0,0,19,56,56,0,2,0,3862,722,158,748,0,0,679,2,15,0,0,0,3
597,com.squareup.okhttp.internal.huc.JavaApiConverter,5905,createJavaCacheResponse/1[com.squareup.okhttp.Response],15004,Complex Method,1,6,2,0,5,0,0,0,0,0,0,0,0,0,0,0,0,0,0,0,0,0,0,0,50,0,0,0,0,0,0,0,3,0,0,1,2,0,0,42,180,180,2,3,1,5676,106,40,1012,0,0,0,1,14,0,0,0,3
597,com.squareup.okhttp.internal.huc.JavaApiConverter,5905,createJavaCacheResponse/1[com.squareup.okhttp.Response],15004,Complex Method,1,6,2,0,5,0,0,0,0,0,0,0,0,0,0,0,0,0,0,0,0,0,0,0,50,0,0,0,0,0,0,0,3,0,0,1,2,0,0,42,180,180,2,3,1,5713,373,162,2010,0,0,57,1,14,0,0,0,3
597,com.squareup.okhttp.internal.huc.JavaApiConverter,5905,createJavaCacheResponse/1[com.squareup.okhttp.Response],15004,Complex Method,1,6,2,0,5,0,0,0,0,0,0,0,0,0,0,0,0,0,0,0,0,0,0,0,50,0,0,0,0,0,0,0,3,0,0,1,2,0,0,42,180,180,2,3,1,8955,2841,573,4338,0,0,4926,2,17,0,0,0,3
597,com.squareup.okhttp.internal.huc.JavaApiConverter,5905,createJavaCacheResponse/1[com.squareup.okhttp.Response],15004,Complex Method,1,6,2,0,5,0,0,0,0,0,0,0,0,0,0,0,0,0,0,0,0,0,0,0,50,0,0,0,0,0,0,0,3,0,0,1,2,0,0,42,180,180,2,3,1,10704,557,242,2816,0,0,447,2,26,0,0,0,3
597,com.squareup.okhttp.internal.huc.JavaApiConverter,5905,createJavaCacheResponse/1[com.squareup.okhttp.Response],15004,Complex Method,1,6,2,0,5,0,0,0,0,0,0,0,0,0,0,0,0,0,0,0,0,0,0,0,50,0,0,0,0,0,0,0,3,0,0,1,2,0,0,42,180,180,2,3,1,11040,1183,280,1924,0,0,270,1,19,0,0,0,3
597,com.squareup.okhttp.internal.huc.JavaApiConverter,5905,createJavaCacheResponse/1[com.squareup.okhttp.Response],15004,Complex Method,1,6,2,0,5,0,0,0,0,0,0,0,0,0,0,0,0,0,0,0,0,0,0,0,50,0,0,0,0,0,0,0,3,0,0,1,2,0,0,42,180,180,2,3,1,11431,1074,133,243,0,0,654,1,12,0,0,0,3
597,com.squareup.okhttp.internal.huc.JavaApiConverter,5905,createJavaCacheResponse/1[com.squareup.okhttp.Response],15004,Complex Method,1,6,2,0,5,0,0,0,0,0,0,0,0,0,0,0,0,0,0,0,0,0,0,0,50,0,0,0,0,0,0,0,3,0,0,1,2,0,0,42,180,180,2,3,1,12264,1068,259,2113,0,0,611,1,15,0,0,0,3
597,com.squareup.okhttp.internal.huc.JavaApiConverter,5905,createJavaCacheResponse/1[com.squareup.okhttp.Response],15004,Complex Method,1,6,2,0,5,0,0,0,0,0,0,0,0,0,0,0,0,0,0,0,0,0,0,0,50,0,0,0,0,0,0,0,3,0,0,1,2,0,0,42,180,180,2,3,1,12405,5,3,4,0,0,0,1,1,0,0,0,3
597,com.squareup.okhttp.internal.huc.JavaApiConverter,5905,createJavaCacheResponse/1[com.squareup.okhttp.Response],15004,Complex Method,1,6,2,0,5,0,0,0,0,0,0,0,0,0,0,0,0,0,0,0,0,0,0,0,50,0,0,0,0,0,0,0,3,0,0,1,2,0,0,42,180,180,2,3,1,12726,168,51,4704,0,0,11,1,2,0,0,0,3
997,com.squareup.okhttp.internal.framed.MockSpdyPeer,12816,readAndWriteFrames/0,85323,Complex Method,1,5,10,0,15,0,0,0,0,0,0,0,0,0,0,0,0,0,0,0,0,0,0,0,45,0,1,0,0,1,0,1,17,1,0,3,0,0,0,32,134,134,1,12,0,939,1,1,1,0,0,0,0,0,0,0,0,1
285,okhttp3.internal.tls.DistinguishedNameParser,1979,nextAT/0,11078,Complex Method,1,0,18,0,0,0,0,0,0,0,0,0,0,0,0,0,0,0,0,0,0,0,0,0,29,0,4,0,0,5,2,7,3,9,0,2,0,0,0,13,47,47,2,0,0,7628,1,1,1,0,0,0,2,214,0,0,0,1
1028,com.squareup.okhttp.internal.okio.OkBuffer,13562,equals/1[java.lang.Object],126162,Complex Method,1,2,9,0,1,0,0,0,0,0,0,0,0,0,0,0,0,0,0,0,0,0,0,0,25,0,2,0,0,1,0,3,13,2,0,2,0,0,0,17,602,602,5,8,1,460,391,161,1611,0,0,581,3,62,0,0,0,1
3165,org.springframework.boot.autoconfigure.AutoConfigurationImportSelector,25296,filter/2[java.util.List<java.lang.String>,243758,Complex Method,1,255,4,0,8,0,0,0,0,0,0,0,0,0,0,0,0,0,0,0,0,0,0,0,10,0,255,0,0,0,0,3,2,11,0,3,3,0,0,0,0,2,30,2,9,3862,722,158,748,0,0,679,2,15,0,0,0,1
678,okhttp3.internal.tls.BasicCertificateChainCleaner,7542,BasicCertificateChainCleaner/1[okhttp3.internal.tls.TrustRootIndex],17149,Complex Method,1,1,1,0,0,0,0,0,0,0,0,0,0,0,0,0,0,0,0,0,0,0,0,0,3,0,0,0,0,0,0,0,1,0,0,0,0,0,0,8,43,43,0,0,1,9695,25,18,296,0,0,120,1,2,0,0,0,1
241,okhttp3.internal.DiskLruCache,1565,readJournalLine/1[java.lang.String],10664,Complex Method,1,2,15,0,11,0,0,0,0,0,0,0,0,0,0,0,0,0,0,0,0,0,0,0,38,0,0,0,0,0,3,7,11,4,0,2,0,0,0,30,307,307,1,6,1,7678,4381,907,2061,0,0,2825,1,13,0,0,0,1
3165,org.springframework.boot.autoconfigure.AutoConfigurationImportSelector,25296,filter/2[java.util.List<java.lang.String>,243758,Complex Method,1,255,4,0,8,0,0,0,0,0,0,0,0,0,0,0,0,0,0,0,0,0,0,0,10,0,255,0,0,0,0,3,2,11,0,3,3,0,0,0,0,2,30,2,9,8955,2841,573,4338,0,0,4926,2,17,0,0,0,1
220,okhttp3.internal.framed.FramedServer,1360,contentType/1[java.io.File],10459,Complex Method,1,0,8,0,2,0,0,0,0,0,0,0,0,0,0,0,0,0,0,0,0,0,0,0,10,0,0,0,0,0,15,0,0,0,0,0,0,0,0,4,167,167,8,0,1,11431,1074,133,243,0,0,654,1,12,0,0,0,1
597,com.squareup.okhttp.internal.huc.JavaApiConverter,5905,createJavaCacheResponse/1[com.squareup.okhttp.Response],15004,Complex Method,1,6,2,0,5,0,0,0,0,0,0,0,0,0,0,0,0,0,0,0,0,0,0,0,50,0,0,0,0,0,0,0,3,0,0,1,2,0,0,42,180,180,2,3,1,107,1,1,1,0,0,0,0,0,0,0,0,1
534,com.squareup.okhttp.internal.spdy.SpdyConnection,5451,close/0,14550,Complex Method,1,1,1,0,1,0,0,0,0,0,0,0,0,0,0,0,0,0,0,0,0,0,0,0,3,0,0,0,0,0,0,0,0,0,0,0,0,0,0,22,440,440,0,0,0,1300,5,3,243,0,0,1,1,8,0,0,0,1
664,okhttp3.internal.http.CallServerInterceptor,7428,CallServerInterceptor/1[boolean],29812,Complex Method,1,16,16,2,44,0,2,0,2,0,0,0,0,0,0,1,0,0,1,0,0,1,0,0,104,0,0,0,0,1,8,5,20,1,0,13,2,0,1,0,0,0,0,0,0,11431,1074,133,243,0,0,654,1,12,0,0,0,1
17563,org.springframework.boot.actuate.metrics.reader.MetricRegistryMetricReader,136549,findOne/1[java.lang.String],466397,Complex Method,1,9,8,0,10,0,0,0,0,0,0,0,0,0,0,0,0,0,0,0,0,0,0,0,28,0,0,0,0,1,2,0,6,0,0,3,0,0,0,15,76,76,6,5,1,9695,25,18,296,0,0,120,1,2,0,0,0,1
298,okhttp3.CertificatePinner,2103,check/2[java.lang.String,17257,Complex Method,1,7,25,1,29,16,8,3,3,1,0,0,0,0,0,3,1,1,2,0,0,3,0,0,152,0,5,0,0,1,11,4,24,1,0,20,3,0,2,0,0,0,0,0,0,365,11,5,15,0,0,0,2,16,0,0,0,1
3638,org.springframework.boot.cli.command.core.HelpCommand,28336,run/1[java.lang.String],246798,Complex Method,1,11,18,2,13,9,6,0,5,1,0,0,0,0,0,1,0,0,1,0,0,1,0,0,90,0,3,0,0,1,16,3,4,4,0,4,4,1,0,0,0,0,0,0,0,365,11,5,15,0,0,0,2,16,0,0,0,1
382,okhttp3.internal.ws.RealWebSocket,9465,writeOneFrame/0,29501,Complex Method,1,9,10,0,13,0,0,0,0,0,0,0,0,0,0,0,0,0,0,0,0,0,0,0,61,0,0,0,0,3,0,2,16,0,0,4,0,0,0,110,456,456,3,9,0,12726,168,51,4704,0,0,11,1,2,0,0,0,1
2753,org.springframework.boot.autoconfigure.batch.JobLauncherCommandLineRunner,102933,getNextJobParameters/2[Job,324726,Complex Method,1,126,8,0,11,0,0,0,0,0,0,0,0,0,0,0,0,0,0,0,0,0,0,0,16,0,126,0,0,0,0,0,4,13,0,0,4,0,0,0,0,2,38,1,8,107,1,1,1,0,0,0,0,0,0,0,0,1
931,com.squareup.okhttp.internal.StrictLineReader,11577,readLine/0,50926,Complex Method,1,2,22,1,9,0,6,0,5,1,0,0,0,0,0,7,2,0,7,0,0,4,0,0,101,0,3,0,0,2,5,11,18,10,0,14,5,1,0,0,0,0,0,0,0,1300,5,3,243,0,0,1,1,8,0,0,0,1
4066,org.springframework.boot.loader.tools.MainClassFinder,31118,doWithMainClasses/2[java.io.File,249580,Complex Method,1,11,33,2,41,85,14,14,6,6,0,0,0,0,0,6,6,0,6,0,0,6,0,0,291,0,4,0,0,1,7,1,30,3,0,25,5,0,5,0,0,0,0,0,0,8955,2841,573,4338,0,0,4926,2,17,0,0,0,1
1686,org.springframework.boot.jta.atomikos.AtomikosProperties,17273,setMaxActives/1[int],781941,,0,0,1,0,0,0,0,0,0,0,0,0,0,0,0,0,0,0,0,0,0,0,0,0,3,0,0,0,0,0,0,0,1,0,0,0,0,0,0,37,166,166,0,0,1,365,11,5,15,0,0,0,2,16,0,0,0,0
79,butterknife.compiler.FieldCollectionViewBinding,339,render/1[boolean],6044,,0,7,11,0,9,0,0,0,0,0,0,0,0,0,0,0,0,0,0,0,0,0,0,0,37,0,1,0,0,1,14,2,6,0,0,4,0,0,0,16,38,38,1,5,1,35,368,112,1586,0,0,666,2,12,0,0,0,0
230,okhttp3.MediaType,1478,MediaType/4[java.lang.String,51921,,0,0,0,0,40,0,0,0,0,0,0,0,0,0,0,0,0,0,0,0,0,0,0,0,1,0,0,0,0,0,0,0,0,0,0,0,4,0,0,0,0,0,1,0,6,11431,1074,133,243,0,0,654,1,12,0,0,0,0
510,com.squareup.okhttp.internal.http.HttpTransport,5261,writeRequestBody/1[com.squareup.okhttp.internal.http.RetryableSink],115154,,0,2,1,0,1,0,0,0,0,0,0,0,0,0,0,0,0,0,0,0,0,0,0,0,3,0,0,0,0,0,0,0,0,0,0,0,0,0,0,9,55,55,0,0,1,10948,1,1,1,0,0,58,265,26503,0,0,0,0
8067,org.springframework.core.convert.support.GenericConversionServiceTests,65289,conditionalConverterFactory/0,283751,,0,4,1,0,7,0,0,0,0,0,0,0,0,0,0,0,0,0,0,0,0,0,0,0,9,0,0,0,0,0,1,2,2,0,0,0,0,0,0,15,671,671,0,2,0,1521,367,70,315,0,0,28,1,23,0,0,0,0
13735,org.springframework.boot.bind.RelaxedDataBinder,137561,setNameAliases/1[java.util.Map<java.lang.String,978938,,0,118,1,0,1,0,0,0,0,0,0,0,0,0,0,0,0,0,0,0,0,0,0,0,0,0,118,0,0,0,0,0,0,1,0,0,0,0,0,0,0,1,3,0,0,3862,722,158,748,0,0,679,2,15,0,0,0,0
23045,org.mockito.internal.matchers.apachecommons.EqualsBuilder,197885,append/2[float,1589189,,0,477,1,0,2,0,0,0,0,0,0,0,0,0,0,0,0,0,0,0,0,0,0,0,2,0,477,0,0,0,0,0,0,0,0,0,1,0,0,0,0,2,6,2,0,3862,722,158,748,0,0,679,2,15,0,0,0,0
11344,org.elasticsearch.index.search.geo.GeoHashUtilsTests,67605,testDecodePreciseLongitudeLatitude/0,286067,,0,3,1,0,5,0,0,0,0,0,0,0,0,0,0,0,0,0,0,0,0,0,0,0,6,0,0,0,0,0,0,6,2,0,0,0,0,0,0,25,54,54,0,2,0,35,368,112,1586,0,0,666,2,12,0,0,0,0
879,okhttp3.dnsoverhttps.DnsOverHttpsTest,10771,getIpv6/0,159077,,0,16,14,1,36,0,10,1,7,3,0,0,0,0,0,3,0,1,2,0,0,3,0,0,135,0,0,0,0,0,47,6,18,12,0,17,1,0,0,0,0,0,0,0,0,3862,722,158,748,0,0,679,2,15,0,0,0,0
681,okhttp3.internal.framed.hpackjson.Story,7578,clone/0,193951,,0,2,2,0,2,0,0,0,0,0,0,0,0,0,0,0,0,0,0,0,0,0,0,0,11,0,1,0,0,0,0,0,5,0,0,1,0,0,0,12,49,49,1,1,0,460,391,161,1611,0,0,581,3,62,0,0,0,0
1323,org.springframework.boot.actuate.health.DefaultReactiveHealthIndicatorRegistry,15294,getAll/0,328525,,0,1,1,0,1,0,0,0,0,0,0,0,0,0,0,0,0,0,0,0,0,0,0,0,5,0,0,0,0,0,0,0,0,0,0,1,0,0,0,2,89,89,1,0,0,365,11,5,15,0,0,0,2,16,0,0,0,0
495,com.squareup.okhttp.internal.DiskLruCache,5106,getDirectory/0,114972,,0,0,1,0,0,0,0,0,0,0,0,0,0,0,0,0,0,0,0,0,0,0,0,0,3,0,0,0,0,0,0,0,0,0,0,0,0,0,0,10,481,481,1,0,0,1300,5,3,243,0,0,1,1,8,0,0,0,0
399,okhttp3.UrlConnectionCacheTest,3146,requestMaxStale/0,120017,,0,6,1,0,11,0,0,0,0,0,0,0,0,0,0,0,0,0,0,0,0,0,0,0,9,0,0,0,0,0,12,1,1,1,0,0,0,0,0,22,904,904,0,1,0,1521,367,70,315,0,0,28,1,23,0,0,0,0
13948,org.springframework.boot.actuate.endpoint.mvc.HealthMvcEndpointTests,159444,customRoleFromListShouldNotExposeDetailsForDefaultRole/0,732373,,0,5,1,0,14,0,0,0,0,0,0,0,0,0,0,0,0,0,0,0,0,0,0,0,8,0,0,0,0,2,5,0,2,0,0,0,0,0,0,18,211,211,0,1,0,3862,722,158,748,0,0,679,2,15,0,0,0,0
2072,org.springframework.boot.web.reactive.result.view.MustacheViewResolverTests,20259,resolveExisting/0,238721,,0,1,1,0,4,0,0,0,0,0,0,0,0,0,0,0,0,0,0,0,0,0,0,0,3,0,0,0,0,0,1,0,0,0,0,0,0,0,0,4,53,53,0,0,0,35,368,112,1586,0,0,666,2,12,0,0,0,0
938,com.squareup.okhttp.internal.http.HttpResponseCacheTest,11802,requestMethodPostIsNotCached/0,154024,,0,2,1,0,1,0,0,0,0,0,0,0,0,0,0,0,0,0,0,0,0,0,0,0,3,0,0,0,0,0,1,0,0,0,0,0,0,0,0,9,732,732,0,0,0,1300,5,3,243,0,0,1,1,8,0,0,0,0
23436,org.mockito.internal.invocation.MatcherApplicationStrategyTest,200256,shouldAllowAnyObjectWithMixedVarargs/0,1385250,,0,4,1,0,5,0,0,0,0,0,0,0,0,0,0,0,0,0,0,0,0,0,0,0,6,0,0,0,0,0,2,2,3,0,0,0,0,0,0,23,139,139,0,1,0,3862,722,158,748,0,0,679,2,15,0,0,0,0
3526,org.springframework.boot.autoconfigure.AutoConfigurationImportSelectorIntegrationTests,27688,multipleSelectorsWithRedundantImportsShouldMergeAndSortCorrectly/0,793029,,0,9,7,1,8,0,5,0,4,1,0,0,0,0,0,1,0,0,1,0,0,1,0,0,77,0,1,0,0,0,1,1,5,1,0,5,2,0,8,4,0,0,0,0,0,365,11,5,15,0,0,0,2,16,0,0,0,0
468,okhttp3.CallTest,7958,httpProxyAuthenticate/0,50337,,0,12,1,0,21,0,0,0,0,0,0,0,0,0,0,0,0,0,0,0,0,0,0,0,14,0,0,0,0,0,11,1,5,0,0,0,0,0,0,31,2931,2931,0,4,0,12726,168,51,4704,0,0,11,1,2,0,0,0,2
468,okhttp3.CallTest,10525,maxUnavailableTimeoutRetries/0,50360,,0,9,1,0,16,0,0,0,0,0,0,0,0,0,0,0,0,0,0,0,0,0,0,0,9,0,0,0,0,0,12,4,2,0,0,0,0,0,0,16,1826,1826,0,2,0,12726,168,51,4704,0,0,11,1,2,0,0,0,2
449,okhttp3.URLConnectionTest,4319,connectViaHttpProxyToHttpsUsingBadProxyAndHttpResponseCache/0,64142,,0,7,1,0,24,0,0,0,0,0,0,0,0,0,0,0,0,0,0,0,0,0,0,0,13,0,0,0,0,0,7,0,4,0,0,0,0,0,0,50,926,926,0,3,0,10704,557,242,2816,0,0,447,2,26,0,0,0,2
382,okhttp3.internal.ws.RealWebSocket,11013,checkUpgradeSuccess/2[okhttp3.Response,46876,,0,221,3,0,6,0,0,0,0,0,0,0,0,0,0,0,0,0,0,0,0,0,0,0,8,0,221,0,0,0,0,16,1,4,0,5,1,0,0,0,0,2,21,0,4,1300,5,3,243,0,0,1,1,8,0,0,0,2
468,okhttp3.CallTest,10535,responseHeaderNameWithTabPermitted/0,50333,,0,7,1,0,12,0,0,0,0,0,0,0,0,0,0,0,0,0,0,0,0,0,0,0,6,0,0,0,0,0,6,0,2,0,0,0,0,0,0,13,3235,3235,0,2,0,939,1,1,1,0,0,0,0,0,0,0,0,2
836,okhttp3.internal.http2.HttpOverHttp2Test,10051,recoverFromOneRefusedStreamReusesConnection/0,63316,,0,5,1,0,15,0,0,0,0,0,0,0,0,0,0,0,0,0,0,0,0,0,0,0,9,0,0,0,0,0,3,2,2,0,0,0,0,0,0,15,786,786,0,2,0,11040,1183,280,1924,0,0,270,1,19,0,0,0,2
236,okhttp3.RealCall,7331,redactedUrl/0,46805,,0,2,1,0,2,0,0,0,0,0,0,0,0,0,0,0,0,0,0,0,0,0,0,0,3,0,0,0,0,0,0,0,0,0,0,0,0,0,0,2,198,198,1,0,0,10704,557,242,2816,0,0,447,2,26,0,0,0,2
449,okhttp3.URLConnectionTest,4359,pooledConnectionProblemsNotReportedToProxySelector/0,64176,,0,2,1,0,1,0,0,0,0,0,0,0,0,0,0,0,0,0,0,0,0,0,0,0,3,0,0,0,0,0,1,0,0,0,0,0,0,0,0,9,3187,3187,0,0,0,10948,1,1,1,0,0,58,265,26503,0,0,0,2
468,okhttp3.CallTest,4775,asyncResponseCanBeConsumedLater/0,64762,,0,8,1,0,17,0,0,0,0,0,0,0,0,0,0,0,0,0,0,0,0,0,0,0,27,0,0,0,0,0,8,3,3,0,0,0,1,0,0,26,2614,2614,0,3,0,3862,722,158,748,0,0,679,2,15,0,0,0,2
858,okhttp3.logging.LoggingEventListenerTest,10637,request/0,47789,,0,1,1,0,1,0,0,0,0,0,0,0,0,0,0,0,0,0,0,0,0,0,0,0,3,0,0,0,0,0,0,0,0,0,0,0,0,0,0,2,218,218,1,0,0,12405,5,3,4,0,0,0,1,1,0,0,0,2
853,okhttp3.EventListenerTest,10464,requestBodyFailHttp2OverHttps/0,64442,,0,2,1,0,5,0,0,0,0,0,0,0,0,0,0,0,0,0,0,0,0,0,0,0,6,0,0,0,0,0,0,0,0,0,0,0,0,0,0,13,961,961,0,0,0,9695,25,18,296,0,0,120,1,2,0,0,0,2
449,okhttp3.URLConnectionTest,4215,gzipAndConnectionReuseWithChunkedEncoding/0,64227,,0,2,1,0,1,0,0,0,0,0,0,0,0,0,0,0,0,0,0,0,0,0,0,0,3,0,0,0,0,0,0,0,0,0,0,0,0,0,0,13,1349,1349,0,0,0,5676,106,40,1012,0,0,0,1,14,0,0,0,2
853,okhttp3.EventListenerTest,10445,emptyResponseBody/0,64399,,0,6,1,0,13,0,0,0,0,0,0,0,0,0,0,0,0,0,0,0,0,0,0,0,7,0,0,0,0,0,16,1,2,0,0,0,0,0,0,12,901,901,0,2,0,460,391,161,1611,0,0,581,3,62,0,0,0,2
836,okhttp3.internal.http2.HttpOverHttp2Test,12139,shutdownAfterLateCoalescing/0,63322,,0,4,1,0,7,0,0,0,0,0,0,0,0,0,0,0,0,0,0,0,0,0,0,0,29,0,0,0,0,0,2,1,3,0,0,0,2,0,0,30,1573,1573,0,2,0,1521,367,70,315,0,0,28,1,23,0,0,0,2
4071,org.springframework.boot.loader.tools.FileUtils,31143,bytesToHex/1[byte[]],249605,,0,1,2,0,3,0,0,0,0,0,0,0,0,0,0,0,0,0,0,0,0,0,0,0,7,0,1,0,0,0,1,0,1,0,0,1,0,0,0,7,81,81,1,1,1,107,1,1,1,0,0,0,0,0,0,0,0,2
468,okhttp3.CallTest,4674,http204WithBodyDisallowed/0,64765,,0,4,1,0,5,0,0,0,0,0,0,0,0,0,0,0,0,0,0,0,0,0,0,0,4,0,0,0,0,0,3,1,0,0,0,0,0,0,0,21,2221,2221,0,0,0,12405,5,3,4,0,0,0,1,1,0,0,0,2
468,okhttp3.CallTest,4720,timeoutsUpdatedOnReusedConnections/0,64816,,0,7,2,0,21,0,0,0,0,0,0,0,0,0,0,0,0,0,0,0,0,0,0,0,24,0,0,0,0,0,5,5,8,1,0,1,0,0,0,27,835,835,0,6,0,7628,1,1,1,0,0,0,2,214,0,0,0,2
468,okhttp3.CallTest,4829,responseHeaderParsingIsLenient/0,50296,,0,7,1,0,7,0,0,0,0,0,0,0,0,0,0,0,0,0,0,0,0,0,0,0,5,0,0,0,0,0,12,0,1,0,0,0,0,0,0,28,2774,2774,0,1,0,12264,1068,259,2113,0,0,611,1,15,0,0,0,2
