id_class,name_class,id_method,name_method,version_id,smell_name,has_smell,cbo,wmc,dit,rfc,lcom,total_methods,static_methods,public_methods,private_methods,protected_methods,default_methods,abstract_methods,final_methods,synchronized_methods,total_fields,static_fields,public_fields,private_fields,protected_fields,default_fields,final_fields,synchronized_fields,nosi,loc,return_qty,loop_qty,comparison_qty,try_catch_qty,parenthesized_exps_qty,string_literals_qty,numbers_qty,assignments_qty,math_operations_qty,variables_qty,max_nested_blocks,annonymous_classes_qty,sub_classes_qty,lambdas_qty,unique_words_qty,line,start_line,returns,variables,parameters,dev_id,number_commits,active_days,number_days,number_issues,number_pull_requests,number_tests,median_files,median_lines,number_followers,number_public_repositories,number_public_gists,severity
255,okhttp3.internal.http.HttpEngine,1684,readNetworkResponse/0,10783,Cyclic-Dependent Modularization,1,6,4,0,18,0,0,0,0,0,0,0,0,0,0,0,0,0,0,0,0,0,0,0,11,0,0,0,0,0,4,0,2,0,0,1,0,0,0,13,720,720,1,1,0,35,368,112,1586,0,0,666,2,12,0,0,0,3
496,com.squareup.okhttp.internal.http.OkHeaders,5120,processAuthHeader/3[com.squareup.okhttp.Authenticator,14219,Cyclic-Dependent Modularization,1,0,259,0,3,0,0,0,0,0,0,0,0,0,0,0,0,0,0,0,0,0,0,0,2,0,3,0,0,1,0,0,0,0,0,0,0,0,0,0,0,0,3,3,1,35,368,112,1586,0,0,666,2,12,0,0,0,3
506,com.squareup.okhttp.internal.http.HttpEngine,5210,writingRequestHeaders/0,14309,Cyclic-Dependent Modularization,1,0,2,0,1,0,0,0,0,0,0,0,0,0,0,0,0,0,0,0,0,0,0,0,4,0,0,0,0,0,0,1,1,0,0,0,0,0,0,26,322,322,0,0,0,35,368,112,1586,0,0,666,2,12,0,0,0,3
597,com.squareup.okhttp.internal.huc.JavaApiConverter,5905,createJavaCacheResponse/1[com.squareup.okhttp.Response],15004,Cyclic-Dependent Modularization,1,6,2,0,5,0,0,0,0,0,0,0,0,0,0,0,0,0,0,0,0,0,0,0,50,0,0,0,0,0,0,0,3,0,0,1,2,0,0,42,180,180,2,3,1,35,368,112,1586,0,0,666,2,12,0,0,0,3
255,okhttp3.internal.http.HttpEngine,1684,readNetworkResponse/0,10783,Cyclic-Dependent Modularization,1,6,4,0,18,0,0,0,0,0,0,0,0,0,0,0,0,0,0,0,0,0,0,0,11,0,0,0,0,0,4,0,2,0,0,1,0,0,0,13,720,720,1,1,0,107,1,1,1,0,0,0,0,0,0,0,0,3
496,com.squareup.okhttp.internal.http.OkHeaders,5120,processAuthHeader/3[com.squareup.okhttp.Authenticator,14219,Cyclic-Dependent Modularization,1,0,259,0,3,0,0,0,0,0,0,0,0,0,0,0,0,0,0,0,0,0,0,0,2,0,3,0,0,1,0,0,0,0,0,0,0,0,0,0,0,0,3,3,1,107,1,1,1,0,0,0,0,0,0,0,0,3
506,com.squareup.okhttp.internal.http.HttpEngine,5210,writingRequestHeaders/0,14309,Cyclic-Dependent Modularization,1,0,2,0,1,0,0,0,0,0,0,0,0,0,0,0,0,0,0,0,0,0,0,0,4,0,0,0,0,0,0,1,1,0,0,0,0,0,0,26,322,322,0,0,0,107,1,1,1,0,0,0,0,0,0,0,0,3
597,com.squareup.okhttp.internal.huc.JavaApiConverter,5905,createJavaCacheResponse/1[com.squareup.okhttp.Response],15004,Cyclic-Dependent Modularization,1,6,2,0,5,0,0,0,0,0,0,0,0,0,0,0,0,0,0,0,0,0,0,0,50,0,0,0,0,0,0,0,3,0,0,1,2,0,0,42,180,180,2,3,1,107,1,1,1,0,0,0,0,0,0,0,0,3
6690,sample.jooq.domain.DefaultCatalog,34266,getSchemas/0,252728,Cyclic-Dependent Modularization,1,2,1,0,2,0,0,0,0,0,0,0,0,0,0,0,0,0,0,0,0,0,0,0,5,0,0,0,0,0,0,0,1,0,0,0,0,0,0,6,43,43,1,1,0,35,368,112,1586,0,0,666,2,12,0,0,0,3
6690,sample.jooq.domain.DefaultCatalog,34266,getSchemas/0,252728,Cyclic-Dependent Modularization,1,2,1,0,2,0,0,0,0,0,0,0,0,0,0,0,0,0,0,0,0,0,0,0,5,0,0,0,0,0,0,0,1,0,0,0,0,0,0,6,43,43,1,1,0,107,1,1,1,0,0,0,0,0,0,0,0,3
255,okhttp3.internal.http.HttpEngine,1684,readNetworkResponse/0,10783,Cyclic-Dependent Modularization,1,6,4,0,18,0,0,0,0,0,0,0,0,0,0,0,0,0,0,0,0,0,0,0,11,0,0,0,0,0,4,0,2,0,0,1,0,0,0,13,720,720,1,1,0,365,11,5,15,0,0,0,2,16,0,0,0,3
496,com.squareup.okhttp.internal.http.OkHeaders,5120,processAuthHeader/3[com.squareup.okhttp.Authenticator,14219,Cyclic-Dependent Modularization,1,0,259,0,3,0,0,0,0,0,0,0,0,0,0,0,0,0,0,0,0,0,0,0,2,0,3,0,0,1,0,0,0,0,0,0,0,0,0,0,0,0,3,3,1,365,11,5,15,0,0,0,2,16,0,0,0,3
506,com.squareup.okhttp.internal.http.HttpEngine,5210,writingRequestHeaders/0,14309,Cyclic-Dependent Modularization,1,0,2,0,1,0,0,0,0,0,0,0,0,0,0,0,0,0,0,0,0,0,0,0,4,0,0,0,0,0,0,1,1,0,0,0,0,0,0,26,322,322,0,0,0,365,11,5,15,0,0,0,2,16,0,0,0,3
597,com.squareup.okhttp.internal.huc.JavaApiConverter,5905,createJavaCacheResponse/1[com.squareup.okhttp.Response],15004,Cyclic-Dependent Modularization,1,6,2,0,5,0,0,0,0,0,0,0,0,0,0,0,0,0,0,0,0,0,0,0,50,0,0,0,0,0,0,0,3,0,0,1,2,0,0,42,180,180,2,3,1,365,11,5,15,0,0,0,2,16,0,0,0,3
255,okhttp3.internal.http.HttpEngine,1684,readNetworkResponse/0,10783,Cyclic-Dependent Modularization,1,6,4,0,18,0,0,0,0,0,0,0,0,0,0,0,0,0,0,0,0,0,0,0,11,0,0,0,0,0,4,0,2,0,0,1,0,0,0,13,720,720,1,1,0,460,391,161,1611,0,0,581,3,62,0,0,0,3
496,com.squareup.okhttp.internal.http.OkHeaders,5120,processAuthHeader/3[com.squareup.okhttp.Authenticator,14219,Cyclic-Dependent Modularization,1,0,259,0,3,0,0,0,0,0,0,0,0,0,0,0,0,0,0,0,0,0,0,0,2,0,3,0,0,1,0,0,0,0,0,0,0,0,0,0,0,0,3,3,1,460,391,161,1611,0,0,581,3,62,0,0,0,3
506,com.squareup.okhttp.internal.http.HttpEngine,5210,writingRequestHeaders/0,14309,Cyclic-Dependent Modularization,1,0,2,0,1,0,0,0,0,0,0,0,0,0,0,0,0,0,0,0,0,0,0,0,4,0,0,0,0,0,0,1,1,0,0,0,0,0,0,26,322,322,0,0,0,460,391,161,1611,0,0,581,3,62,0,0,0,3
597,com.squareup.okhttp.internal.huc.JavaApiConverter,5905,createJavaCacheResponse/1[com.squareup.okhttp.Response],15004,Cyclic-Dependent Modularization,1,6,2,0,5,0,0,0,0,0,0,0,0,0,0,0,0,0,0,0,0,0,0,0,50,0,0,0,0,0,0,0,3,0,0,1,2,0,0,42,180,180,2,3,1,460,391,161,1611,0,0,581,3,62,0,0,0,3
6690,sample.jooq.domain.DefaultCatalog,34266,getSchemas/0,252728,Cyclic-Dependent Modularization,1,2,1,0,2,0,0,0,0,0,0,0,0,0,0,0,0,0,0,0,0,0,0,0,5,0,0,0,0,0,0,0,1,0,0,0,0,0,0,6,43,43,1,1,0,365,11,5,15,0,0,0,2,16,0,0,0,3
6690,sample.jooq.domain.DefaultCatalog,34266,getSchemas/0,252728,Cyclic-Dependent Modularization,1,2,1,0,2,0,0,0,0,0,0,0,0,0,0,0,0,0,0,0,0,0,0,0,5,0,0,0,0,0,0,0,1,0,0,0,0,0,0,6,43,43,1,1,0,460,391,161,1611,0,0,581,3,62,0,0,0,3
255,okhttp3.internal.http.HttpEngine,1684,readNetworkResponse/0,10783,Cyclic-Dependent Modularization,1,6,4,0,18,0,0,0,0,0,0,0,0,0,0,0,0,0,0,0,0,0,0,0,11,0,0,0,0,0,4,0,2,0,0,1,0,0,0,13,720,720,1,1,0,939,1,1,1,0,0,0,0,0,0,0,0,3
496,com.squareup.okhttp.internal.http.OkHeaders,5120,processAuthHeader/3[com.squareup.okhttp.Authenticator,14219,Cyclic-Dependent Modularization,1,0,259,0,3,0,0,0,0,0,0,0,0,0,0,0,0,0,0,0,0,0,0,0,2,0,3,0,0,1,0,0,0,0,0,0,0,0,0,0,0,0,3,3,1,939,1,1,1,0,0,0,0,0,0,0,0,3
506,com.squareup.okhttp.internal.http.HttpEngine,5210,writingRequestHeaders/0,14309,Cyclic-Dependent Modularization,1,0,2,0,1,0,0,0,0,0,0,0,0,0,0,0,0,0,0,0,0,0,0,0,4,0,0,0,0,0,0,1,1,0,0,0,0,0,0,26,322,322,0,0,0,939,1,1,1,0,0,0,0,0,0,0,0,3
597,com.squareup.okhttp.internal.huc.JavaApiConverter,5905,createJavaCacheResponse/1[com.squareup.okhttp.Response],15004,Cyclic-Dependent Modularization,1,6,2,0,5,0,0,0,0,0,0,0,0,0,0,0,0,0,0,0,0,0,0,0,50,0,0,0,0,0,0,0,3,0,0,1,2,0,0,42,180,180,2,3,1,939,1,1,1,0,0,0,0,0,0,0,0,3
255,okhttp3.internal.http.HttpEngine,1684,readNetworkResponse/0,10783,Cyclic-Dependent Modularization,1,6,4,0,18,0,0,0,0,0,0,0,0,0,0,0,0,0,0,0,0,0,0,0,11,0,0,0,0,0,4,0,2,0,0,1,0,0,0,13,720,720,1,1,0,1300,5,3,243,0,0,1,1,8,0,0,0,3
496,com.squareup.okhttp.internal.http.OkHeaders,5120,processAuthHeader/3[com.squareup.okhttp.Authenticator,14219,Cyclic-Dependent Modularization,1,0,259,0,3,0,0,0,0,0,0,0,0,0,0,0,0,0,0,0,0,0,0,0,2,0,3,0,0,1,0,0,0,0,0,0,0,0,0,0,0,0,3,3,1,1300,5,3,243,0,0,1,1,8,0,0,0,3
506,com.squareup.okhttp.internal.http.HttpEngine,5210,writingRequestHeaders/0,14309,Cyclic-Dependent Modularization,1,0,2,0,1,0,0,0,0,0,0,0,0,0,0,0,0,0,0,0,0,0,0,0,4,0,0,0,0,0,0,1,1,0,0,0,0,0,0,26,322,322,0,0,0,1300,5,3,243,0,0,1,1,8,0,0,0,3
597,com.squareup.okhttp.internal.huc.JavaApiConverter,5905,createJavaCacheResponse/1[com.squareup.okhttp.Response],15004,Cyclic-Dependent Modularization,1,6,2,0,5,0,0,0,0,0,0,0,0,0,0,0,0,0,0,0,0,0,0,0,50,0,0,0,0,0,0,0,3,0,0,1,2,0,0,42,180,180,2,3,1,1300,5,3,243,0,0,1,1,8,0,0,0,3
255,okhttp3.internal.http.HttpEngine,1684,readNetworkResponse/0,10783,Cyclic-Dependent Modularization,1,6,4,0,18,0,0,0,0,0,0,0,0,0,0,0,0,0,0,0,0,0,0,0,11,0,0,0,0,0,4,0,2,0,0,1,0,0,0,13,720,720,1,1,0,1521,367,70,315,0,0,28,1,23,0,0,0,3
496,com.squareup.okhttp.internal.http.OkHeaders,5120,processAuthHeader/3[com.squareup.okhttp.Authenticator,14219,Cyclic-Dependent Modularization,1,0,259,0,3,0,0,0,0,0,0,0,0,0,0,0,0,0,0,0,0,0,0,0,2,0,3,0,0,1,0,0,0,0,0,0,0,0,0,0,0,0,3,3,1,1521,367,70,315,0,0,28,1,23,0,0,0,3
506,com.squareup.okhttp.internal.http.HttpEngine,5210,writingRequestHeaders/0,14309,Cyclic-Dependent Modularization,1,0,2,0,1,0,0,0,0,0,0,0,0,0,0,0,0,0,0,0,0,0,0,0,4,0,0,0,0,0,0,1,1,0,0,0,0,0,0,26,322,322,0,0,0,1521,367,70,315,0,0,28,1,23,0,0,0,3
597,com.squareup.okhttp.internal.huc.JavaApiConverter,5905,createJavaCacheResponse/1[com.squareup.okhttp.Response],15004,Cyclic-Dependent Modularization,1,6,2,0,5,0,0,0,0,0,0,0,0,0,0,0,0,0,0,0,0,0,0,0,50,0,0,0,0,0,0,0,3,0,0,1,2,0,0,42,180,180,2,3,1,1521,367,70,315,0,0,28,1,23,0,0,0,3
6690,sample.jooq.domain.DefaultCatalog,34266,getSchemas/0,252728,Cyclic-Dependent Modularization,1,2,1,0,2,0,0,0,0,0,0,0,0,0,0,0,0,0,0,0,0,0,0,0,5,0,0,0,0,0,0,0,1,0,0,0,0,0,0,6,43,43,1,1,0,1300,5,3,243,0,0,1,1,8,0,0,0,3
6690,sample.jooq.domain.DefaultCatalog,34266,getSchemas/0,252728,Cyclic-Dependent Modularization,1,2,1,0,2,0,0,0,0,0,0,0,0,0,0,0,0,0,0,0,0,0,0,0,5,0,0,0,0,0,0,0,1,0,0,0,0,0,0,6,43,43,1,1,0,1521,367,70,315,0,0,28,1,23,0,0,0,3
6690,sample.jooq.domain.DefaultCatalog,34266,getSchemas/0,252728,Cyclic-Dependent Modularization,1,2,1,0,2,0,0,0,0,0,0,0,0,0,0,0,0,0,0,0,0,0,0,0,5,0,0,0,0,0,0,0,1,0,0,0,0,0,0,6,43,43,1,1,0,3862,722,158,748,0,0,679,2,15,0,0,0,3
6690,sample.jooq.domain.DefaultCatalog,34266,getSchemas/0,252728,Cyclic-Dependent Modularization,1,2,1,0,2,0,0,0,0,0,0,0,0,0,0,0,0,0,0,0,0,0,0,0,5,0,0,0,0,0,0,0,1,0,0,0,0,0,0,6,43,43,1,1,0,939,1,1,1,0,0,0,0,0,0,0,0,3
255,okhttp3.internal.http.HttpEngine,1684,readNetworkResponse/0,10783,Cyclic-Dependent Modularization,1,6,4,0,18,0,0,0,0,0,0,0,0,0,0,0,0,0,0,0,0,0,0,0,11,0,0,0,0,0,4,0,2,0,0,1,0,0,0,13,720,720,1,1,0,5676,106,40,1012,0,0,0,1,14,0,0,0,3
496,com.squareup.okhttp.internal.http.OkHeaders,5120,processAuthHeader/3[com.squareup.okhttp.Authenticator,14219,Cyclic-Dependent Modularization,1,0,259,0,3,0,0,0,0,0,0,0,0,0,0,0,0,0,0,0,0,0,0,0,2,0,3,0,0,1,0,0,0,0,0,0,0,0,0,0,0,0,3,3,1,5676,106,40,1012,0,0,0,1,14,0,0,0,3
506,com.squareup.okhttp.internal.http.HttpEngine,5210,writingRequestHeaders/0,14309,Cyclic-Dependent Modularization,1,0,2,0,1,0,0,0,0,0,0,0,0,0,0,0,0,0,0,0,0,0,0,0,4,0,0,0,0,0,0,1,1,0,0,0,0,0,0,26,322,322,0,0,0,5676,106,40,1012,0,0,0,1,14,0,0,0,3
597,com.squareup.okhttp.internal.huc.JavaApiConverter,5905,createJavaCacheResponse/1[com.squareup.okhttp.Response],15004,Cyclic-Dependent Modularization,1,6,2,0,5,0,0,0,0,0,0,0,0,0,0,0,0,0,0,0,0,0,0,0,50,0,0,0,0,0,0,0,3,0,0,1,2,0,0,42,180,180,2,3,1,5676,106,40,1012,0,0,0,1,14,0,0,0,3
255,okhttp3.internal.http.HttpEngine,1684,readNetworkResponse/0,10783,Cyclic-Dependent Modularization,1,6,4,0,18,0,0,0,0,0,0,0,0,0,0,0,0,0,0,0,0,0,0,0,11,0,0,0,0,0,4,0,2,0,0,1,0,0,0,13,720,720,1,1,0,5713,373,162,2010,0,0,57,1,14,0,0,0,3
496,com.squareup.okhttp.internal.http.OkHeaders,5120,processAuthHeader/3[com.squareup.okhttp.Authenticator,14219,Cyclic-Dependent Modularization,1,0,259,0,3,0,0,0,0,0,0,0,0,0,0,0,0,0,0,0,0,0,0,0,2,0,3,0,0,1,0,0,0,0,0,0,0,0,0,0,0,0,3,3,1,5713,373,162,2010,0,0,57,1,14,0,0,0,3
506,com.squareup.okhttp.internal.http.HttpEngine,5210,writingRequestHeaders/0,14309,Cyclic-Dependent Modularization,1,0,2,0,1,0,0,0,0,0,0,0,0,0,0,0,0,0,0,0,0,0,0,0,4,0,0,0,0,0,0,1,1,0,0,0,0,0,0,26,322,322,0,0,0,5713,373,162,2010,0,0,57,1,14,0,0,0,3
597,com.squareup.okhttp.internal.huc.JavaApiConverter,5905,createJavaCacheResponse/1[com.squareup.okhttp.Response],15004,Cyclic-Dependent Modularization,1,6,2,0,5,0,0,0,0,0,0,0,0,0,0,0,0,0,0,0,0,0,0,0,50,0,0,0,0,0,0,0,3,0,0,1,2,0,0,42,180,180,2,3,1,5713,373,162,2010,0,0,57,1,14,0,0,0,3
255,okhttp3.internal.http.HttpEngine,1684,readNetworkResponse/0,10783,Cyclic-Dependent Modularization,1,6,4,0,18,0,0,0,0,0,0,0,0,0,0,0,0,0,0,0,0,0,0,0,11,0,0,0,0,0,4,0,2,0,0,1,0,0,0,13,720,720,1,1,0,7628,1,1,1,0,0,0,2,214,0,0,0,3
255,okhttp3.internal.http.HttpEngine,1684,readNetworkResponse/0,10783,Cyclic-Dependent Modularization,1,6,4,0,18,0,0,0,0,0,0,0,0,0,0,0,0,0,0,0,0,0,0,0,11,0,0,0,0,0,4,0,2,0,0,1,0,0,0,13,720,720,1,1,0,8955,2841,573,4338,0,0,4926,2,17,0,0,0,3
496,com.squareup.okhttp.internal.http.OkHeaders,5120,processAuthHeader/3[com.squareup.okhttp.Authenticator,14219,Cyclic-Dependent Modularization,1,0,259,0,3,0,0,0,0,0,0,0,0,0,0,0,0,0,0,0,0,0,0,0,2,0,3,0,0,1,0,0,0,0,0,0,0,0,0,0,0,0,3,3,1,8955,2841,573,4338,0,0,4926,2,17,0,0,0,3
506,com.squareup.okhttp.internal.http.HttpEngine,5210,writingRequestHeaders/0,14309,Cyclic-Dependent Modularization,1,0,2,0,1,0,0,0,0,0,0,0,0,0,0,0,0,0,0,0,0,0,0,0,4,0,0,0,0,0,0,1,1,0,0,0,0,0,0,26,322,322,0,0,0,8955,2841,573,4338,0,0,4926,2,17,0,0,0,3
597,com.squareup.okhttp.internal.huc.JavaApiConverter,5905,createJavaCacheResponse/1[com.squareup.okhttp.Response],15004,Cyclic-Dependent Modularization,1,6,2,0,5,0,0,0,0,0,0,0,0,0,0,0,0,0,0,0,0,0,0,0,50,0,0,0,0,0,0,0,3,0,0,1,2,0,0,42,180,180,2,3,1,8955,2841,573,4338,0,0,4926,2,17,0,0,0,3
255,okhttp3.internal.http.HttpEngine,1684,readNetworkResponse/0,10783,Cyclic-Dependent Modularization,1,6,4,0,18,0,0,0,0,0,0,0,0,0,0,0,0,0,0,0,0,0,0,0,11,0,0,0,0,0,4,0,2,0,0,1,0,0,0,13,720,720,1,1,0,7678,4381,907,2061,0,0,2825,1,13,0,0,0,3
255,okhttp3.internal.http.HttpEngine,1684,readNetworkResponse/0,10783,Cyclic-Dependent Modularization,1,6,4,0,18,0,0,0,0,0,0,0,0,0,0,0,0,0,0,0,0,0,0,0,11,0,0,0,0,0,4,0,2,0,0,1,0,0,0,13,720,720,1,1,0,9695,25,18,296,0,0,120,1,2,0,0,0,3
6690,sample.jooq.domain.DefaultCatalog,34266,getSchemas/0,252728,Cyclic-Dependent Modularization,1,2,1,0,2,0,0,0,0,0,0,0,0,0,0,0,0,0,0,0,0,0,0,0,5,0,0,0,0,0,0,0,1,0,0,0,0,0,0,6,43,43,1,1,0,9695,25,18,296,0,0,120,1,2,0,0,0,3
255,okhttp3.internal.http.HttpEngine,1684,readNetworkResponse/0,10783,Cyclic-Dependent Modularization,1,6,4,0,18,0,0,0,0,0,0,0,0,0,0,0,0,0,0,0,0,0,0,0,11,0,0,0,0,0,4,0,2,0,0,1,0,0,0,13,720,720,1,1,0,10704,557,242,2816,0,0,447,2,26,0,0,0,3
496,com.squareup.okhttp.internal.http.OkHeaders,5120,processAuthHeader/3[com.squareup.okhttp.Authenticator,14219,Cyclic-Dependent Modularization,1,0,259,0,3,0,0,0,0,0,0,0,0,0,0,0,0,0,0,0,0,0,0,0,2,0,3,0,0,1,0,0,0,0,0,0,0,0,0,0,0,0,3,3,1,10704,557,242,2816,0,0,447,2,26,0,0,0,3
506,com.squareup.okhttp.internal.http.HttpEngine,5210,writingRequestHeaders/0,14309,Cyclic-Dependent Modularization,1,0,2,0,1,0,0,0,0,0,0,0,0,0,0,0,0,0,0,0,0,0,0,0,4,0,0,0,0,0,0,1,1,0,0,0,0,0,0,26,322,322,0,0,0,10704,557,242,2816,0,0,447,2,26,0,0,0,3
597,com.squareup.okhttp.internal.huc.JavaApiConverter,5905,createJavaCacheResponse/1[com.squareup.okhttp.Response],15004,Cyclic-Dependent Modularization,1,6,2,0,5,0,0,0,0,0,0,0,0,0,0,0,0,0,0,0,0,0,0,0,50,0,0,0,0,0,0,0,3,0,0,1,2,0,0,42,180,180,2,3,1,10704,557,242,2816,0,0,447,2,26,0,0,0,3
255,okhttp3.internal.http.HttpEngine,1684,readNetworkResponse/0,10783,Cyclic-Dependent Modularization,1,6,4,0,18,0,0,0,0,0,0,0,0,0,0,0,0,0,0,0,0,0,0,0,11,0,0,0,0,0,4,0,2,0,0,1,0,0,0,13,720,720,1,1,0,10948,1,1,1,0,0,58,265,26503,0,0,0,3
255,okhttp3.internal.http.HttpEngine,1684,readNetworkResponse/0,10783,Cyclic-Dependent Modularization,1,6,4,0,18,0,0,0,0,0,0,0,0,0,0,0,0,0,0,0,0,0,0,0,11,0,0,0,0,0,4,0,2,0,0,1,0,0,0,13,720,720,1,1,0,11040,1183,280,1924,0,0,270,1,19,0,0,0,3
496,com.squareup.okhttp.internal.http.OkHeaders,5120,processAuthHeader/3[com.squareup.okhttp.Authenticator,14219,Cyclic-Dependent Modularization,1,0,259,0,3,0,0,0,0,0,0,0,0,0,0,0,0,0,0,0,0,0,0,0,2,0,3,0,0,1,0,0,0,0,0,0,0,0,0,0,0,0,3,3,1,11040,1183,280,1924,0,0,270,1,19,0,0,0,3
506,com.squareup.okhttp.internal.http.HttpEngine,5210,writingRequestHeaders/0,14309,Cyclic-Dependent Modularization,1,0,2,0,1,0,0,0,0,0,0,0,0,0,0,0,0,0,0,0,0,0,0,0,4,0,0,0,0,0,0,1,1,0,0,0,0,0,0,26,322,322,0,0,0,11040,1183,280,1924,0,0,270,1,19,0,0,0,3
597,com.squareup.okhttp.internal.huc.JavaApiConverter,5905,createJavaCacheResponse/1[com.squareup.okhttp.Response],15004,Cyclic-Dependent Modularization,1,6,2,0,5,0,0,0,0,0,0,0,0,0,0,0,0,0,0,0,0,0,0,0,50,0,0,0,0,0,0,0,3,0,0,1,2,0,0,42,180,180,2,3,1,11040,1183,280,1924,0,0,270,1,19,0,0,0,3
255,okhttp3.internal.http.HttpEngine,1684,readNetworkResponse/0,10783,Cyclic-Dependent Modularization,1,6,4,0,18,0,0,0,0,0,0,0,0,0,0,0,0,0,0,0,0,0,0,0,11,0,0,0,0,0,4,0,2,0,0,1,0,0,0,13,720,720,1,1,0,11431,1074,133,243,0,0,654,1,12,0,0,0,3
496,com.squareup.okhttp.internal.http.OkHeaders,5120,processAuthHeader/3[com.squareup.okhttp.Authenticator,14219,Cyclic-Dependent Modularization,1,0,259,0,3,0,0,0,0,0,0,0,0,0,0,0,0,0,0,0,0,0,0,0,2,0,3,0,0,1,0,0,0,0,0,0,0,0,0,0,0,0,3,3,1,11431,1074,133,243,0,0,654,1,12,0,0,0,3
506,com.squareup.okhttp.internal.http.HttpEngine,5210,writingRequestHeaders/0,14309,Cyclic-Dependent Modularization,1,0,2,0,1,0,0,0,0,0,0,0,0,0,0,0,0,0,0,0,0,0,0,0,4,0,0,0,0,0,0,1,1,0,0,0,0,0,0,26,322,322,0,0,0,11431,1074,133,243,0,0,654,1,12,0,0,0,3
597,com.squareup.okhttp.internal.huc.JavaApiConverter,5905,createJavaCacheResponse/1[com.squareup.okhttp.Response],15004,Cyclic-Dependent Modularization,1,6,2,0,5,0,0,0,0,0,0,0,0,0,0,0,0,0,0,0,0,0,0,0,50,0,0,0,0,0,0,0,3,0,0,1,2,0,0,42,180,180,2,3,1,11431,1074,133,243,0,0,654,1,12,0,0,0,3
255,okhttp3.internal.http.HttpEngine,1684,readNetworkResponse/0,10783,Cyclic-Dependent Modularization,1,6,4,0,18,0,0,0,0,0,0,0,0,0,0,0,0,0,0,0,0,0,0,0,11,0,0,0,0,0,4,0,2,0,0,1,0,0,0,13,720,720,1,1,0,12264,1068,259,2113,0,0,611,1,15,0,0,0,3
496,com.squareup.okhttp.internal.http.OkHeaders,5120,processAuthHeader/3[com.squareup.okhttp.Authenticator,14219,Cyclic-Dependent Modularization,1,0,259,0,3,0,0,0,0,0,0,0,0,0,0,0,0,0,0,0,0,0,0,0,2,0,3,0,0,1,0,0,0,0,0,0,0,0,0,0,0,0,3,3,1,12264,1068,259,2113,0,0,611,1,15,0,0,0,3
506,com.squareup.okhttp.internal.http.HttpEngine,5210,writingRequestHeaders/0,14309,Cyclic-Dependent Modularization,1,0,2,0,1,0,0,0,0,0,0,0,0,0,0,0,0,0,0,0,0,0,0,0,4,0,0,0,0,0,0,1,1,0,0,0,0,0,0,26,322,322,0,0,0,12264,1068,259,2113,0,0,611,1,15,0,0,0,3
597,com.squareup.okhttp.internal.huc.JavaApiConverter,5905,createJavaCacheResponse/1[com.squareup.okhttp.Response],15004,Cyclic-Dependent Modularization,1,6,2,0,5,0,0,0,0,0,0,0,0,0,0,0,0,0,0,0,0,0,0,0,50,0,0,0,0,0,0,0,3,0,0,1,2,0,0,42,180,180,2,3,1,12264,1068,259,2113,0,0,611,1,15,0,0,0,3
255,okhttp3.internal.http.HttpEngine,1684,readNetworkResponse/0,10783,Cyclic-Dependent Modularization,1,6,4,0,18,0,0,0,0,0,0,0,0,0,0,0,0,0,0,0,0,0,0,0,11,0,0,0,0,0,4,0,2,0,0,1,0,0,0,13,720,720,1,1,0,12405,5,3,4,0,0,0,1,1,0,0,0,3
496,com.squareup.okhttp.internal.http.OkHeaders,5120,processAuthHeader/3[com.squareup.okhttp.Authenticator,14219,Cyclic-Dependent Modularization,1,0,259,0,3,0,0,0,0,0,0,0,0,0,0,0,0,0,0,0,0,0,0,0,2,0,3,0,0,1,0,0,0,0,0,0,0,0,0,0,0,0,3,3,1,12405,5,3,4,0,0,0,1,1,0,0,0,3
506,com.squareup.okhttp.internal.http.HttpEngine,5210,writingRequestHeaders/0,14309,Cyclic-Dependent Modularization,1,0,2,0,1,0,0,0,0,0,0,0,0,0,0,0,0,0,0,0,0,0,0,0,4,0,0,0,0,0,0,1,1,0,0,0,0,0,0,26,322,322,0,0,0,12405,5,3,4,0,0,0,1,1,0,0,0,3
597,com.squareup.okhttp.internal.huc.JavaApiConverter,5905,createJavaCacheResponse/1[com.squareup.okhttp.Response],15004,Cyclic-Dependent Modularization,1,6,2,0,5,0,0,0,0,0,0,0,0,0,0,0,0,0,0,0,0,0,0,0,50,0,0,0,0,0,0,0,3,0,0,1,2,0,0,42,180,180,2,3,1,12405,5,3,4,0,0,0,1,1,0,0,0,3
255,okhttp3.internal.http.HttpEngine,1684,readNetworkResponse/0,10783,Cyclic-Dependent Modularization,1,6,4,0,18,0,0,0,0,0,0,0,0,0,0,0,0,0,0,0,0,0,0,0,11,0,0,0,0,0,4,0,2,0,0,1,0,0,0,13,720,720,1,1,0,12726,168,51,4704,0,0,11,1,2,0,0,0,3
496,com.squareup.okhttp.internal.http.OkHeaders,5120,processAuthHeader/3[com.squareup.okhttp.Authenticator,14219,Cyclic-Dependent Modularization,1,0,259,0,3,0,0,0,0,0,0,0,0,0,0,0,0,0,0,0,0,0,0,0,2,0,3,0,0,1,0,0,0,0,0,0,0,0,0,0,0,0,3,3,1,12726,168,51,4704,0,0,11,1,2,0,0,0,3
506,com.squareup.okhttp.internal.http.HttpEngine,5210,writingRequestHeaders/0,14309,Cyclic-Dependent Modularization,1,0,2,0,1,0,0,0,0,0,0,0,0,0,0,0,0,0,0,0,0,0,0,0,4,0,0,0,0,0,0,1,1,0,0,0,0,0,0,26,322,322,0,0,0,12726,168,51,4704,0,0,11,1,2,0,0,0,3
597,com.squareup.okhttp.internal.huc.JavaApiConverter,5905,createJavaCacheResponse/1[com.squareup.okhttp.Response],15004,Cyclic-Dependent Modularization,1,6,2,0,5,0,0,0,0,0,0,0,0,0,0,0,0,0,0,0,0,0,0,0,50,0,0,0,0,0,0,0,3,0,0,1,2,0,0,42,180,180,2,3,1,12726,168,51,4704,0,0,11,1,2,0,0,0,3
804,okhttp3.internal.http1.Http1Codec,9627,finishRequest/0,29669,Cyclic-Dependent Modularization,1,32,39,4,44,53,18,0,16,1,0,0,0,0,0,14,8,0,9,0,0,12,0,0,380,0,2,0,0,1,19,17,39,9,0,30,2,0,6,0,0,0,0,0,0,8955,2841,573,4338,0,0,4926,2,17,0,0,0,1
225,okhttp3.Cache,1401,Cache/2[java.io.File,10500,Cyclic-Dependent Modularization,1,20,46,2,37,159,26,2,16,8,0,0,0,0,7,11,4,0,10,0,0,6,0,0,479,0,0,0,0,1,3,5,20,1,0,23,2,4,3,0,0,0,0,0,0,12264,1068,259,2113,0,0,611,1,15,0,0,0,1
483,com.squareup.okhttp.Cache,4973,getHitCount/0,14072,Cyclic-Dependent Modularization,1,17,40,2,33,111,23,2,14,8,0,0,0,0,7,11,4,0,10,0,0,6,0,0,421,0,0,0,0,1,3,4,19,1,0,22,2,3,3,0,0,0,0,0,0,11040,1183,280,1924,0,0,270,1,19,0,0,0,1
511,com.squareup.okhttp.internal.http.RequestLine,5270,requestPath/1[java.net.URL],126480,Cyclic-Dependent Modularization,1,0,3,0,2,0,0,0,0,0,0,0,0,0,0,0,0,0,0,0,0,0,0,0,6,0,0,0,0,0,3,0,1,1,0,0,0,0,0,24,44,44,3,1,1,5676,106,40,1012,0,0,0,1,14,0,0,0,1
669,okhttp3.internal.connection.ConnectionSpecSelector,7471,isFallbackPossible/1[javax.net.ssl.SSLSocket],17054,Cyclic-Dependent Modularization,1,1,3,0,3,0,0,0,0,0,0,0,0,0,0,0,0,0,0,0,0,0,0,0,8,0,1,0,0,0,0,0,1,0,0,2,0,0,0,36,134,134,2,1,1,460,391,161,1611,0,0,581,3,62,0,0,0,1
980,com.squareup.okhttp.internal.io.RealConnection,12544,getProtocol/0,83585,Cyclic-Dependent Modularization,1,27,56,1,82,8,16,0,11,4,0,0,0,0,0,12,0,8,4,0,0,2,0,0,284,0,2,0,0,1,25,6,47,6,0,34,4,0,0,0,0,0,0,0,0,12264,1068,259,2113,0,0,611,1,15,0,0,0,1
236,okhttp3.RealCall,1513,isCanceled/0,10612,Cyclic-Dependent Modularization,1,0,1,0,0,0,0,0,0,0,0,0,0,0,0,0,0,0,0,0,0,0,0,0,3,0,0,0,0,0,0,0,0,0,0,0,0,0,0,3,90,90,1,0,0,12726,168,51,4704,0,0,11,1,2,0,0,0,1
302,okhttp3.Handshake,2115,localPrincipal/0,11214,Cyclic-Dependent Modularization,1,0,2,0,3,0,0,0,0,0,0,0,0,0,0,0,0,0,0,0,0,0,0,0,3,0,0,0,0,1,0,1,0,0,0,0,0,0,0,10,113,113,1,0,0,7628,1,1,1,0,0,0,2,214,0,0,0,1
658,okhttp3.internal.cache.InternalCache,7378,get/1[okhttp3.Request],16734,Cyclic-Dependent Modularization,1,4,6,1,0,15,6,0,0,0,0,0,0,0,0,0,0,0,0,0,0,0,0,0,12,0,0,0,0,0,0,0,0,0,0,0,-1,0,0,0,0,0,0,0,0,5713,373,162,2010,0,0,57,1,14,0,0,0,1
325,okhttp3.internal.huc.JavaApiConverter,2343,throwRequestHeaderAccessException/0,11442,Cyclic-Dependent Modularization,1,0,1,0,0,0,0,0,0,0,0,0,0,0,0,0,0,0,0,0,0,0,0,0,3,0,0,0,0,0,1,0,0,0,0,0,0,0,0,11,848,848,0,0,0,1300,5,3,243,0,0,1,1,8,0,0,0,1
128,butterknife.compiler.ViewBindings,619,hasMethodBinding/2[butterknife.internal.ListenerClass,1347,Cyclic-Dependent Modularization,1,34,3,0,1,0,0,0,0,0,0,0,0,0,0,0,0,0,0,0,0,0,0,0,2,0,34,0,0,0,0,0,0,1,0,0,0,0,0,0,0,2,4,1,1,1300,5,3,243,0,0,1,1,8,0,0,0,1
501,com.squareup.okhttp.internal.http.HttpConnection,5177,emptyResponseBody/0,14276,Cyclic-Dependent Modularization,1,24,41,4,34,20,20,0,20,0,0,0,0,0,0,20,13,0,20,0,0,18,0,0,420,0,3,0,0,1,13,16,39,8,0,27,3,0,6,0,0,0,0,0,0,12726,168,51,4704,0,0,11,1,2,0,0,0,1
859,okhttp3.sse.EventSource,10643,cancel/0,37507,Cyclic-Dependent Modularization,1,1,2,1,0,1,2,0,0,0,0,0,0,0,0,0,0,0,0,0,0,0,0,0,9,0,0,0,0,0,0,0,0,0,0,0,-1,0,1,0,0,0,0,0,0,9695,25,18,296,0,0,120,1,2,0,0,0,1
278,okhttp3.internal.Util,1892,equal/2[java.lang.Object,10991,Cyclic-Dependent Modularization,1,10,93,1,62,465,31,30,28,3,0,0,0,0,0,5,5,4,1,0,0,5,0,0,292,0,10,0,0,2,12,16,38,9,0,32,3,1,0,0,0,0,0,0,0,11040,1183,280,1924,0,0,270,1,19,0,0,0,1
717,com.squareup.okhttp.internal.ConnectionSpecSelector,8163,configureSecureSocket/1[javax.net.ssl.SSLSocket],24338,Cyclic-Dependent Modularization,1,3,14,1,8,0,4,0,3,1,0,0,0,0,0,4,0,0,4,0,0,1,0,0,70,0,2,0,0,2,3,2,11,2,0,9,2,0,0,0,0,0,0,0,0,12726,168,51,4704,0,0,11,1,2,0,0,0,1
280,okhttp3.internal.ConnectionSpecSelector,1935,ConnectionSpecSelector/1[java.util.List<okhttp3.ConnectionSpec>],11034,Cyclic-Dependent Modularization,1,3,15,1,8,0,4,0,3,1,0,0,0,0,0,4,0,0,4,0,0,1,0,0,72,0,2,0,0,1,3,2,11,2,0,9,2,0,0,0,0,0,0,0,0,8955,2841,573,4338,0,0,4926,2,17,0,0,0,1
267,okhttp3.internal.framed.NameValueBlockReader,1787,doneReading/0,10886,Cyclic-Dependent Modularization,1,9,11,1,10,0,5,0,3,2,0,0,0,0,0,3,0,0,3,0,0,2,0,0,70,0,1,0,0,0,4,6,11,3,0,11,1,2,0,0,0,0,0,0,0,35,368,112,1586,0,0,666,2,12,0,0,0,1
903,okhttp3.internal.platform.Jdk8WithJettyBootPlatform,11143,buildIfSupported/0,47345,Cyclic-Dependent Modularization,1,2,2,0,2,0,0,0,0,0,0,0,0,0,0,0,0,0,0,0,0,0,0,0,16,0,0,0,0,0,7,0,8,3,0,1,0,0,0,26,81,81,2,8,0,35,368,112,1586,0,0,666,2,12,0,0,0,1
506,com.squareup.okhttp.internal.http.HttpEngine,5210,writingRequestHeaders/0,14309,Cyclic-Dependent Modularization,1,0,2,0,1,0,0,0,0,0,0,0,0,0,0,0,0,0,0,0,0,0,0,0,4,0,0,0,0,0,0,1,1,0,0,0,0,0,0,26,322,322,0,0,0,5676,106,40,1012,0,0,0,1,14,0,0,0,1
1017,com.squareup.okhttp.internal.framed.IncomingStreamHandler,13400,receive/1[com.squareup.okhttp.internal.framed.FramedStream],115270,Cyclic-Dependent Modularization,1,1,1,0,0,0,0,0,0,0,0,0,0,0,0,0,0,0,0,0,0,0,0,0,1,0,0,0,0,0,0,0,0,0,0,-1,0,0,0,27,29,29,0,0,1,10948,1,1,1,0,0,58,265,26503,0,0,0,1
512,com.squareup.okhttp.internal.Internal,5275,setNetwork/2[com.squareup.okhttp.OkHttpClient,14374,Cyclic-Dependent Modularization,1,12,15,1,2,105,15,0,15,0,0,0,15,0,0,2,2,2,0,0,0,1,0,0,32,0,0,0,0,0,0,0,1,0,0,2,-1,0,0,0,0,0,0,0,0,12405,5,3,4,0,0,0,1,1,0,0,0,1
4122,org.springframework.boot.configurationprocessor.json.JSONStringer,31534,value/1[java.lang.Object],249996,Cyclic-Dependent Modularization,1,6,58,1,29,36,20,0,11,6,0,0,0,0,0,3,0,0,2,0,0,3,0,0,206,0,2,0,0,2,25,8,12,3,0,11,2,0,0,0,0,0,0,0,0,1521,367,70,315,0,0,28,1,23,0,0,0,1
4124,org.springframework.boot.configurationprocessor.json.JSONArray,31597,put/2[int,250059,Cyclic-Dependent Modularization,1,250,2,0,3,0,0,0,0,0,0,0,0,0,0,0,0,0,0,0,0,0,0,0,5,0,250,0,0,0,1,0,0,0,0,0,1,0,0,0,0,2,10,1,0,107,1,1,1,0,0,0,0,0,0,0,0,1
777,com.squareup.okhttp.internal.spdy.Http20Draft12,9152,newReader/2[BufferedSource,27666,Cyclic-Dependent Modularization,1,11,22,1,7,22,8,4,4,4,0,0,0,0,0,24,24,0,2,0,0,24,0,0,618,0,0,0,0,7,4,35,28,1,0,25,1,0,4,0,0,0,0,0,0,35,368,112,1586,0,0,666,2,12,0,0,0,1
667,okhttp3.internal.connection.RouteSelector,7447,connectFailed/2[okhttp3.Route,36545,Cyclic-Dependent Modularization,1,10,29,1,46,0,9,1,4,4,0,0,0,0,0,8,0,0,8,0,0,5,0,0,156,0,3,0,0,1,8,5,29,4,0,24,3,0,1,0,0,0,0,0,0,10704,557,242,2816,0,0,447,2,26,0,0,0,1
299,okhttp3.Callback,2106,onResponse/2[okhttp3.Call,11205,Cyclic-Dependent Modularization,1,2,2,1,0,1,2,0,0,0,0,0,0,0,0,0,0,0,0,0,0,0,0,0,6,0,0,0,0,0,0,0,0,0,0,0,-1,0,0,0,0,0,0,0,0,1300,5,3,243,0,0,1,1,8,0,0,0,1
272,okhttp3.internal.framed.Http2,1833,illegalArgument/2[java.lang.String,10932,Cyclic-Dependent Modularization,1,12,11,1,7,26,8,5,3,5,0,0,0,0,0,21,21,0,2,0,0,21,0,0,592,0,0,0,0,7,2,31,21,5,0,21,1,0,4,0,0,0,0,0,0,107,1,1,1,0,0,0,0,0,0,0,0,1
234,okhttp3.Request,1500,url/0,10599,Cyclic-Dependent Modularization,1,6,15,1,5,24,12,0,11,1,0,0,0,0,0,7,0,0,7,0,0,5,0,0,165,0,0,0,0,2,3,0,7,1,0,8,0,0,1,0,0,0,0,0,0,7678,4381,907,2061,0,0,2825,1,13,0,0,0,1
801,okhttp3.internal.http2.Http2Reader,9557,readGoAway/4[okhttp3.internal.http2.Http2Reader.Handler,29599,Cyclic-Dependent Modularization,1,12,78,1,46,0,17,2,3,11,0,0,0,0,0,5,1,0,3,0,0,5,0,0,328,0,1,0,0,24,28,71,52,6,0,38,2,0,2,0,0,0,0,0,0,12264,1068,259,2113,0,0,611,1,15,0,0,0,1
798,okhttp3.internal.http2.Header,9547,Header/2[java.lang.String,36252,Cyclic-Dependent Modularization,1,3,7,1,6,0,6,0,6,0,0,0,0,0,0,14,11,13,0,0,0,14,0,0,51,0,0,0,0,0,7,4,18,5,0,16,1,0,1,0,0,0,0,0,0,12405,5,3,4,0,0,0,1,1,0,0,0,1
21044,com.google.common.primitives.ShortArrayAsListTest,171994,asList/1[java.lang.Short[]],1011516,Cyclic-Dependent Modularization,1,20,5,7,9,3,3,3,1,2,0,0,0,0,0,0,0,0,0,0,0,0,0,0,113,0,2,0,0,0,4,4,6,1,0,5,1,0,6,0,0,0,0,0,0,3862,722,158,748,0,0,679,2,15,0,0,0,1
901,okhttp3.internal.connection.Transmitter,11097,exchangeDoneDueToException/0,47261,Cyclic-Dependent Modularization,1,24,56,3,51,0,19,0,12,3,0,0,0,0,0,15,0,1,14,0,0,5,0,0,249,0,1,0,0,4,5,3,51,0,0,34,2,1,1,0,0,0,0,0,0,11431,1074,133,243,0,0,654,1,12,0,0,0,1
521,com.squareup.okhttp.internal.spdy.Http20Draft14,5347,getProtocol/0,14446,Cyclic-Dependent Modularization,1,1,1,0,0,0,0,0,0,0,0,0,0,0,0,0,0,0,0,0,0,0,0,0,3,0,0,0,0,0,0,0,0,0,0,0,0,0,0,2,43,43,1,0,0,365,11,5,15,0,0,0,2,16,0,0,0,1
4132,org.springframework.boot.configurationprocessor.metadata.ConfigurationMetadata,31756,getHints/0,250218,Cyclic-Dependent Modularization,1,7,43,1,52,53,15,3,9,4,1,0,0,0,0,3,1,0,3,0,0,3,0,0,154,0,5,0,0,1,6,3,21,1,0,15,4,0,0,3,0,0,0,0,0,10948,1,1,1,0,0,58,265,26503,0,0,0,1
255,okhttp3.internal.http.HttpEngine,1684,readNetworkResponse/0,10783,Cyclic-Dependent Modularization,1,6,4,0,18,0,0,0,0,0,0,0,0,0,0,0,0,0,0,0,0,0,0,0,11,0,0,0,0,0,4,0,2,0,0,1,0,0,0,13,720,720,1,1,0,5676,106,40,1012,0,0,0,1,14,0,0,0,1
552,com.squareup.okhttp.Headers,5637,value/1[int],14736,Cyclic-Dependent Modularization,1,0,3,0,0,0,0,0,0,0,0,0,0,0,0,0,0,0,0,0,0,0,0,0,7,0,0,0,0,0,0,3,1,2,0,1,0,0,0,12,88,88,2,1,1,107,1,1,1,0,0,0,0,0,0,0,0,1
509,com.squareup.okhttp.internal.http.Transport,5249,writeRequestHeaders/1[com.squareup.okhttp.Request],14348,Cyclic-Dependent Modularization,1,1,1,0,0,0,0,0,0,0,0,0,0,0,0,0,0,0,0,0,0,0,0,0,1,0,0,0,0,0,0,0,0,0,0,-1,0,0,0,16,36,36,0,0,1,939,1,1,1,0,0,0,0,0,0,0,0,1
301,okhttp3.Route,2108,requiresTunnel/0,11207,Cyclic-Dependent Modularization,1,2,11,1,7,0,7,0,7,0,0,0,0,0,0,3,0,0,0,0,0,3,0,0,50,0,0,0,0,0,3,4,8,6,0,5,1,0,0,0,0,0,0,0,0,7678,4381,907,2061,0,0,2825,1,13,0,0,0,1
288,okhttp3.internal.tls.CertificateChainCleaner,7547,get/1[java.security.cert.X509Certificate],36713,Cyclic-Dependent Modularization,1,3,1,0,0,0,0,0,0,0,0,0,0,0,0,0,0,0,0,0,0,0,0,0,3,0,0,0,0,0,0,0,0,0,0,0,0,0,0,10,44,44,1,0,1,5713,373,162,2010,0,0,57,1,14,0,0,0,1
272,okhttp3.internal.framed.Http2,1833,illegalArgument/2[java.lang.String,10932,Cyclic-Dependent Modularization,1,12,11,1,7,26,8,5,3,5,0,0,0,0,0,21,21,0,2,0,0,21,0,0,592,0,0,0,0,7,2,31,21,5,0,21,1,0,4,0,0,0,0,0,0,939,1,1,1,0,0,0,0,0,0,0,0,1
1144,org.springframework.boot.actuate.security.AuthenticationAuditListener,14590,onApplicationEvent/1[AbstractAuthenticationEvent],233052,Cyclic-Dependent Modularization,1,5,5,0,4,0,0,0,0,0,0,0,0,0,0,0,0,0,0,0,0,0,0,0,11,0,0,0,0,0,0,0,0,0,0,1,0,0,0,9,64,64,0,0,1,939,1,1,1,0,0,0,0,0,0,0,0,1
494,com.squareup.okhttp.Call,5084,cancel/0,14183,Cyclic-Dependent Modularization,1,1,2,0,1,0,0,0,0,0,0,0,0,0,0,0,0,0,0,0,0,0,0,0,4,0,0,0,0,0,0,0,1,0,0,0,0,0,0,14,122,122,0,0,0,1300,5,3,243,0,0,1,1,8,0,0,0,1
279,okhttp3.internal.Platform,1924,trustManager/1[javax.net.ssl.SSLSocketFactory],20786,Cyclic-Dependent Modularization,1,9,30,1,29,78,13,5,10,1,0,0,0,0,0,4,4,2,2,0,0,4,0,0,109,0,3,0,0,0,6,4,23,0,0,22,2,0,0,0,0,0,0,0,0,939,1,1,1,0,0,0,0,0,0,0,0,1
811,okhttp3.EventListener,9767,dnsStart/2[okhttp3.Call,36803,Cyclic-Dependent Modularization,1,10,21,1,0,210,21,1,20,0,0,0,0,0,0,1,1,1,0,0,0,1,0,0,63,0,0,0,0,0,0,0,1,0,0,1,0,2,1,0,0,0,0,0,0,35,368,112,1586,0,0,666,2,12,0,0,0,1
21031,com.google.common.primitives.ShortsTest,171729,testToArray/0,1011251,Cyclic-Dependent Modularization,1,2,1,0,5,0,0,0,0,0,0,0,0,0,0,0,0,0,0,0,0,0,0,0,10,0,0,0,0,0,0,7,4,0,0,0,0,0,0,11,345,345,0,4,0,3862,722,158,748,0,0,679,2,15,0,0,0,1
337,okhttp3.benchmarks.HttpClient,2634,enqueue/1[okhttp3.HttpUrl],11733,Cyclic-Dependent Modularization,1,2,3,1,0,3,3,0,0,0,0,0,0,0,0,0,0,0,0,0,0,0,0,0,7,0,0,0,0,0,0,0,0,0,0,0,-1,0,0,0,0,0,0,0,0,7678,4381,907,2061,0,0,2825,1,13,0,0,0,1
22078,com.google.common.collect.FilteredKeySetMultimap,185681,createEntries/0,1025203,Cyclic-Dependent Modularization,1,3,1,0,0,0,0,0,0,0,0,0,0,0,0,0,0,0,0,0,0,0,0,0,3,0,0,0,0,0,0,0,0,0,0,0,0,0,0,4,64,64,1,0,0,3862,722,158,748,0,0,679,2,15,0,0,0,1
87,butterknife.compiler.FieldResourceBinding,397,FieldResourceBinding/3[butterknife.compiler.Id,398,Cyclic-Dependent Modularization,1,5,12,1,8,0,7,0,3,0,0,0,0,0,0,4,0,0,4,0,0,4,0,0,90,0,1,0,0,0,19,7,7,0,0,6,2,0,1,0,0,0,0,0,0,365,11,5,15,0,0,0,2,16,0,0,0,1
127,butterknife.compiler.BindingClass,576,isGeneratingUnbinder/0,1304,Cyclic-Dependent Modularization,1,1,1,0,2,0,0,0,0,0,0,0,0,0,0,0,0,0,0,0,0,0,0,0,3,0,0,0,0,0,0,0,0,0,0,0,0,0,0,13,729,729,1,0,0,10948,1,1,1,0,0,58,265,26503,0,0,0,1
307,okhttp3.OkHttpClient,2161,cache/0,11260,Cyclic-Dependent Modularization,1,21,37,1,14,328,28,0,26,1,0,0,0,0,0,27,2,0,2,0,0,27,0,0,450,0,1,0,0,0,3,0,35,1,0,30,2,1,1,0,0,0,0,0,0,5713,373,162,2010,0,0,57,1,14,0,0,0,1
261,okhttp3.internal.Internal,1740,initializeInstanceForTests/0,10839,Cyclic-Dependent Modularization,1,1,1,0,0,0,0,0,0,0,0,0,0,0,0,0,0,0,0,0,0,0,0,0,3,0,0,0,0,0,0,0,0,0,0,0,0,0,0,7,40,40,0,0,0,7678,4381,907,2061,0,0,2825,1,13,0,0,0,1
228,okhttp3.Response,1451,challenges/0,10550,Cyclic-Dependent Modularization,1,3,3,0,3,0,0,0,0,0,0,0,0,0,0,0,0,0,0,0,0,0,0,0,13,0,0,0,0,0,2,0,2,0,0,1,0,0,0,33,217,217,2,1,0,939,1,1,1,0,0,0,0,0,0,0,0,1
656,okhttp3.internal.cache.CacheStrategy,7368,CacheStrategy/2[okhttp3.Request,16724,Cyclic-Dependent Modularization,1,3,19,1,8,1,2,1,1,1,0,0,0,0,0,2,0,2,0,0,0,2,0,0,202,0,0,0,0,0,1,1,2,0,0,2,1,0,1,0,0,0,0,0,0,5713,373,162,2010,0,0,57,1,14,0,0,0,1
859,okhttp3.sse.EventSource,10643,cancel/0,37507,Cyclic-Dependent Modularization,1,1,2,1,0,1,2,0,0,0,0,0,0,0,0,0,0,0,0,0,0,0,0,0,9,0,0,0,0,0,0,0,0,0,0,0,-1,0,1,0,0,0,0,0,0,1300,5,3,243,0,0,1,1,8,0,0,0,1
677,okhttp3.internal.platform.AndroidPlatform,9725,buildTrustRootIndex/1[javax.net.ssl.X509TrustManager],29973,Cyclic-Dependent Modularization,1,2,2,0,4,0,0,0,0,0,0,0,0,0,0,0,0,0,0,0,0,0,0,0,10,0,0,0,0,0,1,0,1,0,0,1,0,0,0,15,268,268,2,1,1,1300,5,3,243,0,0,1,1,8,0,0,0,1
551,com.squareup.okhttp.OkHttpClient,5591,getConnectionSpecs/0,14690,Cyclic-Dependent Modularization,1,15,75,1,17,863,46,0,40,2,0,0,0,41,1,24,3,0,24,0,0,3,0,0,347,0,0,0,0,0,14,3,67,2,0,29,2,1,0,0,0,0,0,0,0,5676,106,40,1012,0,0,0,1,14,0,0,0,1
663,okhttp3.internal.http.RealInterceptorChain,7422,connection/0,29797,Cyclic-Dependent Modularization,1,2,1,0,0,0,0,0,0,0,0,0,0,0,0,0,0,0,0,0,0,0,0,0,3,0,0,0,0,0,0,0,0,0,0,0,0,0,0,2,66,66,1,0,0,7628,1,1,1,0,0,0,2,214,0,0,0,1
233,okhttp3.CacheControl,1484,sMaxAgeSeconds/0,10583,Cyclic-Dependent Modularization,1,0,1,0,0,0,0,0,0,0,0,0,0,0,0,0,0,0,0,0,0,0,0,0,3,0,0,0,0,0,0,0,0,0,0,0,0,0,0,24,102,102,1,0,0,7628,1,1,1,0,0,0,2,214,0,0,0,1
898,okhttp3.internal.http.ExchangeCodec,11058,openResponseBodySource/1[okhttp3.Response],47103,Cyclic-Dependent Modularization,1,2,1,0,0,0,0,0,0,0,0,0,0,0,0,0,0,0,0,0,0,0,0,0,1,0,0,0,0,0,0,0,0,0,0,-1,0,0,0,8,61,61,0,0,1,10948,1,1,1,0,0,58,265,26503,0,0,0,1
490,com.squareup.okhttp.Request,5062,Request/1[com.squareup.okhttp.Request.Builder],14161,Cyclic-Dependent Modularization,1,2,2,0,1,0,0,0,0,0,0,0,0,0,0,0,0,0,0,0,0,0,0,0,8,0,0,0,0,0,0,0,6,0,0,0,0,0,0,4,43,43,0,0,1,12726,168,51,4704,0,0,11,1,2,0,0,0,1
560,com.squareup.okhttp.benchmarks.HttpClient,5714,enqueue/1[java.net.URL],14813,Cyclic-Dependent Modularization,1,1,3,1,0,3,3,0,0,0,0,0,0,0,0,0,0,0,0,0,0,0,0,0,7,0,0,0,0,0,0,0,0,0,0,0,-1,0,0,0,0,0,0,0,0,12264,1068,259,2113,0,0,611,1,15,0,0,0,1
529,com.squareup.okhttp.internal.spdy.IncomingStreamHandler,5423,receive/1[com.squareup.okhttp.internal.spdy.SpdyStream],14522,Cyclic-Dependent Modularization,1,2,1,1,0,0,1,0,0,0,0,0,0,0,0,1,0,0,0,0,0,0,0,0,10,0,0,0,0,0,0,0,1,0,0,1,-1,1,0,0,0,0,0,0,0,1521,367,70,315,0,0,28,1,23,0,0,0,1
227,okhttp3.ConnectionPool,1441,ConnectionPool/3[int,10540,Cyclic-Dependent Modularization,1,0,87,0,0,0,0,0,0,0,0,0,0,0,0,0,0,0,0,0,0,0,0,0,2,0,3,0,0,0,0,0,1,1,0,2,1,1,0,0,0,0,1,7,0,10948,1,1,1,0,0,58,265,26503,0,0,0,1
6698,sample.jooq.domain.Public,34299,Public/0,252761,Cyclic-Dependent Modularization,1,0,1,0,0,0,0,0,0,0,0,0,0,0,0,0,0,0,0,0,0,0,0,0,3,0,0,0,0,0,1,0,0,0,0,0,0,0,0,5,59,59,0,0,0,9695,25,18,296,0,0,120,1,2,0,0,0,1
980,com.squareup.okhttp.internal.io.RealConnection,12544,getProtocol/0,83585,Cyclic-Dependent Modularization,1,1,2,0,0,0,0,0,0,0,0,0,0,0,0,0,0,0,0,0,0,0,0,0,3,0,0,0,0,0,0,0,0,0,0,0,0,0,0,4,365,365,1,0,0,107,1,1,1,0,0,0,0,0,0,0,0,1
305,okhttp3.ResponseBody,2144,byteStream/0,11243,Cyclic-Dependent Modularization,1,8,20,1,17,66,12,3,11,1,0,0,3,4,0,1,0,0,1,0,0,0,0,0,82,0,0,0,0,1,4,1,12,2,0,9,2,1,0,0,0,0,0,0,0,7678,4381,907,2061,0,0,2825,1,13,0,0,0,1
291,okhttp3.internal.NamedRunnable,1998,execute/0,36716,Cyclic-Dependent Modularization,1,0,1,0,0,0,0,0,0,0,0,0,0,0,0,0,0,0,0,0,0,0,0,0,1,0,0,0,0,0,0,0,0,0,0,-1,0,0,0,1,38,38,0,0,0,939,1,1,1,0,0,0,0,0,0,0,0,1
301,okhttp3.Route,2108,requiresTunnel/0,11207,Cyclic-Dependent Modularization,1,2,11,1,7,0,7,0,7,0,0,0,0,0,0,3,0,0,0,0,0,3,0,0,50,0,0,0,0,0,3,4,8,6,0,5,1,0,0,0,0,0,0,0,0,1521,367,70,315,0,0,28,1,23,0,0,0,1
962,com.squareup.okhttp.internal.http.StreamAllocation,12357,StreamAllocation/2[com.squareup.okhttp.ConnectionPool,83301,Cyclic-Dependent Modularization,1,15,70,1,39,56,21,0,13,8,0,0,0,0,1,7,0,1,6,0,0,2,0,0,261,0,2,0,0,3,6,5,33,1,0,24,5,0,0,0,0,0,0,0,0,11040,1183,280,1924,0,0,270,1,19,0,0,0,1
87,butterknife.compiler.FieldResourceBinding,397,FieldResourceBinding/3[butterknife.compiler.Id,398,Cyclic-Dependent Modularization,1,5,12,1,8,0,7,0,3,0,0,0,0,0,0,4,0,0,4,0,0,4,0,0,90,0,1,0,0,0,19,7,7,0,0,6,2,0,1,0,0,0,0,0,0,12726,168,51,4704,0,0,11,1,2,0,0,0,1
269,okhttp3.internal.framed.FramedConnection,1795,getStream/1[int],10894,Cyclic-Dependent Modularization,1,21,78,2,60,296,33,0,14,12,0,0,0,0,8,25,2,0,15,0,0,15,0,0,663,0,4,0,0,2,17,33,55,3,0,39,5,11,3,0,0,0,0,0,0,365,11,5,15,0,0,0,2,16,0,0,0,1
980,com.squareup.okhttp.internal.io.RealConnection,12544,getProtocol/0,83585,Cyclic-Dependent Modularization,1,27,56,1,82,8,16,0,11,4,0,0,0,0,0,12,0,8,4,0,0,2,0,0,284,0,2,0,0,1,25,6,47,6,0,34,4,0,0,0,0,0,0,0,0,10704,557,242,2816,0,0,447,2,26,0,0,0,1
253,okhttp3.internal.http.CacheStrategy,1664,CacheStrategy/2[okhttp3.Request,10763,Cyclic-Dependent Modularization,1,3,19,1,8,1,2,1,1,1,0,0,0,0,0,2,0,2,0,0,0,2,0,0,192,0,0,0,0,0,1,1,2,0,0,2,1,0,1,0,0,0,0,0,0,5713,373,162,2010,0,0,57,1,14,0,0,0,1
234,okhttp3.Request,1500,url/0,10599,Cyclic-Dependent Modularization,1,6,15,1,5,24,12,0,11,1,0,0,0,0,0,7,0,0,7,0,0,5,0,0,165,0,0,0,0,2,3,0,7,1,0,8,0,0,1,0,0,0,0,0,0,460,391,161,1611,0,0,581,3,62,0,0,0,1
549,com.squareup.okhttp.ResponseBody,8246,create/2[com.squareup.okhttp.MediaType,83740,Cyclic-Dependent Modularization,1,8,20,1,18,66,12,3,11,1,0,0,3,4,0,1,0,0,1,0,0,0,0,0,82,0,0,0,0,1,4,1,12,2,0,9,2,1,0,0,0,0,0,0,0,107,1,1,1,0,0,0,0,0,0,0,0,1
935,com.squareup.okhttp.TunnelRequest,11676,TunnelRequest/4[java.lang.String,51119,Cyclic-Dependent Modularization,1,2,6,1,3,0,2,0,1,0,0,0,0,0,0,4,0,0,0,0,0,4,0,0,28,0,0,0,0,1,12,0,5,2,0,5,1,0,0,0,0,0,0,0,0,12726,168,51,4704,0,0,11,1,2,0,0,0,1
128,butterknife.compiler.ViewBindings,619,hasMethodBinding/2[butterknife.internal.ListenerClass,1347,Cyclic-Dependent Modularization,1,7,22,1,15,19,11,0,10,0,0,0,0,0,0,3,0,0,3,0,0,2,0,0,84,0,3,0,0,0,0,0,10,0,0,7,4,0,0,0,0,0,0,0,0,1521,367,70,315,0,0,28,1,23,0,0,0,1
13692,org.springframework.boot.context.embedded.tomcat.TomcatContextCustomizer,100852,customize/1[Context],1174825,,0,1,1,0,0,0,0,0,0,0,0,0,0,0,0,0,0,0,0,0,0,0,0,0,1,0,0,0,0,0,0,0,0,0,0,-1,0,0,0,6,29,29,0,0,1,3862,722,158,748,0,0,679,2,15,0,0,0,0
6912,org.elasticsearch.index.similarity.DFRSimilarityProvider,50086,parseBasicModel/1[org.elasticsearch.common.settings.Settings],268548,,0,3,2,0,2,0,0,0,0,0,0,0,0,0,0,0,0,0,0,0,0,0,0,0,8,0,0,0,0,0,3,0,2,1,0,1,0,0,0,20,80,80,1,2,1,365,11,5,15,0,0,0,2,16,0,0,0,0
6230,org.elasticsearch.rest.action.admin.indices.settings.RestUpdateSettingsAction,46584,RestUpdateSettingsAction/3[org.elasticsearch.common.settings.Settings,655510,,0,0,49,0,4,0,0,0,0,0,0,0,0,0,0,0,0,0,0,0,0,0,0,0,1,0,3,0,0,0,0,0,2,0,0,0,0,0,0,0,0,0,1,5,0,107,1,1,1,0,0,0,0,0,0,0,0,0
4585,sample.parent.consumer.SampleIntegrationParentApplicationTests,33681,testVanillaExchange/0,349767,,0,4,1,0,2,0,0,0,0,0,0,0,0,0,0,0,0,0,0,0,0,0,0,0,4,0,0,0,0,0,2,0,0,0,0,0,0,0,0,7,59,59,0,0,0,460,391,161,1611,0,0,581,3,62,0,0,0,0
834,okhttp3.internal.ws.WebSocketHttpTest,10002,serverMessage/0,104671,,0,6,1,0,6,0,0,0,0,0,0,0,0,0,0,0,0,0,0,0,0,0,0,0,8,0,0,0,0,0,2,0,1,0,0,0,0,0,0,9,134,134,0,1,0,365,11,5,15,0,0,0,2,16,0,0,0,0
404,okhttp3.CacheTest,3285,varyMatchesAddedRequestHeaderField/0,130048,,0,10,1,0,13,0,0,0,0,0,0,0,0,0,0,0,0,0,0,0,0,0,0,0,8,0,0,0,0,0,10,0,2,0,0,0,0,0,0,15,1546,1546,0,2,0,365,11,5,15,0,0,0,2,16,0,0,0,0
463,okhttp3.InterceptorTest,4629,rewriteResponseFromServer/1[boolean],171091,,0,4,1,0,13,0,0,0,0,0,0,0,0,0,0,0,0,0,0,0,0,0,0,0,13,0,0,0,0,0,8,0,2,0,0,0,0,0,1,16,283,283,0,2,1,5713,373,162,2010,0,0,57,1,14,0,0,0,0
755,com.squareup.okhttp.HttpUrlTest,12691,hostIpv6CanonicalForm/0,149066,,0,2,1,0,3,0,0,0,0,0,0,0,0,0,0,0,0,0,0,0,0,0,0,0,15,0,0,0,0,0,26,0,0,0,0,0,0,0,0,7,408,408,0,0,0,1521,367,70,315,0,0,28,1,23,0,0,0,0
598,com.squareup.okhttp.internal.huc.HttpURLConnectionImpl,5957,HttpURLConnectionImpl/2[java.net.URL,25486,,0,105,1,0,1,0,0,0,0,0,0,0,0,0,0,0,0,0,0,0,0,0,0,0,0,0,105,0,0,0,0,0,0,1,0,0,0,0,0,0,0,2,4,0,0,5676,106,40,1012,0,0,0,1,14,0,0,0,0
3403,org.springframework.boot.autoconfigure.web.servlet.MultipartAutoConfigurationTests,26791,webServerWithNothing/0,523585,,0,8,1,0,7,0,0,0,0,0,0,0,0,0,0,0,0,0,0,0,0,0,0,0,8,0,0,0,0,0,0,2,2,0,0,0,0,0,0,16,76,76,0,1,0,365,11,5,15,0,0,0,2,16,0,0,0,0
406,okhttp3.CookieTest,3399,domainAndPath/0,77974,,0,2,1,0,7,0,0,0,0,0,0,0,0,0,0,0,0,0,0,0,0,0,0,0,7,0,0,0,0,0,4,0,1,0,0,0,0,0,0,12,104,104,0,1,0,11431,1074,133,243,0,0,654,1,12,0,0,0,0
11355,org.springframework.cache.interceptor.CachePutOperation,88904,getUnless/0,307366,,0,1,3,2,2,0,3,0,2,0,1,0,0,0,0,1,0,0,1,0,0,0,0,0,18,0,0,0,0,0,2,0,2,0,0,2,0,0,0,0,0,0,0,0,0,107,1,1,1,0,0,0,0,0,0,0,0,0
4519,sample.actuator.EndpointsPropertiesSampleActuatorApplicationTests,33485,testCustomContextPath/0,481656,,0,4,1,0,8,0,0,0,0,0,0,0,0,0,0,0,0,0,0,0,0,0,0,0,7,0,0,0,0,0,7,0,1,3,0,0,0,0,0,13,71,71,0,1,0,939,1,1,1,0,0,0,0,0,0,0,0,0
10850,org.springframework.orm.jpa.LocalContainerEntityManagerFactoryBeanTests,87178,testApplicationManagedEntityManagerWithJtaTransaction/0,1299511,,0,12,1,0,21,0,0,0,0,0,0,0,0,0,0,0,0,0,0,0,0,0,0,0,24,0,0,0,0,1,2,0,9,0,0,0,0,0,0,47,205,205,0,9,0,3862,722,158,748,0,0,679,2,15,0,0,0,0
16585,org.springframework.messaging.converter.DefaultContentTypeResolverTests,129045,resolveUnknownHeaderType/0,421624,,0,3,1,0,2,0,0,0,0,0,0,0,0,0,0,0,0,0,0,0,0,0,0,0,6,0,0,0,0,0,0,1,2,0,0,0,0,0,0,10,74,74,0,2,0,939,1,1,1,0,0,0,0,0,0,0,0,0
4496,sample.web.secure.custom.SampleWebSecureCustomApplication,33430,home/1[java.util.Map<java.lang.String,349252,,0,38,1,0,1,0,0,0,0,0,0,0,0,0,0,0,0,0,0,0,0,0,0,0,1,0,38,0,0,0,0,7,0,0,0,0,0,0,0,0,0,1,6,1,0,107,1,1,1,0,0,0,0,0,0,0,0,0
1303,org.springframework.boot.actuate.endpoint.annotation.DiscoveredEndpoint,15227,getEndpointBean/0,233689,,0,3,2,1,0,1,2,0,0,0,0,0,0,0,0,0,0,0,0,0,0,0,0,0,7,0,0,0,0,0,0,0,0,0,0,0,-1,0,0,0,0,0,0,0,0,5676,106,40,1012,0,0,0,1,14,0,0,0,0
3497,org.springframework.boot.autoconfigure.condition.ConditionalOnPropertyTests,27497,enabledIfNotConfiguredOtherwise/0,478924,,0,3,1,0,3,0,0,0,0,0,0,0,0,0,0,0,0,0,0,0,0,0,0,0,4,0,0,0,0,0,1,0,0,0,0,0,0,0,0,8,103,103,0,0,0,107,1,1,1,0,0,0,0,0,0,0,0,0
677,okhttp3.internal.platform.AndroidPlatform,9729,logCloseableLeak/2[java.lang.String,52510,,0,12,51,3,39,104,16,2,11,3,1,0,0,0,0,7,1,0,7,0,0,7,0,0,348,0,2,0,0,1,27,6,44,2,0,36,2,0,3,0,0,0,0,0,0,1521,367,70,315,0,0,28,1,23,0,0,0,0
1632,org.springframework.boot.ansi.AnsiOutput,17008,toString/1[java.lang.Object],400072,,0,3,19,1,12,13,6,6,2,4,0,0,0,0,0,6,6,0,6,0,0,5,0,0,80,0,2,0,0,2,7,1,13,1,0,9,3,0,0,0,0,0,0,0,0,365,11,5,15,0,0,0,2,16,0,0,0,0
4278,org.springframework.boot.devtools.autoconfigure.FileWatchingFailureHandler,32489,handle/1[java.lang.Throwable],442156,,0,6,2,0,9,0,0,0,0,0,0,0,0,0,0,0,0,0,0,0,0,0,0,0,14,0,0,0,0,0,0,1,2,0,0,1,0,0,0,19,44,44,1,2,1,939,1,1,1,0,0,0,0,0,0,0,0,0
7233,org.springframework.test.context.testng.AbstractTestNGSpringContextTests,55007,springTestContextAfterTestMethod/1[java.lang.reflect.Method],273469,,0,2,1,0,1,0,0,0,0,0,0,0,0,0,0,0,0,0,0,0,0,0,0,0,8,0,0,0,0,0,0,0,1,0,0,1,0,0,0,33,174,174,0,0,1,1521,367,70,315,0,0,28,1,23,0,0,0,0
1424,org.springframework.boot.actuate.endpoint.invoker.cache.CachingOperationInvokerAdvisorTests,15802,applyWhenTimeToLiveReturnsNullShouldNotAddAdvise/0,780464,,0,6,1,0,11,0,0,0,0,0,0,0,0,0,0,0,0,0,0,0,0,0,0,0,7,0,0,0,0,0,3,0,2,0,0,0,0,0,0,23,81,81,0,2,0,3862,722,158,748,0,0,679,2,15,0,0,0,0
67,butterknife.OnClickTest,256,failsIfPrivateMethod/0,5887,,0,2,1,0,9,0,0,0,0,0,0,0,0,0,0,0,0,0,0,0,0,0,0,0,4,0,0,0,0,0,10,1,1,1,0,0,0,0,0,24,292,292,0,1,0,11431,1074,133,243,0,0,654,1,12,0,0,0,0
331,okhttp3.internal.huc.ResponseCacheTest,2500,useCachesFalseDoesNotReadFromCache/0,57428,,0,5,1,0,9,0,0,0,0,0,0,0,0,0,0,0,0,0,0,0,0,0,0,0,8,0,0,0,0,0,7,0,1,0,0,0,0,0,0,22,2046,2046,0,1,0,1300,5,3,243,0,0,1,1,8,0,0,0,0
590,com.squareup.okhttp.sample.SampleServer,5805,contentType/1[java.lang.String],198650,,0,0,7,0,1,0,0,0,0,0,0,0,0,0,0,0,0,0,0,0,0,0,0,0,9,0,0,0,0,0,13,0,0,0,0,0,0,0,0,8,91,91,7,0,1,107,1,1,1,0,0,0,0,0,0,0,0,0
353,okhttp3.recipes.ConfigureTimeouts,2692,run/0,171623,,0,1,1,0,5,0,0,0,0,0,0,0,0,0,0,0,0,0,0,0,0,0,0,0,6,0,0,0,0,0,2,0,2,1,0,1,0,0,0,7,34,34,0,2,0,9695,25,18,296,0,0,120,1,2,0,0,0,0
611,com.squareup.okhttp.internal.http.ExternalSpdyExample,6425,main/1[java.lang.String[]],142595,,0,1,2,0,7,0,0,0,0,0,0,0,0,0,0,0,0,0,0,0,0,0,0,0,18,0,1,0,0,1,2,0,5,0,0,1,1,0,0,30,28,28,0,5,1,1521,367,70,315,0,0,28,1,23,0,0,0,0
482,com.squareup.okhttp.internal.Version,4971,userAgent/0,98559,,0,0,1,0,0,0,0,0,0,0,0,0,0,0,0,0,0,0,0,0,0,0,0,0,3,0,0,0,0,0,1,0,0,0,0,0,0,0,0,2,19,19,1,0,0,7628,1,1,1,0,0,0,2,214,0,0,0,0
3278,org.springframework.boot.autoconfigure.data.cassandra.CassandraReactiveRepositoriesAutoConfigurationTests,25991,doesNotTriggerDefaultRepositoryDetectionIfCustomized/0,559719,,0,4,1,0,2,0,0,0,0,0,0,0,0,0,0,0,0,0,0,0,0,0,0,0,7,0,0,0,0,0,0,0,0,0,0,0,0,0,1,15,87,87,0,0,0,1521,367,70,315,0,0,28,1,23,0,0,0,0
399,okhttp3.UrlConnectionCacheTest,3120,defaultExpirationDateFullyCachedForLessThan24Hours/0,108341,,0,6,1,0,11,0,0,0,0,0,0,0,0,0,0,0,0,0,0,0,0,0,0,0,8,0,0,0,0,0,7,2,2,2,0,0,0,0,0,22,483,483,0,2,0,10704,557,242,2816,0,0,447,2,26,0,0,0,0
468,okhttp3.CallTest,4693,invalidHost/0,56182,,0,7,1,0,5,0,0,0,0,0,0,0,0,0,0,0,0,0,0,0,0,0,0,0,4,0,0,0,0,0,1,0,1,0,0,0,0,0,0,7,3095,3095,0,1,0,7628,1,1,1,0,0,0,2,214,0,0,0,0
399,okhttp3.UrlConnectionCacheTest,3182,maxAgeInTheFutureWithDateHeader/0,58043,,0,3,1,0,3,0,0,0,0,0,0,0,0,0,0,0,0,0,0,0,0,0,0,0,3,0,0,0,0,0,2,1,0,1,0,0,0,0,0,16,560,560,0,0,0,12726,168,51,4704,0,0,11,1,2,0,0,0,0
382,okhttp3.internal.ws.RealWebSocket,9459,queueSize/0,40694,,0,0,1,0,0,0,0,0,0,0,0,0,0,0,0,0,0,0,0,0,0,0,0,0,3,0,0,0,0,0,0,0,0,0,0,0,0,0,0,2,160,160,1,0,0,10948,1,1,1,0,0,58,265,26503,0,0,0,0
1922,org.springframework.boot.context.properties.bind.validation.ValidationErrorsTests,19150,createWhenErrorsIsNullShouldThrowException/0,332367,,0,2,1,0,3,0,0,0,0,0,0,0,0,0,0,0,0,0,0,0,0,0,0,0,5,0,0,0,0,0,1,0,0,0,0,0,0,0,0,12,67,67,0,0,0,1521,367,70,315,0,0,28,1,23,0,0,0,0
5265,org.elasticsearch.common.inject.internal.Errors,38577,missingConstantValues/0,752375,,0,1,1,0,1,0,0,0,0,0,0,0,0,0,0,0,0,0,0,0,0,0,0,0,3,0,0,0,0,0,1,0,0,0,0,0,0,0,0,10,243,243,1,0,0,365,11,5,15,0,0,0,2,16,0,0,0,0
500,com.squareup.okhttp.internal.http.RouteSelector,5168,nextProxy/0,179381,,0,2,2,0,4,0,0,0,0,0,0,0,0,0,0,0,0,0,0,0,0,0,0,0,8,0,0,0,0,0,2,0,1,1,0,1,0,0,0,24,135,135,1,1,0,11431,1074,133,243,0,0,654,1,12,0,0,0,0
774,com.squareup.okhttp.internal.BitArray,9116,shiftLeft/1[int],150546,,0,0,1,0,0,0,0,0,0,0,0,0,0,0,0,0,0,0,0,0,0,0,0,0,1,0,0,0,0,0,0,0,0,0,0,-1,0,0,0,3,35,35,0,0,1,939,1,1,1,0,0,0,0,0,0,0,0,0
331,okhttp3.internal.huc.ResponseCacheTest,2482,requestMethodDeleteIsNotCached/0,11581,,0,2,1,0,1,0,0,0,0,0,0,0,0,0,0,0,0,0,0,0,0,0,0,0,3,0,0,0,0,0,1,0,0,0,0,0,0,0,0,9,702,702,0,0,0,5676,106,40,1012,0,0,0,1,14,0,0,0,0
1006,com.squareup.okhttp.ConnectionReuseTest,12968,connectionsAreEvicted/0,101234,,0,11,1,0,14,0,0,0,0,0,0,0,0,0,0,0,0,0,0,0,0,0,0,0,13,0,0,0,0,0,5,5,3,0,0,0,0,0,0,14,205,205,0,3,0,5676,106,40,1012,0,0,0,1,14,0,0,0,0
1683,org.springframework.boot.jta.atomikos.AtomikosDependsOnBeanFactoryPostProcessor,17260,addMessageDrivenContainerDependencies/2[ConfigurableListableBeanFactory,508380,,0,73,3,0,2,0,0,0,0,0,0,0,0,0,0,0,0,0,0,0,0,0,0,0,8,0,73,0,0,0,0,1,0,3,0,0,1,0,0,0,0,2,9,0,3,939,1,1,1,0,0,0,0,0,0,0,0,0
5836,org.elasticsearch.action.admin.indices.validate.query.ShardValidateQueryRequest,43594,types/0,357040,,0,0,1,0,0,0,0,0,0,0,0,0,0,0,0,0,0,0,0,0,0,0,0,0,3,0,0,0,0,0,0,0,0,0,0,0,0,0,0,1,61,61,1,0,0,35,368,112,1586,0,0,666,2,12,0,0,0,0
784,com.squareup.okhttp.internal.spdy.SpdyConnectionTest,9371,clientSendsEmptyDataServerDoesntSendWindowUpdateHttp2/0,188884,,0,2,1,0,1,0,0,0,0,0,0,0,0,0,0,0,0,0,0,0,0,0,0,0,3,0,0,0,0,0,0,0,0,0,0,0,0,0,0,21,1155,1155,0,0,0,5676,106,40,1012,0,0,0,1,14,0,0,0,0
226,okhttp3.Address,1429,sslSocketFactory/0,72022,,0,0,1,0,0,0,0,0,0,0,0,0,0,0,0,0,0,0,0,0,0,0,0,0,3,0,0,0,0,0,0,0,0,0,0,0,0,0,0,16,138,138,1,0,0,35,368,112,1586,0,0,666,2,12,0,0,0,0
3773,org.springframework.boot.test.context.SpringBootTestWebEnvironmentMockTests,29252,validateWebApplicationContextIsSet/0,636780,,0,2,1,0,3,0,0,0,0,0,0,0,0,0,0,0,0,0,0,0,0,0,0,0,4,0,0,0,0,0,0,0,1,0,0,0,0,0,0,10,66,66,0,1,0,107,1,1,1,0,0,0,0,0,0,0,0,0
4656,sample.data.jpa.domain.Review,33904,getRating/0,252366,,0,1,1,0,0,0,0,0,0,0,0,0,0,0,0,0,0,0,0,0,0,0,0,0,3,0,0,0,0,0,0,0,0,0,0,0,0,0,0,2,92,92,1,0,0,3862,722,158,748,0,0,679,2,15,0,0,0,0
396,okhttp3.internal.huc.DelegatingHttpsURLConnection,7652,setFixedLengthStreamingMode/1[long],144960,,0,1,1,0,1,0,0,0,0,0,0,0,0,0,0,0,0,0,0,0,0,0,0,0,3,0,0,0,0,0,0,0,0,0,0,0,0,0,0,6,265,265,0,0,1,10948,1,1,1,0,0,58,265,26503,0,0,0,0
2726,org.springframework.boot.test.autoconfigure.SpringBootDependencyInjectionTestExecutionListenerTests,23373,orderShouldBeSameAsDependencyInjectionTestExecutionListener/0,336681,,0,11,4,1,17,0,3,0,3,0,0,0,0,0,0,3,0,2,1,0,0,0,0,0,64,0,0,0,0,0,3,0,10,0,0,10,1,0,1,0,0,0,0,0,0,1521,367,70,315,0,0,28,1,23,0,0,0,0
463,okhttp3.InterceptorTest,4642,networkInterceptorsHaveConnectionAccess/0,110344,,0,9,1,0,9,0,0,0,0,0,0,0,0,0,0,0,0,0,0,0,0,0,0,0,14,0,0,0,0,0,1,0,3,0,0,0,1,0,0,22,172,172,0,2,0,10948,1,1,1,0,0,58,265,26503,0,0,0,0
495,com.squareup.okhttp.internal.DiskLruCache,8087,initialize/0,147161,,0,3,6,0,11,0,0,0,0,0,0,0,0,0,0,0,0,0,0,0,0,0,0,0,29,0,0,0,0,0,3,0,3,1,0,2,0,0,0,21,200,200,2,0,0,365,11,5,15,0,0,0,2,16,0,0,0,0
918,com.squareup.okhttp.internal.http.HttpsURLConnectionImpl,11300,getHostnameVerifier/0,126226,,0,1,1,0,1,0,0,0,0,0,0,0,0,0,0,0,0,0,0,0,0,0,0,0,3,0,0,0,0,0,0,0,0,0,0,0,0,0,0,3,54,54,1,0,0,939,1,1,1,0,0,0,0,0,0,0,0,0
320,okhttp3.FakeSSLSession,2325,getPeerCertificateChain/0,47849,,0,0,1,0,0,0,0,0,0,0,0,0,0,0,0,0,0,0,0,0,0,0,0,0,3,0,0,0,0,0,0,0,0,0,0,0,0,0,0,10,73,73,0,0,0,3862,722,158,748,0,0,679,2,15,0,0,0,0
468,okhttp3.CallTest,10521,dnsReturnsZeroIpAddresses/0,205177,,0,12,1,0,14,0,0,0,0,0,0,0,0,0,0,0,0,0,0,0,0,0,0,0,10,0,0,0,0,0,5,0,4,1,0,0,0,0,0,19,2738,2738,0,3,0,1521,367,70,315,0,0,28,1,23,0,0,0,0
1629,org.springframework.boot.diagnostics.FailureAnalyzers,16998,FailureAnalyzers/1[ConfigurableApplicationContext],425846,,0,1,1,0,0,0,0,0,0,0,0,0,0,0,0,0,0,0,0,0,0,0,0,0,3,0,0,0,0,0,0,0,0,0,0,0,0,0,0,6,58,58,0,0,1,365,11,5,15,0,0,0,2,16,0,0,0,0
17775,org.springframework.boot.autoconfigure.security.BootGlobalAuthenticationConfiguration,138072,bootGlobalAuthenticationConfigurationAdapter/1[ApplicationContext],738153,,0,3,1,0,0,0,0,0,0,0,0,0,0,0,0,0,0,0,0,0,0,0,0,0,3,0,0,0,0,0,0,0,0,0,0,0,0,0,0,9,56,56,1,0,1,35,368,112,1586,0,0,666,2,12,0,0,0,0
2176,org.springframework.boot.json.AbstractJsonParserTests,21327,listOfMaps/0,334561,,0,2,1,0,4,0,0,0,0,0,0,0,0,0,0,0,0,0,0,0,0,0,0,0,5,0,0,0,0,1,2,3,1,0,0,0,0,0,0,5,95,95,0,1,0,1300,5,3,243,0,0,1,1,8,0,0,0,0
12450,org.elasticsearch.cloud.aws.node.Ec2CustomNodeAttributes,77644,buildAttributes/0,504824,,0,2,5,0,11,0,0,0,0,0,0,0,0,0,0,0,0,0,0,0,0,0,0,0,29,0,0,0,0,0,6,2,7,1,0,2,0,0,0,27,47,47,3,6,0,365,11,5,15,0,0,0,2,16,0,0,0,0
214,okhttp3.mockwebserver.RecordedRequest,1274,getUtf8Body/0,46522,,0,1,1,0,2,0,0,0,0,0,0,0,0,0,0,0,0,0,0,0,0,0,0,0,3,0,0,0,0,0,0,0,0,0,0,0,0,0,0,4,139,139,1,0,0,460,391,161,1611,0,0,581,3,62,0,0,0,0
326,okhttp3.AndroidShimResponseCache,2376,get/3[java.net.URI,107713,,0,0,0,0,58,0,0,0,0,0,0,0,0,0,0,0,0,0,0,0,0,0,0,0,4,0,2,0,0,0,1,0,0,0,0,0,2,0,1,0,0,2,2,3,8,9695,25,18,296,0,0,120,1,2,0,0,0,0
22780,org.mockito.AdditionalMatchers,196532,leq/1[short],1183692,,0,2,1,0,1,0,0,0,0,0,0,0,0,0,0,0,0,0,0,0,0,0,0,0,4,0,0,0,0,0,0,1,0,0,0,0,0,0,0,19,235,235,1,0,1,3862,722,158,748,0,0,679,2,15,0,0,0,0
295,okhttp3.HttpUrl,2071,percentDecode/2[java.lang.String,102832,,0,1608,1,0,1,0,0,0,0,0,0,0,0,0,0,0,0,0,0,0,0,0,0,0,2,0,1608,0,0,0,0,0,1,0,0,0,0,0,0,0,0,2,3,1,0,9695,25,18,296,0,0,120,1,2,0,0,0,0
747,com.squareup.okhttp.internal.ws.WebSocketWriterTest,8506,clientPingWithPayload/0,116271,,0,4,1,0,3,0,0,0,0,0,0,0,0,0,0,0,0,0,0,0,0,0,0,0,4,0,0,0,0,0,2,0,0,0,0,0,0,0,0,10,254,254,0,0,0,107,1,1,1,0,0,0,0,0,0,0,0,0
762,com.squareup.okhttp.internal.spdy.Http2Test,8829,goAwayWithoutDebugDataRoundTrip/0,26571,,0,5,1,0,6,0,0,0,0,0,0,0,0,0,0,0,0,0,0,0,0,0,0,0,18,0,0,0,0,0,0,2,1,0,0,0,1,0,0,25,564,564,0,1,0,12264,1068,259,2113,0,0,611,1,15,0,0,0,0
11041,org.springframework.web.struts.ContextLoaderPlugIn,88044,setContextClass/1[java.lang.Class],306506,,0,0,1,0,0,0,0,0,0,0,0,0,0,0,0,0,0,0,0,0,0,0,0,0,3,0,0,0,0,0,0,0,1,0,0,0,0,0,0,20,163,163,0,0,1,1521,367,70,315,0,0,28,1,23,0,0,0,0
551,com.squareup.okhttp.OkHttpClient,5632,clone/0,147754,,0,1,1,0,0,0,0,0,0,0,0,0,0,0,0,0,0,0,0,0,0,0,0,0,3,0,0,0,0,0,0,0,0,0,0,0,0,0,0,9,642,642,1,0,0,11040,1183,280,1924,0,0,270,1,19,0,0,0,0
331,okhttp3.internal.huc.ResponseCacheTest,2525,nonIdentityEncodingAndConditionalCache/0,53261,,0,3,1,0,3,0,0,0,0,0,0,0,0,0,0,0,0,0,0,0,0,0,0,0,3,0,0,0,0,0,2,2,0,2,0,0,0,0,0,14,930,930,0,0,0,5676,106,40,1012,0,0,0,1,14,0,0,0,0
14029,org.springframework.boot.autoconfigure.social.TwitterAutoConfigurationTests,103196,noTwitterBeanCreatedWhenPropertiesArentSet/0,705634,,0,6,1,0,4,0,0,0,0,0,0,0,0,0,0,0,0,0,0,0,0,0,0,0,8,0,0,0,0,0,0,0,1,0,0,0,0,0,0,20,51,51,0,0,0,365,11,5,15,0,0,0,2,16,0,0,0,0
449,okhttp3.URLConnectionTest,4354,serverSendsInvalidCodeNotANumber/0,212293,,0,5,2,0,7,0,0,0,0,0,0,0,0,0,0,0,0,0,0,0,0,0,0,0,10,0,0,0,0,0,2,0,1,0,0,1,0,0,0,16,269,269,0,0,0,10948,1,1,1,0,0,58,265,26503,0,0,0,0
14775,org.elasticsearch.index.mapper.ObjectMapperListener,110584,objectMapper/1[org.elasticsearch.index.mapper.object.ObjectMapper],456058,,0,2,3,2,1,1,2,0,2,0,0,0,1,0,0,0,0,0,0,0,0,0,0,0,19,0,1,0,0,0,0,0,0,0,0,0,1,0,1,0,0,0,0,0,0,107,1,1,1,0,0,0,0,0,0,0,0,0
468,okhttp3.CallTest,4712,cancelImmediatelyAfterEnqueue/0,224911,,0,5,1,0,10,0,0,0,0,0,0,0,0,0,0,0,0,0,0,0,0,0,0,0,19,0,0,0,0,0,4,1,3,0,0,0,0,0,1,20,2300,2300,0,2,0,10704,557,242,2816,0,0,447,2,26,0,0,0,0
596,com.squareup.okhttp.internal.huc.CacheAdapter,5896,get/1[com.squareup.okhttp.Request],151271,,0,4,2,0,2,0,0,0,0,0,0,0,0,0,0,0,0,0,0,0,0,0,0,0,7,0,0,0,0,0,0,0,1,0,0,1,0,0,0,12,43,43,2,1,1,35,368,112,1586,0,0,666,2,12,0,0,0,0
13775,org.springframework.boot.bind.RelaxedPropertyResolverTests,101573,getPropertyNoSeparator/0,320285,,0,2,1,0,3,0,0,0,0,0,0,0,0,0,0,0,0,0,0,0,0,0,0,0,4,0,0,0,0,0,4,0,0,0,0,0,0,0,0,7,93,93,0,0,0,460,391,161,1611,0,0,581,3,62,0,0,0,0
840,okhttp3.internal.http2.HpackTest,10187,readSingleByteInt/0,130670,,0,2,1,0,4,0,0,0,0,0,0,0,0,0,0,0,0,0,0,0,0,0,0,0,4,0,0,0,0,0,0,7,0,0,0,0,0,0,0,12,749,749,0,0,0,11431,1074,133,243,0,0,654,1,12,0,0,0,0
13177,org.springframework.beans.factory.support.BeanDefinitionValueResolver,96725,resolveManagedMap/2[java.lang.Object,315187,,0,0,375,0,2,0,0,0,0,0,0,0,0,0,0,0,0,0,0,0,0,0,0,0,2,0,2,0,0,0,0,0,0,0,0,3,0,1,0,0,0,3,6,9,1,1300,5,3,243,0,0,1,1,8,0,0,0,0
5251,org.elasticsearch.common.inject.internal.BindingImpl,38480,getProvider/0,352022,,0,3,3,0,1,0,0,0,0,0,0,0,0,0,0,0,0,0,0,0,0,0,0,0,9,0,0,0,0,0,1,0,1,0,0,2,0,0,0,12,65,65,1,0,0,939,1,1,1,0,0,0,0,0,0,0,0,0
324,okhttp3.internal.huc.CacheAdapter,7562,trackResponse/1[okhttp3.internal.cache.CacheStrategy],214424,,0,1,1,0,0,0,0,0,0,0,0,0,0,0,0,0,0,0,0,0,0,0,0,0,2,0,0,0,0,0,0,0,0,0,0,0,0,0,0,5,93,93,0,0,1,9695,25,18,296,0,0,120,1,2,0,0,0,0
844,okhttp3.internal.http2.HuffmanTest,10298,assertRoundTrip/1[ByteString],130741,,0,4,1,0,10,0,0,0,0,0,0,0,0,0,0,0,0,0,0,0,0,0,0,0,7,0,0,0,0,0,0,0,2,0,0,0,0,0,0,15,42,42,0,2,1,5713,373,162,2010,0,0,57,1,14,0,0,0,0
834,okhttp3.internal.ws.WebSocketHttpTest,10006,readTimeoutDoesNotApplyAcrossFrames/0,48759,,0,7,1,0,9,0,0,0,0,0,0,0,0,0,0,0,0,0,0,0,0,0,0,0,10,0,0,0,0,0,2,1,2,1,0,0,0,0,0,18,552,552,0,2,0,8955,2841,573,4338,0,0,4926,2,17,0,0,0,2
845,okhttp3.internal.UtilTest,10820,immutableMap/0,88814,,0,2,2,0,7,0,0,0,0,0,0,0,0,0,0,0,0,0,0,0,0,0,0,0,14,0,0,0,0,0,6,0,2,0,0,1,0,0,0,11,27,27,0,2,0,3862,722,158,748,0,0,679,2,15,0,0,0,2
468,okhttp3.CallTest,4771,postZerolength_HTTPS/0,50412,,0,2,1,0,2,0,0,0,0,0,0,0,0,0,0,0,0,0,0,0,0,0,0,0,4,0,0,0,0,0,0,0,0,0,0,0,0,0,0,12,359,359,0,0,0,9695,25,18,296,0,0,120,1,2,0,0,0,2
449,okhttp3.URLConnectionTest,4304,fullyBufferedPostIsTooShort/0,64189,,0,5,2,0,7,0,0,0,0,0,0,0,0,0,0,0,0,0,0,0,0,0,0,0,21,0,0,0,0,0,2,0,1,0,0,1,1,0,0,28,3018,3018,0,1,0,10948,1,1,1,0,0,58,265,26503,0,0,0,2
853,okhttp3.EventListenerTest,10485,successfulSocksProxyConnect/0,64415,,0,9,1,0,19,0,0,0,0,0,0,0,0,0,0,0,0,0,0,0,0,0,0,0,20,0,0,0,0,0,2,1,8,1,0,0,0,0,0,22,594,594,0,6,0,11431,1074,133,243,0,0,654,1,12,0,0,0,2
853,okhttp3.EventListenerTest,10481,requestBodyFailHttp/0,64398,,0,2,1,0,1,0,0,0,0,0,0,0,0,0,0,0,0,0,0,0,0,0,0,0,3,0,0,0,0,0,0,0,0,0,0,0,0,0,0,5,970,970,0,0,0,12264,1068,259,2113,0,0,611,1,15,0,0,0,2
449,okhttp3.URLConnectionTest,4370,requestBodySurvivesRetriesWithChunkedStreaming/0,64174,,0,2,1,0,1,0,0,0,0,0,0,0,0,0,0,0,0,0,0,0,0,0,0,0,3,0,0,0,0,0,0,0,0,0,0,0,0,0,0,10,287,287,0,0,0,3862,722,158,748,0,0,679,2,15,0,0,0,2
468,okhttp3.CallTest,4706,serverSendsUnnecessaryWhitespace/0,50477,,0,5,1,0,4,0,0,0,0,0,0,0,0,0,0,0,0,0,0,0,0,0,0,0,4,0,0,0,0,0,3,0,0,0,0,0,0,0,0,13,3196,3196,0,0,0,12264,1068,259,2113,0,0,611,1,15,0,0,0,2
853,okhttp3.EventListenerTest,10485,successfulSocksProxyConnect/0,64415,,0,9,1,0,19,0,0,0,0,0,0,0,0,0,0,0,0,0,0,0,0,0,0,0,20,0,0,0,0,0,2,1,8,1,0,0,0,0,0,22,594,594,0,6,0,9695,25,18,296,0,0,120,1,2,0,0,0,2
468,okhttp3.CallTest,4675,postBodyRetransmittedOnFailureRecovery/0,64725,,0,5,1,0,18,0,0,0,0,0,0,0,0,0,0,0,0,0,0,0,0,0,0,0,19,0,0,0,0,0,10,3,7,0,0,0,0,0,0,20,1467,1467,0,7,0,8955,2841,573,4338,0,0,4926,2,17,0,0,0,2
468,okhttp3.CallTest,4725,networkDropsOnConditionalGet/0,50483,,0,8,1,0,11,0,0,0,0,0,0,0,0,0,0,0,0,0,0,0,0,0,0,0,7,0,0,0,0,0,5,1,2,0,0,0,0,0,0,16,1656,1656,0,0,0,12264,1068,259,2113,0,0,611,1,15,0,0,0,2
836,okhttp3.internal.http2.HttpOverHttp2Test,10073,noRecoveryFromInternalErrorWithRetryDisabled/0,63299,,0,2,1,0,1,0,0,0,0,0,0,0,0,0,0,0,0,0,0,0,0,0,0,0,3,0,0,0,0,0,0,0,0,0,0,0,0,0,0,9,985,985,0,0,0,12264,1068,259,2113,0,0,611,1,15,0,0,0,2
468,okhttp3.CallTest,4833,delete_HTTP_2/0,64836,,0,2,1,0,2,0,0,0,0,0,0,0,0,0,0,0,0,0,0,0,0,0,0,0,4,0,0,0,0,0,0,0,0,0,0,0,0,0,0,9,510,510,0,0,0,35,368,112,1586,0,0,666,2,12,0,0,0,2
468,okhttp3.CallTest,4679,matchingPinnedCertificate/0,50473,,0,15,2,0,23,0,0,0,0,0,0,0,0,0,0,0,0,0,0,0,0,0,0,0,18,0,1,0,0,0,3,0,6,0,0,1,0,0,0,25,1318,1318,0,5,0,460,391,161,1611,0,0,581,3,62,0,0,0,2
468,okhttp3.CallTest,4702,responseCookies/0,64699,,0,6,1,0,13,0,0,0,0,0,0,0,0,0,0,0,0,0,0,0,0,0,0,0,10,0,0,0,0,0,7,4,3,0,0,0,0,0,0,24,2040,2040,0,2,0,10704,557,242,2816,0,0,447,2,26,0,0,0,2
449,okhttp3.URLConnectionTest,4327,clientConfiguredGzipContentEncoding/0,64018,,0,7,1,0,17,0,0,0,0,0,0,0,0,0,0,0,0,0,0,0,0,0,0,0,10,0,0,0,0,0,8,0,4,0,0,0,0,0,0,29,1326,1326,0,4,0,1521,367,70,315,0,0,28,1,23,0,0,0,2
468,okhttp3.CallTest,11279,requestBodyThrowsUnrelatedToNetwork_HTTP2/0,50395,,0,2,1,0,2,0,0,0,0,0,0,0,0,0,0,0,0,0,0,0,0,0,0,0,4,0,0,0,0,0,0,0,0,0,0,0,0,0,0,13,3632,3632,0,0,0,10948,1,1,1,0,0,58,265,26503,0,0,0,2
22817,org.mockito.internal.creation.bytebuddy.SubclassByteBuddyMockMaker,196731,createMockType/1[org.mockito.mock.MockCreationSettings<T>],1076411,,0,5,2,0,6,0,0,0,0,0,0,0,0,0,0,0,0,0,0,0,0,0,0,0,8,0,0,0,0,0,0,0,0,0,0,1,0,0,0,11,69,69,1,0,1,3862,722,158,748,0,0,679,2,15,0,0,0,2
468,okhttp3.CallTest,10906,httpsCallsFailWhenProtocolIsH2PriorKnowledge/0,50297,,0,8,2,0,16,0,0,0,0,0,0,0,0,0,0,0,0,0,0,0,0,0,0,0,13,0,0,0,0,0,2,0,2,0,0,1,0,0,0,25,1282,1282,0,1,0,12264,1068,259,2113,0,0,611,1,15,0,0,0,2
382,okhttp3.internal.ws.RealWebSocket,9475,initReaderAndWriter/2[java.lang.String,46865,,0,252,6,0,3,0,0,0,0,0,0,0,0,0,0,0,0,0,0,0,0,0,0,0,4,0,252,0,0,0,0,0,2,4,0,0,2,0,0,0,0,2,14,0,0,10704,557,242,2816,0,0,447,2,26,0,0,0,2
838,okhttp3.internal.http2.MockHttp2Peer,10140,toString/0,63392,,0,0,1,0,0,0,0,0,0,0,0,0,0,0,0,0,0,0,0,0,0,0,0,0,3,0,0,0,0,0,2,0,0,1,0,0,0,0,0,3,194,194,1,0,0,7628,1,1,1,0,0,0,2,214,0,0,0,2
449,okhttp3.URLConnectionTest,4245,redirectedFromHttpToHttpsFollowingProtocolRedirects/0,64115,,0,5,1,0,17,0,0,0,0,0,0,0,0,0,0,0,0,0,0,0,0,0,0,0,8,0,0,0,0,0,6,0,2,1,0,0,0,0,0,31,2115,2115,0,1,0,460,391,161,1611,0,0,581,3,62,0,0,0,2
468,okhttp3.CallTest,4708,illegalToExecuteTwice_Async/0,50468,,0,10,3,0,19,0,0,0,0,0,0,0,0,0,0,0,0,0,0,0,0,0,0,0,22,0,0,0,0,0,9,0,2,0,0,1,0,0,0,21,656,656,0,2,0,460,391,161,1611,0,0,581,3,62,0,0,0,2
449,okhttp3.URLConnectionTest,4240,zeroLengthPost_HTTP_2/0,64185,,0,2,1,0,2,0,0,0,0,0,0,0,0,0,0,0,0,0,0,0,0,0,0,0,4,0,0,0,0,0,0,0,0,0,0,0,0,0,0,11,3341,3341,0,0,0,1300,5,3,243,0,0,1,1,8,0,0,0,2
449,okhttp3.URLConnectionTest,4249,chunkedUpload_byteByByte/0,64116,,0,2,1,0,1,0,0,0,0,0,0,0,0,0,0,0,0,0,0,0,0,0,0,0,3,0,0,0,0,0,0,0,0,0,0,0,0,0,0,7,425,425,0,0,0,7628,1,1,1,0,0,0,2,214,0,0,0,2
786,okhttp3.mockwebserver.internal.http2.Http2Server,9411,contentType/1[java.io.File],62561,,0,0,8,0,2,0,0,0,0,0,0,0,0,0,0,0,0,0,0,0,0,0,0,0,10,0,0,0,0,0,15,0,0,0,0,0,0,0,0,4,170,170,8,0,1,10948,1,1,1,0,0,58,265,26503,0,0,0,2
449,okhttp3.URLConnectionTest,4386,testRedirected/2[okhttp3.URLConnectionTest.TransferKind,64202,,0,2013,5,0,2,0,0,0,0,0,0,0,0,0,0,0,0,0,0,0,0,0,0,0,16,0,2013,0,0,0,0,8,2,4,0,0,1,0,0,0,0,2,15,0,4,460,391,161,1611,0,0,581,3,62,0,0,0,2
838,okhttp3.internal.http2.MockHttp2Peer,10140,toString/0,63392,,0,0,1,0,0,0,0,0,0,0,0,0,0,0,0,0,0,0,0,0,0,0,0,0,3,0,0,0,0,0,2,0,0,1,0,0,0,0,0,3,194,194,1,0,0,5713,373,162,2010,0,0,57,1,14,0,0,0,2
834,okhttp3.internal.ws.WebSocketHttpTest,9988,throwingOnOpenFailsImmediately/0,48796,,0,6,1,0,8,0,0,0,0,0,0,0,0,0,0,0,0,0,0,0,0,0,0,0,15,0,0,0,0,0,0,0,1,0,0,0,1,0,0,17,156,156,0,1,0,3862,722,158,748,0,0,679,2,15,0,0,0,2
449,okhttp3.URLConnectionTest,4305,redirectedOnHttps/0,64145,,0,6,1,0,22,0,0,0,0,0,0,0,0,0,0,0,0,0,0,0,0,0,0,0,13,0,0,0,0,0,8,1,4,0,0,0,0,0,0,32,2036,2036,0,3,0,939,1,1,1,0,0,0,0,0,0,0,0,2
23175,org.mockitousage.customization.BDDMockitoTest,198787,should_stub_with_throwable_classes/0,1080739,,0,6,2,0,6,0,0,0,0,0,0,0,0,0,0,0,0,0,0,0,0,0,0,0,9,0,0,0,0,0,4,0,0,0,0,1,0,0,0,12,63,63,0,0,0,3862,722,158,748,0,0,679,2,15,0,0,0,2
838,okhttp3.internal.http2.MockHttp2Peer,10143,acceptFrame/0,63397,,0,0,1,0,0,0,0,0,0,0,0,0,0,0,0,0,0,0,0,0,0,0,0,0,3,0,0,0,0,0,0,0,0,0,0,0,0,0,0,4,66,66,0,0,0,8955,2841,573,4338,0,0,4926,2,17,0,0,0,2
468,okhttp3.CallTest,4803,tearDown/0,50432,,0,2,1,0,2,0,0,0,0,0,0,0,0,0,0,0,0,0,0,0,0,0,0,0,4,0,0,0,0,0,0,0,0,0,0,0,0,0,0,5,122,122,0,0,0,8955,2841,573,4338,0,0,4926,2,17,0,0,0,2
468,okhttp3.CallTest,10549,authenticateWithNoConnection/0,50485,,0,8,1,0,12,0,0,0,0,0,0,0,0,0,0,0,0,0,0,0,0,0,0,0,7,0,0,0,0,0,2,2,2,0,0,0,0,0,0,31,465,465,0,1,0,11431,1074,133,243,0,0,654,1,12,0,0,0,2
468,okhttp3.CallTest,4763,getWithRequestBody/0,50285,,0,6,2,0,5,0,0,0,0,0,0,0,0,0,0,0,0,0,0,0,0,0,0,0,9,0,0,0,0,0,3,0,0,0,0,1,0,0,0,11,217,217,0,0,0,939,1,1,1,0,0,0,0,0,0,0,0,2
449,okhttp3.URLConnectionTest,4319,connectViaHttpProxyToHttpsUsingBadProxyAndHttpResponseCache/0,64142,,0,7,1,0,24,0,0,0,0,0,0,0,0,0,0,0,0,0,0,0,0,0,0,0,13,0,0,0,0,0,7,0,4,0,0,0,0,0,0,50,926,926,0,3,0,1300,5,3,243,0,0,1,1,8,0,0,0,2
853,okhttp3.EventListenerTest,10490,noSecureConnectsOnPooledConnection/0,64416,,0,8,1,0,16,0,0,0,0,0,0,0,0,0,0,0,0,0,0,0,0,0,0,0,18,0,0,0,0,0,4,2,6,0,0,0,0,0,0,30,747,747,0,5,0,3862,722,158,748,0,0,679,2,15,0,0,0,2
468,okhttp3.CallTest,11278,socketFactoryWithCipherSuite/2[javax.net.ssl.SSLSocketFactory,64860,,0,3869,3,0,1,0,0,0,0,0,0,0,0,0,0,0,0,0,0,0,0,0,0,0,0,0,3869,0,0,0,0,0,0,0,0,0,0,1,0,0,0,2,9,1,0,9695,25,18,296,0,0,120,1,2,0,0,0,2
853,okhttp3.EventListenerTest,10442,secondCallEventSequence/0,64453,,0,8,1,0,13,0,0,0,0,0,0,0,0,0,0,0,0,0,0,0,0,0,0,0,12,0,0,0,0,0,12,0,2,0,0,0,0,0,0,20,234,234,0,2,0,1300,5,3,243,0,0,1,1,8,0,0,0,2
786,okhttp3.mockwebserver.internal.http2.Http2Server,9412,doSsl/1[java.net.Socket],62566,,0,0,1,0,9,0,0,0,0,0,0,0,0,0,0,0,0,0,0,0,0,0,0,0,7,0,0,0,0,0,0,0,1,0,0,0,0,0,0,11,91,91,1,1,1,939,1,1,1,0,0,0,0,0,0,0,0,2
449,okhttp3.URLConnectionTest,4204,malformedUrlThrowsUnknownHostException/0,64008,,0,2,2,0,4,0,0,0,0,0,0,0,0,0,0,0,0,0,0,0,0,0,0,0,8,0,0,0,0,0,1,0,0,0,0,1,0,0,0,14,2778,2778,0,0,0,10948,1,1,1,0,0,58,265,26503,0,0,0,2
468,okhttp3.CallTest,4676,gzip/1[java.lang.String],64695,,0,4,1,0,3,0,0,0,0,0,0,0,0,0,0,0,0,0,0,0,0,0,0,0,7,0,0,0,0,0,0,0,2,0,0,0,0,0,0,11,3845,3845,1,2,1,12264,1068,259,2113,0,0,611,1,15,0,0,0,2
468,okhttp3.CallTest,4763,getWithRequestBody/0,64740,,0,3,2,0,5,0,0,0,0,0,0,0,0,0,0,0,0,0,0,0,0,0,0,0,9,0,0,0,0,0,3,0,0,0,0,1,0,0,0,11,220,220,0,0,0,5713,373,162,2010,0,0,57,1,14,0,0,0,2
468,okhttp3.CallTest,10907,failedAuthenticatorReleasesConnection/0,64843,,0,4,1,0,12,0,0,0,0,0,0,0,0,0,0,0,0,0,0,0,0,0,0,0,10,0,0,0,0,0,1,2,2,0,0,0,0,0,1,16,3562,3562,0,1,0,10704,557,242,2816,0,0,447,2,26,0,0,0,2
449,okhttp3.URLConnectionTest,4356,setValidRequestMethod/0,64022,,0,2,1,0,4,0,0,0,0,0,0,0,0,0,0,0,0,0,0,0,0,0,0,0,18,0,0,0,0,0,16,0,0,0,0,0,0,0,0,9,1696,1696,0,0,0,3862,722,158,748,0,0,679,2,15,0,0,0,2
449,okhttp3.URLConnectionTest,4196,connectionCloseWithRedirect/0,64203,,0,4,1,0,14,0,0,0,0,0,0,0,0,0,0,0,0,0,0,0,0,0,0,0,8,0,0,0,0,0,6,2,1,0,0,0,0,0,0,24,2645,2645,0,1,0,939,1,1,1,0,0,0,0,0,0,0,0,2
468,okhttp3.CallTest,4714,canceledAfterResponseIsDeliveredBreaksStreamButSignalsOnce_HTTPS/0,50484,,0,2,1,0,2,0,0,0,0,0,0,0,0,0,0,0,0,0,0,0,0,0,0,0,4,0,0,0,0,0,0,0,0,0,0,0,0,0,0,18,2438,2438,0,0,0,12264,1068,259,2113,0,0,611,1,15,0,0,0,2
468,okhttp3.CallTest,10535,responseHeaderNameWithTabPermitted/0,64807,,0,5,1,0,11,0,0,0,0,0,0,0,0,0,0,0,0,0,0,0,0,0,0,0,6,0,0,0,0,0,6,0,2,0,0,0,0,0,0,13,3342,3342,0,2,0,7628,1,1,1,0,0,0,2,214,0,0,0,2
834,okhttp3.internal.ws.WebSocketHttpTest,10004,clientCancelsIfCloseIsNotAcknowledged/0,48758,,0,7,1,0,14,0,0,0,0,0,0,0,0,0,0,0,0,0,0,0,0,0,0,0,14,0,0,0,0,0,3,7,4,1,0,0,0,0,0,28,655,655,0,4,0,365,11,5,15,0,0,0,2,16,0,0,0,2
449,okhttp3.URLConnectionTest,4237,postBodiesRetransmittedOnAuthProblems/0,64080,,0,2,1,0,1,0,0,0,0,0,0,0,0,0,0,0,0,0,0,0,0,0,0,0,3,0,0,0,0,0,1,0,0,0,0,0,0,0,0,7,3077,3077,0,0,0,8955,2841,573,4338,0,0,4926,2,17,0,0,0,2
694,okhttp3.internal.connection.RouteSelectorTest,7831,explicitDirectProxy/0,63755,,0,6,1,0,11,0,0,0,0,0,0,0,0,0,0,0,0,0,0,0,0,0,0,0,13,0,0,0,0,0,0,3,3,0,0,0,0,0,0,14,166,166,0,3,0,3862,722,158,748,0,0,679,2,15,0,0,0,2
449,okhttp3.URLConnectionTest,4237,postBodiesRetransmittedOnAuthProblems/0,64080,,0,2,1,0,1,0,0,0,0,0,0,0,0,0,0,0,0,0,0,0,0,0,0,0,3,0,0,0,0,0,1,0,0,0,0,0,0,0,0,7,3077,3077,0,0,0,939,1,1,1,0,0,0,0,0,0,0,0,2
23175,org.mockitousage.customization.BDDMockitoTest,198811,should_stub_using_do_answer_style/0,1080791,,0,6,1,0,6,0,0,0,0,0,0,0,0,0,0,0,0,0,0,0,0,0,0,0,9,0,0,0,0,0,2,0,0,0,0,0,1,0,0,17,198,198,0,0,0,3862,722,158,748,0,0,679,2,15,0,0,0,2
832,okhttp3.RecordingEventListener,9935,clearAllEvents/0,62933,,0,0,1,0,1,0,0,0,0,0,0,0,0,0,0,0,0,0,0,0,0,0,0,0,3,0,0,0,0,0,0,0,0,0,0,0,0,0,0,3,66,66,0,0,0,35,368,112,1586,0,0,666,2,12,0,0,0,2
449,okhttp3.URLConnectionTest,4247,redirectedWithContentLengthHeader/0,64172,,0,2,1,0,1,0,0,0,0,0,0,0,0,0,0,0,0,0,0,0,0,0,0,0,3,0,0,0,0,0,0,0,0,0,0,0,0,0,0,8,2005,2005,0,0,0,12405,5,3,4,0,0,0,1,1,0,0,0,2
786,okhttp3.mockwebserver.internal.http2.Http2Server,9414,Http2Server/2[java.io.File,62564,,0,52,0,0,1,0,0,0,0,0,0,0,0,0,0,0,0,0,0,0,0,0,0,0,0,0,52,0,0,0,0,0,0,2,0,0,0,0,0,0,0,2,4,0,0,9695,25,18,296,0,0,120,1,2,0,0,0,2
468,okhttp3.CallTest,4732,failingCallsDoNotInterfereWithConnection/0,64830,,0,6,1,0,12,0,0,0,0,0,0,0,0,0,0,0,0,0,0,0,0,0,0,0,20,0,0,0,0,0,4,0,2,0,0,0,1,0,0,45,2906,2906,0,2,0,460,391,161,1611,0,0,581,3,62,0,0,0,2
468,okhttp3.CallTest,4698,http205WithBodyDisallowed/0,64773,,0,4,1,0,5,0,0,0,0,0,0,0,0,0,0,0,0,0,0,0,0,0,0,0,4,0,0,0,0,0,3,1,0,0,0,0,0,0,0,21,2230,2230,0,0,0,8955,2841,573,4338,0,0,4926,2,17,0,0,0,2
694,okhttp3.internal.connection.RouteSelectorTest,7839,getHostString/0,63751,,0,2,1,0,7,0,0,0,0,0,0,0,0,0,0,0,0,0,0,0,0,0,0,0,12,0,0,0,0,0,9,13,5,0,0,0,0,0,0,10,425,425,0,1,0,1521,367,70,315,0,0,28,1,23,0,0,0,2
448,okhttp3.ConnectionReuseTest,4150,connectionsAreNotReusedWithResponseConnectionClose/0,63967,,0,4,1,0,6,0,0,0,0,0,0,0,0,0,0,0,0,0,0,0,0,0,0,0,7,0,0,0,0,0,6,0,2,0,0,0,0,0,0,15,86,86,0,2,0,12405,5,3,4,0,0,0,1,1,0,0,0,2
853,okhttp3.EventListenerTest,10473,requestBodySuccessEmpty/0,64400,,0,2,1,0,4,0,0,0,0,0,0,0,0,0,0,0,0,0,0,0,0,0,0,0,3,0,0,0,0,0,2,2,0,0,0,0,0,0,0,10,1111,1111,0,0,0,107,1,1,1,0,0,0,0,0,0,0,0,2
836,okhttp3.internal.http2.HttpOverHttp2Test,10066,readTimeoutMoreGranularThanBodySize/0,63293,,0,6,1,0,14,0,0,0,0,0,0,0,0,0,0,0,0,0,0,0,0,0,0,0,9,0,0,0,0,0,1,4,4,0,0,0,0,0,0,48,529,529,0,3,0,5713,373,162,2010,0,0,57,1,14,0,0,0,2
468,okhttp3.CallTest,4691,doesNotFollow21Redirects_Async/0,64677,,0,4,2,0,9,0,0,0,0,0,0,0,0,0,0,0,0,0,0,0,0,0,0,0,8,0,1,0,0,2,5,5,2,4,0,1,0,0,0,17,2208,2208,0,2,0,5713,373,162,2010,0,0,57,1,14,0,0,0,2
449,okhttp3.URLConnectionTest,4263,requestBodySurvivesRetriesWithFixedLength/0,64129,,0,2,1,0,1,0,0,0,0,0,0,0,0,0,0,0,0,0,0,0,0,0,0,0,3,0,0,0,0,0,0,0,0,0,0,0,0,0,0,10,283,283,0,0,0,10704,557,242,2816,0,0,447,2,26,0,0,0,2
468,okhttp3.CallTest,4763,getWithRequestBody/0,50285,,0,6,2,0,5,0,0,0,0,0,0,0,0,0,0,0,0,0,0,0,0,0,0,0,9,0,0,0,0,0,3,0,0,0,0,1,0,0,0,11,217,217,0,0,0,12726,168,51,4704,0,0,11,1,2,0,0,0,2
888,okhttp3.tls.HandshakeCertificatesTest,10937,clientAndServer/0,65269,,0,6,1,0,18,0,0,0,0,0,0,0,0,0,0,0,0,0,0,0,0,0,0,0,20,0,0,0,0,0,1,4,13,0,0,0,0,0,0,27,59,59,0,13,0,11040,1183,280,1924,0,0,270,1,19,0,0,0,2
836,okhttp3.internal.http2.HttpOverHttp2Test,10089,firstFrame/2[java.util.List<java.lang.String>,63308,,0,1263,0,0,3,0,0,0,0,0,0,0,0,0,0,0,0,0,0,0,0,0,0,0,1,0,1263,0,0,0,0,0,0,0,0,0,2,0,0,0,0,2,8,2,0,5713,373,162,2010,0,0,57,1,14,0,0,0,2
20691,com.github.mikephil.charting.data.BaseDataSet,168222,removeEntryByXValue/1[float],882654,,0,2,1,0,2,0,0,0,0,0,0,0,0,0,0,0,0,0,0,0,0,0,0,0,4,0,0,0,0,0,0,0,1,0,0,0,0,0,0,10,504,504,1,1,1,3862,722,158,748,0,0,679,2,15,0,0,0,2
836,okhttp3.internal.http2.HttpOverHttp2Test,10053,responseHeadersAfterGoaway/0,63325,,0,4,1,0,11,0,0,0,0,0,0,0,0,0,0,0,0,0,0,0,0,0,0,0,19,0,0,0,0,0,6,4,2,0,0,0,1,0,0,18,1400,1400,0,2,0,939,1,1,1,0,0,0,0,0,0,0,0,2
402,okhttp3.SocksProxyTest,3222,checkRemoteDNSResolve/0,62609,,0,7,1,0,16,0,0,0,0,0,0,0,0,0,0,0,0,0,0,0,0,0,0,0,9,0,0,0,0,0,3,1,4,0,0,0,0,0,0,20,92,92,0,4,0,35,368,112,1586,0,0,666,2,12,0,0,0,2
468,okhttp3.CallTest,4714,canceledAfterResponseIsDeliveredBreaksStreamButSignalsOnce_HTTPS/0,50484,,0,2,1,0,2,0,0,0,0,0,0,0,0,0,0,0,0,0,0,0,0,0,0,0,4,0,0,0,0,0,0,0,0,0,0,0,0,0,0,18,2438,2438,0,0,0,11431,1074,133,243,0,0,654,1,12,0,0,0,2
449,okhttp3.URLConnectionTest,4336,testPooledConnectionsDetectHttp10/0,64190,,0,2,1,0,1,0,0,0,0,0,0,0,0,0,0,0,0,0,0,0,0,0,0,0,3,0,0,0,0,0,1,0,0,0,0,0,0,0,0,6,3072,3072,0,0,0,365,11,5,15,0,0,0,2,16,0,0,0,2
468,okhttp3.CallTest,4717,exceptionThrownByOnResponseIsRedactedAndLogged/0,64880,,0,5,1,0,7,0,0,0,0,0,0,0,0,0,0,0,0,0,0,0,0,0,0,0,14,0,0,0,0,1,4,0,1,1,0,0,1,0,0,27,753,753,0,1,0,5676,106,40,1012,0,0,0,1,14,0,0,0,2
468,okhttp3.CallTest,4809,requestBodySurvivesRetries/0,64783,,0,5,1,0,18,0,0,0,0,0,0,0,0,0,0,0,0,0,0,0,0,0,0,0,8,0,0,0,0,0,4,0,2,0,0,0,0,0,0,16,3360,3360,0,1,0,11431,1074,133,243,0,0,654,1,12,0,0,0,2
382,okhttp3.internal.ws.RealWebSocket,9481,onReadClose/2[int,46881,,0,344,3,0,7,0,0,0,0,0,0,0,0,0,0,0,0,0,0,0,0,0,0,0,6,0,344,0,0,1,0,1,2,5,0,0,2,0,0,0,0,2,24,0,1,12726,168,51,4704,0,0,11,1,2,0,0,0,2
853,okhttp3.EventListenerTest,10481,requestBodyFailHttp/0,64398,,0,2,1,0,1,0,0,0,0,0,0,0,0,0,0,0,0,0,0,0,0,0,0,0,3,0,0,0,0,0,0,0,0,0,0,0,0,0,0,5,970,970,0,0,0,939,1,1,1,0,0,0,0,0,0,0,0,2
881,okhttp3.TestTls13Request,12176,buildClient/1[ConnectionSpec],64333,,0,3,1,0,3,0,0,0,0,0,0,0,0,0,0,0,0,0,0,0,0,0,0,0,3,0,0,0,0,0,0,0,0,0,0,0,0,0,0,7,78,78,1,0,1,11431,1074,133,243,0,0,654,1,12,0,0,0,2
