id_class,name_class,id_method,name_method,version_id,smell_name,has_smell,cbo,wmc,dit,rfc,lcom,total_methods,static_methods,public_methods,private_methods,protected_methods,default_methods,abstract_methods,final_methods,synchronized_methods,total_fields,static_fields,public_fields,private_fields,protected_fields,default_fields,final_fields,synchronized_fields,nosi,loc,return_qty,loop_qty,comparison_qty,try_catch_qty,parenthesized_exps_qty,string_literals_qty,numbers_qty,assignments_qty,math_operations_qty,variables_qty,max_nested_blocks,annonymous_classes_qty,sub_classes_qty,lambdas_qty,unique_words_qty,line,start_line,returns,variables,parameters,dev_id,number_commits,active_days,number_days,number_issues,number_pull_requests,number_tests,median_files,median_lines,number_followers,number_public_repositories,number_public_gists,severity
513,com.squareup.okhttp.internal.Util,5290,closeQuietly/1[java.net.Socket],14389,Empty catch clause,1,0,4,0,1,0,0,0,0,0,0,0,0,0,0,0,0,0,0,0,0,0,0,0,12,0,0,0,0,0,0,0,0,0,0,2,0,0,0,16,107,107,0,0,1,35,368,112,1586,0,0,666,2,12,0,0,0,3
513,com.squareup.okhttp.internal.Util,5290,closeQuietly/1[java.net.Socket],14389,Empty catch clause,1,0,4,0,1,0,0,0,0,0,0,0,0,0,0,0,0,0,0,0,0,0,0,0,12,0,0,0,0,0,0,0,0,0,0,2,0,0,0,16,107,107,0,0,1,107,1,1,1,0,0,0,0,0,0,0,0,3
513,com.squareup.okhttp.internal.Util,5290,closeQuietly/1[java.net.Socket],14389,Empty catch clause,1,0,4,0,1,0,0,0,0,0,0,0,0,0,0,0,0,0,0,0,0,0,0,0,12,0,0,0,0,0,0,0,0,0,0,2,0,0,0,16,107,107,0,0,1,365,11,5,15,0,0,0,2,16,0,0,0,3
513,com.squareup.okhttp.internal.Util,5290,closeQuietly/1[java.net.Socket],14389,Empty catch clause,1,0,4,0,1,0,0,0,0,0,0,0,0,0,0,0,0,0,0,0,0,0,0,0,12,0,0,0,0,0,0,0,0,0,0,2,0,0,0,16,107,107,0,0,1,460,391,161,1611,0,0,581,3,62,0,0,0,3
513,com.squareup.okhttp.internal.Util,5290,closeQuietly/1[java.net.Socket],14389,Empty catch clause,1,0,4,0,1,0,0,0,0,0,0,0,0,0,0,0,0,0,0,0,0,0,0,0,12,0,0,0,0,0,0,0,0,0,0,2,0,0,0,16,107,107,0,0,1,939,1,1,1,0,0,0,0,0,0,0,0,3
513,com.squareup.okhttp.internal.Util,5290,closeQuietly/1[java.net.Socket],14389,Empty catch clause,1,0,4,0,1,0,0,0,0,0,0,0,0,0,0,0,0,0,0,0,0,0,0,0,12,0,0,0,0,0,0,0,0,0,0,2,0,0,0,16,107,107,0,0,1,1300,5,3,243,0,0,1,1,8,0,0,0,3
513,com.squareup.okhttp.internal.Util,5290,closeQuietly/1[java.net.Socket],14389,Empty catch clause,1,0,4,0,1,0,0,0,0,0,0,0,0,0,0,0,0,0,0,0,0,0,0,0,12,0,0,0,0,0,0,0,0,0,0,2,0,0,0,16,107,107,0,0,1,1521,367,70,315,0,0,28,1,23,0,0,0,3
513,com.squareup.okhttp.internal.Util,5290,closeQuietly/1[java.net.Socket],14389,Empty catch clause,1,0,4,0,1,0,0,0,0,0,0,0,0,0,0,0,0,0,0,0,0,0,0,0,12,0,0,0,0,0,0,0,0,0,0,2,0,0,0,16,107,107,0,0,1,5676,106,40,1012,0,0,0,1,14,0,0,0,3
513,com.squareup.okhttp.internal.Util,5290,closeQuietly/1[java.net.Socket],14389,Empty catch clause,1,0,4,0,1,0,0,0,0,0,0,0,0,0,0,0,0,0,0,0,0,0,0,0,12,0,0,0,0,0,0,0,0,0,0,2,0,0,0,16,107,107,0,0,1,5713,373,162,2010,0,0,57,1,14,0,0,0,3
513,com.squareup.okhttp.internal.Util,5290,closeQuietly/1[java.net.Socket],14389,Empty catch clause,1,0,4,0,1,0,0,0,0,0,0,0,0,0,0,0,0,0,0,0,0,0,0,0,12,0,0,0,0,0,0,0,0,0,0,2,0,0,0,16,107,107,0,0,1,8955,2841,573,4338,0,0,4926,2,17,0,0,0,3
513,com.squareup.okhttp.internal.Util,5290,closeQuietly/1[java.net.Socket],14389,Empty catch clause,1,0,4,0,1,0,0,0,0,0,0,0,0,0,0,0,0,0,0,0,0,0,0,0,12,0,0,0,0,0,0,0,0,0,0,2,0,0,0,16,107,107,0,0,1,10704,557,242,2816,0,0,447,2,26,0,0,0,3
513,com.squareup.okhttp.internal.Util,5290,closeQuietly/1[java.net.Socket],14389,Empty catch clause,1,0,4,0,1,0,0,0,0,0,0,0,0,0,0,0,0,0,0,0,0,0,0,0,12,0,0,0,0,0,0,0,0,0,0,2,0,0,0,16,107,107,0,0,1,11040,1183,280,1924,0,0,270,1,19,0,0,0,3
513,com.squareup.okhttp.internal.Util,5290,closeQuietly/1[java.net.Socket],14389,Empty catch clause,1,0,4,0,1,0,0,0,0,0,0,0,0,0,0,0,0,0,0,0,0,0,0,0,12,0,0,0,0,0,0,0,0,0,0,2,0,0,0,16,107,107,0,0,1,11431,1074,133,243,0,0,654,1,12,0,0,0,3
513,com.squareup.okhttp.internal.Util,5290,closeQuietly/1[java.net.Socket],14389,Empty catch clause,1,0,4,0,1,0,0,0,0,0,0,0,0,0,0,0,0,0,0,0,0,0,0,0,12,0,0,0,0,0,0,0,0,0,0,2,0,0,0,16,107,107,0,0,1,12264,1068,259,2113,0,0,611,1,15,0,0,0,3
513,com.squareup.okhttp.internal.Util,5290,closeQuietly/1[java.net.Socket],14389,Empty catch clause,1,0,4,0,1,0,0,0,0,0,0,0,0,0,0,0,0,0,0,0,0,0,0,0,12,0,0,0,0,0,0,0,0,0,0,2,0,0,0,16,107,107,0,0,1,12405,5,3,4,0,0,0,1,1,0,0,0,3
513,com.squareup.okhttp.internal.Util,5290,closeQuietly/1[java.net.Socket],14389,Empty catch clause,1,0,4,0,1,0,0,0,0,0,0,0,0,0,0,0,0,0,0,0,0,0,0,0,12,0,0,0,0,0,0,0,0,0,0,2,0,0,0,16,107,107,0,0,1,12726,168,51,4704,0,0,11,1,2,0,0,0,3
495,com.squareup.okhttp.internal.DiskLruCache,8090,snapshots/0,24082,Empty catch clause,1,3,1,0,1,0,0,0,0,0,0,0,0,0,0,0,0,0,0,0,0,0,0,0,40,0,0,0,0,0,0,0,0,0,0,0,1,0,0,94,714,714,1,0,0,460,391,161,1611,0,0,581,3,62,0,0,0,1
507,com.squareup.okhttp.internal.http.HttpDate,5243,parse/1[java.lang.String],27498,Empty catch clause,1,0,5,0,2,0,0,0,0,0,0,0,0,0,0,0,0,0,0,0,0,0,0,0,22,0,1,0,0,0,0,1,5,0,0,3,0,0,0,34,68,68,3,3,1,5713,373,162,2010,0,0,57,1,14,0,0,0,1
987,com.squareup.okhttp.internal.framed.hpackjson.HpackJsonUtil,12627,storiesForCurrentDraft/0,84241,Empty catch clause,1,2,6,0,13,0,0,0,0,0,0,0,0,0,0,0,0,0,0,0,0,0,0,0,17,0,1,0,0,0,3,0,3,0,0,4,0,0,0,38,46,46,1,3,0,7628,1,1,1,0,0,0,2,214,0,0,0,1
554,com.squareup.okhttp.apache.OkApacheClient,5654,consumeContentQuietly/1[HttpResponse],14753,Empty catch clause,1,1,2,0,2,0,0,0,0,0,0,0,0,0,0,0,0,0,0,0,0,0,0,0,7,0,0,0,0,0,0,0,0,0,0,1,0,0,0,8,199,199,0,0,1,1300,5,3,243,0,0,1,1,8,0,0,0,1
3573,org.springframework.boot.cli.compiler.DependencyCustomizer,27978,ifAllMissingClasses/1[java.lang.String],246440,Empty catch clause,1,2,1,0,0,0,0,0,0,0,0,0,0,0,0,0,0,0,0,0,0,0,0,0,16,0,0,0,0,0,0,0,0,0,0,0,1,0,0,30,114,114,1,0,1,35,368,112,1586,0,0,666,2,12,0,0,0,1
957,okhttp3.CertificateAuthorityCouncilTest,12260,normalizeUnknownSelfSignedCertificate/0,68474,Empty catch clause,1,5,2,0,5,0,0,0,0,0,0,0,0,0,0,0,0,0,0,0,0,0,0,0,10,0,0,0,0,0,1,0,2,0,0,1,0,0,0,18,38,38,0,2,0,5713,373,162,2010,0,0,57,1,14,0,0,0,1
452,okhttp3.DispatcherTest,4453,maxRequestsZero/0,13552,Empty catch clause,1,2,2,0,2,0,0,0,0,0,0,0,0,0,0,0,0,0,0,0,0,0,0,0,8,0,0,0,0,0,0,1,0,0,0,1,0,0,0,8,36,36,0,0,0,12405,5,3,4,0,0,0,1,1,0,0,0,1
473,com.squareup.okhttp.mockwebserver.MockWebServer,4873,processHandshakeFailure/1[java.net.Socket],13972,Empty catch clause,1,0,2,0,9,0,0,0,0,0,0,0,0,0,0,0,0,0,0,0,0,0,0,0,13,0,0,0,0,0,1,0,3,0,0,1,0,0,0,30,470,470,0,3,1,11040,1183,280,1924,0,0,270,1,19,0,0,0,1
728,com.squareup.okhttp.android.HttpResponseCacheTest,8301,installClosesPreviouslyInstalled/0,24843,Empty catch clause,1,3,2,0,5,0,0,0,0,0,0,0,0,0,0,0,0,0,0,0,0,0,0,0,13,0,0,0,0,0,0,6,2,2,0,1,0,0,0,18,85,85,0,2,0,5676,106,40,1012,0,0,0,1,14,0,0,0,1
21482,com.google.common.math.StatsTest,179226,testMean/0,1018748,Empty catch clause,1,2,9,0,14,0,0,0,0,0,0,0,0,0,0,0,0,0,0,0,0,0,0,0,47,0,1,0,0,0,7,0,1,8,0,2,0,0,0,34,105,105,0,1,0,3862,722,158,748,0,0,679,2,15,0,0,0,1
849,okhttp3.internal.tls.ClientAuthTest,10334,missingClientAuthFailsForNeeds/0,32385,Empty catch clause,1,7,3,0,12,0,0,0,0,0,0,0,0,0,0,0,0,0,0,0,0,0,0,0,15,0,0,0,0,0,2,0,3,0,0,1,0,0,0,27,166,166,0,3,0,12726,168,51,4704,0,0,11,1,2,0,0,0,1
13672,org.springframework.boot.actuate.autoconfigure.EndpointWebMvcAutoConfigurationTests,100735,close/0,462189,Empty catch clause,1,1,2,0,1,0,0,0,0,0,0,0,0,0,0,0,0,0,0,0,0,0,0,0,7,0,0,0,0,0,0,0,0,0,0,1,0,0,0,3,61,61,0,0,0,1521,367,70,315,0,0,28,1,23,0,0,0,1
675,okhttp3.internal.platform.JdkWithJettyBootPlatform,7525,buildIfSupported/0,17108,Empty catch clause,1,2,2,0,2,0,0,0,0,0,0,0,0,0,0,0,0,0,0,0,0,0,0,0,16,0,0,0,0,0,7,0,8,3,0,1,0,0,0,26,82,82,2,8,0,5713,373,162,2010,0,0,57,1,14,0,0,0,1
2767,org.springframework.boot.autoconfigure.orm.jpa.HibernateJpaAutoConfiguration,137975,getJtaPlatformManager/1[java.lang.String[]],474512,Empty catch clause,1,1,3,0,2,0,0,0,0,0,0,0,0,0,0,0,0,0,0,0,0,0,0,0,10,0,1,0,0,0,1,0,0,0,0,2,0,0,0,16,176,176,1,0,1,365,11,5,15,0,0,0,2,16,0,0,0,1
867,okhttp3.internal.sse.EventSourceRecorder,10703,onFailure/3[okhttp3.sse.EventSource,37567,Empty catch clause,1,0,52,0,5,0,0,0,0,0,0,0,0,0,0,0,0,0,0,0,0,0,0,0,1,0,3,0,0,0,0,0,1,0,0,0,0,0,0,0,0,0,3,4,0,5676,106,40,1012,0,0,0,1,14,0,0,0,1
13873,sample.actuator.UnsecureManagementSampleActuatorApplicationTests,102161,testMetrics/0,321605,Empty catch clause,1,9,7,1,18,8,5,2,4,1,0,0,0,0,0,1,1,0,1,0,0,0,0,0,79,0,0,0,0,0,13,1,7,3,0,7,1,2,0,0,0,0,0,0,0,107,1,1,1,0,0,0,0,0,0,0,0,1
1790,org.springframework.boot.web.servlet.AbstractFilterRegistrationBean,18144,getFilter/0,1176054,,0,1,1,0,0,0,0,0,0,0,0,0,0,0,0,0,0,0,0,0,0,0,0,0,1,0,0,0,0,0,0,0,0,0,0,-1,0,0,0,7,234,234,0,0,0,3862,722,158,748,0,0,679,2,15,0,0,0,0
8388,org.springframework.http.converter.ByteArrayHttpMessageConverter,122614,readInternal/2[java.lang.Class<? extends byte[]>,388816,,0,50,5,0,2,0,0,0,0,0,0,0,0,0,0,0,0,0,0,0,0,0,0,0,5,0,50,0,0,0,0,0,1,2,0,0,0,0,0,0,0,2,6,1,2,107,1,1,1,0,0,0,0,0,0,0,0,0
449,okhttp3.URLConnectionTest,4201,doOutputForMethodThatDoesntSupportOutput/0,131372,,0,4,2,0,7,0,0,0,0,0,0,0,0,0,0,0,0,0,0,0,0,0,0,0,11,0,0,0,0,0,2,0,1,0,0,1,0,0,0,14,2858,2858,0,0,0,10948,1,1,1,0,0,58,265,26503,0,0,0,0
331,okhttp3.internal.huc.ResponseCacheTest,2487,maxAgePreferredOverHigherMaxAge/0,139468,,0,3,1,0,3,0,0,0,0,0,0,0,0,0,0,0,0,0,0,0,0,0,0,0,3,0,0,0,0,0,3,1,0,1,0,0,0,0,0,17,678,678,0,0,0,10948,1,1,1,0,0,58,265,26503,0,0,0,0
5267,org.elasticsearch.common.inject.internal.MoreTypes,38648,canonicalize/1[java.lang.reflect.Type],352187,,0,3,9,0,8,0,0,0,0,0,0,0,0,0,0,0,0,0,0,0,0,0,0,0,24,0,0,0,0,1,0,0,4,0,0,1,0,0,0,28,104,104,6,4,1,35,368,112,1586,0,0,666,2,12,0,0,0,0
251,okhttp3.internal.http.Http1xStream,1652,openResponseBody/1[okhttp3.Response],189400,,0,5,1,0,3,0,0,0,0,0,0,0,0,0,0,0,0,0,0,0,0,0,0,0,4,0,0,0,0,0,0,0,1,0,0,0,0,0,0,13,129,129,1,1,1,365,11,5,15,0,0,0,2,16,0,0,0,0
115,butterknife.UtilsTest,483,listOfFiltersNull/0,7656,,0,2,1,0,6,0,0,0,0,0,0,0,0,0,0,0,0,0,0,0,0,0,0,0,9,0,0,0,0,0,18,0,0,0,0,0,0,0,0,7,12,12,0,0,0,35,368,112,1586,0,0,666,2,12,0,0,0,0
3843,org.springframework.boot.test.mock.mockito.QualifierDefinitionTests,29482,forElementWhenElementIsFieldWithQualifierShouldReturnDefinition/0,342939,,0,3,1,0,4,0,0,0,0,0,0,0,0,0,0,0,0,0,0,0,0,0,0,0,4,0,0,0,0,0,1,0,1,0,0,0,0,0,0,13,77,77,0,1,0,939,1,1,1,0,0,0,0,0,0,0,0,0
1692,org.springframework.boot.web.context.WebServerApplicationContext,17392,getWebServer/0,623937,,0,1,1,0,0,0,0,0,0,0,0,0,0,0,0,0,0,0,0,0,0,0,0,0,1,0,0,0,0,0,0,0,0,0,0,-1,0,0,0,19,31,31,0,0,0,1521,367,70,315,0,0,28,1,23,0,0,0,0
19951,org.springframework.boot.actuate.cloudfoundry.AuthorizationExceptionMatcher,159361,AuthorizationExceptionMatcher/0,732254,,0,4,2,1,0,1,2,1,0,1,0,0,0,0,0,0,0,0,0,0,0,0,0,0,19,0,0,0,0,0,2,0,0,1,0,0,0,1,0,0,0,0,0,0,0,3862,722,158,748,0,0,679,2,15,0,0,0,0
3352,org.springframework.boot.autoconfigure.jdbc.EmbeddedDataSourceConfigurationTests,26342,load/1[java.lang.String],560323,,0,4,1,0,4,0,0,0,0,0,0,0,0,0,0,0,0,0,0,0,0,0,0,0,7,0,0,0,0,0,0,0,1,0,0,0,0,0,0,7,80,80,1,1,1,3862,722,158,748,0,0,679,2,15,0,0,0,0
223,okhttp3.mockwebserver.MockWebServerTest,1396,disconnectRequestHalfway/0,157339,,0,5,4,0,15,0,0,0,0,0,0,0,0,0,0,0,0,0,0,0,0,0,0,0,25,0,1,0,0,0,2,14,4,3,0,3,0,0,0,23,304,304,0,4,0,11431,1074,133,243,0,0,654,1,12,0,0,0,0
498,com.squareup.okhttp.internal.http.RetryableSink,9119,writeToSocket/1[BufferedSink],150583,,0,1,1,0,2,0,0,0,0,0,0,0,0,0,0,0,0,0,0,0,0,0,0,0,3,0,0,0,0,0,0,0,0,0,0,0,0,0,0,10,75,75,0,0,1,11431,1074,133,243,0,0,654,1,12,0,0,0,0
1004,com.squareup.okhttp.internal.framed.HttpOverSpdyTest,12942,closeAfterFlush/0,85449,,0,6,1,0,20,0,0,0,0,0,0,0,0,0,0,0,0,0,0,0,0,0,0,0,14,0,0,0,0,0,6,0,2,0,0,0,0,0,0,21,150,150,0,1,0,11431,1074,133,243,0,0,654,1,12,0,0,0,0
5793,org.elasticsearch.action.admin.indices.open.TransportOpenIndexAction,43295,checkBlock/2[org.elasticsearch.action.admin.indices.open.OpenIndexRequest,261757,,0,74,5,0,1,0,0,0,0,0,0,0,0,0,0,0,0,0,0,0,0,0,0,0,3,0,74,0,0,0,0,0,0,0,0,0,0,0,0,0,0,2,3,1,0,9695,25,18,296,0,0,120,1,2,0,0,0,0
400,okhttp3.OkUrlFactoryTest,9886,usesValidHeaderValueForDefaultUserAgent/0,38051,,0,6,2,0,11,0,0,0,0,0,0,0,0,0,0,0,0,0,0,0,0,0,0,0,14,0,1,0,0,4,8,6,5,7,0,1,0,0,0,22,220,220,0,5,0,8955,2841,573,4338,0,0,4926,2,17,0,0,0,0
834,okhttp3.internal.ws.WebSocketHttpTest,10024,overflowOutgoingQueue/0,48798,,0,8,4,0,14,0,0,0,0,0,0,0,0,0,0,0,0,0,0,0,0,0,0,0,24,0,2,0,0,0,4,11,7,2,0,1,0,0,0,22,411,411,0,7,0,939,1,1,1,0,0,0,0,0,0,0,0,2
468,okhttp3.CallTest,11281,anonCipherSuiteUnsupported/0,64696,,0,7,1,0,17,0,0,0,0,0,0,0,0,0,0,0,0,0,0,0,0,0,0,0,12,0,0,0,0,0,7,0,4,0,0,0,0,0,0,53,1314,1314,0,3,0,5676,106,40,1012,0,0,0,1,14,0,0,0,2
468,okhttp3.CallTest,4725,networkDropsOnConditionalGet/0,50483,,0,8,1,0,11,0,0,0,0,0,0,0,0,0,0,0,0,0,0,0,0,0,0,0,7,0,0,0,0,0,5,1,2,0,0,0,0,0,0,16,1656,1656,0,0,0,5713,373,162,2010,0,0,57,1,14,0,0,0,2
449,okhttp3.URLConnectionTest,4343,inputStreamAvailableWithNoLengthHeaders/0,64032,,0,2,1,0,1,0,0,0,0,0,0,0,0,0,0,0,0,0,0,0,0,0,0,0,3,0,0,0,0,0,0,0,0,0,0,0,0,0,0,10,2904,2904,0,0,0,8955,2841,573,4338,0,0,4926,2,17,0,0,0,2
468,okhttp3.CallTest,10523,postBodyRetransmittedOnFailureRecovery_HTTP2/0,50343,,0,2,1,0,2,0,0,0,0,0,0,0,0,0,0,0,0,0,0,0,0,0,0,0,4,0,0,0,0,0,0,0,0,0,0,0,0,0,0,13,1415,1415,0,0,0,7628,1,1,1,0,0,0,2,214,0,0,0,2
468,okhttp3.CallTest,4740,recoverFromTlsHandshakeFailure_Async/0,50314,,0,13,1,0,21,0,0,0,0,0,0,0,0,0,0,0,0,0,0,0,0,0,0,0,9,0,0,0,0,0,3,0,2,0,0,0,0,0,0,22,1159,1159,0,1,0,5713,373,162,2010,0,0,57,1,14,0,0,0,2
468,okhttp3.CallTest,4698,http205WithBodyDisallowed/0,64773,,0,4,1,0,5,0,0,0,0,0,0,0,0,0,0,0,0,0,0,0,0,0,0,0,4,0,0,0,0,0,3,1,0,0,0,0,0,0,0,21,2230,2230,0,0,0,107,1,1,1,0,0,0,0,0,0,0,0,2
836,okhttp3.internal.http2.HttpOverHttp2Test,10080,domainFronting/0,63321,,0,7,1,0,13,0,0,0,0,0,0,0,0,0,0,0,0,0,0,0,0,0,0,0,15,0,0,0,0,0,4,0,4,0,0,0,1,0,0,24,1514,1514,0,3,0,12264,1068,259,2113,0,0,611,1,15,0,0,0,2
449,okhttp3.URLConnectionTest,4297,unauthorizedResponseHandling/0,64133,,0,4,1,0,12,0,0,0,0,0,0,0,0,0,0,0,0,0,0,0,0,0,0,0,12,0,0,0,0,0,3,4,2,0,0,0,0,0,0,36,1238,1238,0,2,0,5713,373,162,2010,0,0,57,1,14,0,0,0,2
468,okhttp3.CallTest,10556,expect100ContinueEmptyRequestBody_HTTP2/0,64757,,0,2,1,0,2,0,0,0,0,0,0,0,0,0,0,0,0,0,0,0,0,0,0,0,4,0,0,0,0,0,0,0,0,0,0,0,0,0,0,12,2708,2708,0,0,0,5713,373,162,2010,0,0,57,1,14,0,0,0,2
836,okhttp3.internal.http2.HttpOverHttp2Test,10804,data/0,63289,,0,2,1,0,1,0,0,0,0,0,0,0,0,0,0,0,0,0,0,0,0,0,0,0,3,0,0,0,0,0,1,0,0,0,0,0,0,0,0,4,103,103,1,0,0,35,368,112,1586,0,0,666,2,12,0,0,0,2
449,okhttp3.URLConnectionTest,4196,connectionCloseWithRedirect/0,64203,,0,4,1,0,14,0,0,0,0,0,0,0,0,0,0,0,0,0,0,0,0,0,0,0,8,0,0,0,0,0,6,2,1,0,0,0,0,0,0,24,2645,2645,0,1,0,11431,1074,133,243,0,0,654,1,12,0,0,0,2
20608,com.github.mikephil.charting.components.Legend,168862,setWordWrapEnabled/1[boolean],885070,,0,0,1,0,0,0,0,0,0,0,0,0,0,0,0,0,0,0,0,0,0,0,0,0,3,0,0,0,0,0,0,0,1,0,0,0,0,0,0,33,589,589,0,0,1,3862,722,158,748,0,0,679,2,15,0,0,0,2
449,okhttp3.URLConnectionTest,4214,testRedirect/2[boolean,64119,,0,2361,5,0,7,0,0,0,0,0,0,0,0,0,0,0,0,0,0,0,0,0,0,0,21,0,2361,0,0,0,2,16,2,6,0,2,2,0,0,0,0,2,36,1,6,8955,2841,573,4338,0,0,4926,2,17,0,0,0,2
836,okhttp3.internal.http2.HttpOverHttp2Test,10063,settingsLimitsMaxConcurrentStreams/0,63330,,0,6,1,0,14,0,0,0,0,0,0,0,0,0,0,0,0,0,0,0,0,0,0,0,24,0,0,0,0,0,11,5,9,0,0,0,0,0,0,37,1286,1286,0,9,0,1300,5,3,243,0,0,1,1,8,0,0,0,2
91,butterknife.lint.LintRegistry,413,getIssues/0,1195,,0,1,1,0,1,0,0,0,0,0,0,0,0,0,0,0,0,0,0,0,0,0,0,0,3,0,0,0,0,0,0,0,0,0,0,0,0,0,0,2,14,14,1,0,0,107,1,1,1,0,0,0,0,0,0,0,0,2
