id_class,name_class,id_method,name_method,version_id,smell_name,has_smell,cbo,wmc,dit,rfc,lcom,total_methods,static_methods,public_methods,private_methods,protected_methods,default_methods,abstract_methods,final_methods,synchronized_methods,total_fields,static_fields,public_fields,private_fields,protected_fields,default_fields,final_fields,synchronized_fields,nosi,loc,return_qty,loop_qty,comparison_qty,try_catch_qty,parenthesized_exps_qty,string_literals_qty,numbers_qty,assignments_qty,math_operations_qty,variables_qty,max_nested_blocks,annonymous_classes_qty,sub_classes_qty,lambdas_qty,unique_words_qty,line,start_line,returns,variables,parameters,dev_id,number_commits,active_days,number_days,number_issues,number_pull_requests,number_tests,median_files,median_lines,number_followers,number_public_repositories,number_public_gists,severity
255,okhttp3.internal.http.HttpEngine,1684,readNetworkResponse/0,10783,Insufficient Modularization,1,6,4,0,18,0,0,0,0,0,0,0,0,0,0,0,0,0,0,0,0,0,0,0,11,0,0,0,0,0,4,0,2,0,0,1,0,0,0,13,720,720,1,1,0,35,368,112,1586,0,0,666,2,12,0,0,0,3
506,com.squareup.okhttp.internal.http.HttpEngine,5210,writingRequestHeaders/0,14309,Insufficient Modularization,1,0,2,0,1,0,0,0,0,0,0,0,0,0,0,0,0,0,0,0,0,0,0,0,4,0,0,0,0,0,0,1,1,0,0,0,0,0,0,26,322,322,0,0,0,35,368,112,1586,0,0,666,2,12,0,0,0,3
513,com.squareup.okhttp.internal.Util,5290,closeQuietly/1[java.net.Socket],14389,Insufficient Modularization,1,0,4,0,1,0,0,0,0,0,0,0,0,0,0,0,0,0,0,0,0,0,0,0,12,0,0,0,0,0,0,0,0,0,0,2,0,0,0,16,107,107,0,0,1,35,368,112,1586,0,0,666,2,12,0,0,0,3
597,com.squareup.okhttp.internal.huc.JavaApiConverter,5905,createJavaCacheResponse/1[com.squareup.okhttp.Response],15004,Insufficient Modularization,1,6,2,0,5,0,0,0,0,0,0,0,0,0,0,0,0,0,0,0,0,0,0,0,50,0,0,0,0,0,0,0,3,0,0,1,2,0,0,42,180,180,2,3,1,35,368,112,1586,0,0,666,2,12,0,0,0,3
255,okhttp3.internal.http.HttpEngine,1684,readNetworkResponse/0,10783,Insufficient Modularization,1,6,4,0,18,0,0,0,0,0,0,0,0,0,0,0,0,0,0,0,0,0,0,0,11,0,0,0,0,0,4,0,2,0,0,1,0,0,0,13,720,720,1,1,0,107,1,1,1,0,0,0,0,0,0,0,0,3
506,com.squareup.okhttp.internal.http.HttpEngine,5210,writingRequestHeaders/0,14309,Insufficient Modularization,1,0,2,0,1,0,0,0,0,0,0,0,0,0,0,0,0,0,0,0,0,0,0,0,4,0,0,0,0,0,0,1,1,0,0,0,0,0,0,26,322,322,0,0,0,107,1,1,1,0,0,0,0,0,0,0,0,3
513,com.squareup.okhttp.internal.Util,5290,closeQuietly/1[java.net.Socket],14389,Insufficient Modularization,1,0,4,0,1,0,0,0,0,0,0,0,0,0,0,0,0,0,0,0,0,0,0,0,12,0,0,0,0,0,0,0,0,0,0,2,0,0,0,16,107,107,0,0,1,107,1,1,1,0,0,0,0,0,0,0,0,3
597,com.squareup.okhttp.internal.huc.JavaApiConverter,5905,createJavaCacheResponse/1[com.squareup.okhttp.Response],15004,Insufficient Modularization,1,6,2,0,5,0,0,0,0,0,0,0,0,0,0,0,0,0,0,0,0,0,0,0,50,0,0,0,0,0,0,0,3,0,0,1,2,0,0,42,180,180,2,3,1,107,1,1,1,0,0,0,0,0,0,0,0,3
255,okhttp3.internal.http.HttpEngine,1684,readNetworkResponse/0,10783,Insufficient Modularization,1,6,4,0,18,0,0,0,0,0,0,0,0,0,0,0,0,0,0,0,0,0,0,0,11,0,0,0,0,0,4,0,2,0,0,1,0,0,0,13,720,720,1,1,0,365,11,5,15,0,0,0,2,16,0,0,0,3
506,com.squareup.okhttp.internal.http.HttpEngine,5210,writingRequestHeaders/0,14309,Insufficient Modularization,1,0,2,0,1,0,0,0,0,0,0,0,0,0,0,0,0,0,0,0,0,0,0,0,4,0,0,0,0,0,0,1,1,0,0,0,0,0,0,26,322,322,0,0,0,365,11,5,15,0,0,0,2,16,0,0,0,3
513,com.squareup.okhttp.internal.Util,5290,closeQuietly/1[java.net.Socket],14389,Insufficient Modularization,1,0,4,0,1,0,0,0,0,0,0,0,0,0,0,0,0,0,0,0,0,0,0,0,12,0,0,0,0,0,0,0,0,0,0,2,0,0,0,16,107,107,0,0,1,365,11,5,15,0,0,0,2,16,0,0,0,3
597,com.squareup.okhttp.internal.huc.JavaApiConverter,5905,createJavaCacheResponse/1[com.squareup.okhttp.Response],15004,Insufficient Modularization,1,6,2,0,5,0,0,0,0,0,0,0,0,0,0,0,0,0,0,0,0,0,0,0,50,0,0,0,0,0,0,0,3,0,0,1,2,0,0,42,180,180,2,3,1,365,11,5,15,0,0,0,2,16,0,0,0,3
255,okhttp3.internal.http.HttpEngine,1684,readNetworkResponse/0,10783,Insufficient Modularization,1,6,4,0,18,0,0,0,0,0,0,0,0,0,0,0,0,0,0,0,0,0,0,0,11,0,0,0,0,0,4,0,2,0,0,1,0,0,0,13,720,720,1,1,0,460,391,161,1611,0,0,581,3,62,0,0,0,3
506,com.squareup.okhttp.internal.http.HttpEngine,5210,writingRequestHeaders/0,14309,Insufficient Modularization,1,0,2,0,1,0,0,0,0,0,0,0,0,0,0,0,0,0,0,0,0,0,0,0,4,0,0,0,0,0,0,1,1,0,0,0,0,0,0,26,322,322,0,0,0,460,391,161,1611,0,0,581,3,62,0,0,0,3
513,com.squareup.okhttp.internal.Util,5290,closeQuietly/1[java.net.Socket],14389,Insufficient Modularization,1,0,4,0,1,0,0,0,0,0,0,0,0,0,0,0,0,0,0,0,0,0,0,0,12,0,0,0,0,0,0,0,0,0,0,2,0,0,0,16,107,107,0,0,1,460,391,161,1611,0,0,581,3,62,0,0,0,3
597,com.squareup.okhttp.internal.huc.JavaApiConverter,5905,createJavaCacheResponse/1[com.squareup.okhttp.Response],15004,Insufficient Modularization,1,6,2,0,5,0,0,0,0,0,0,0,0,0,0,0,0,0,0,0,0,0,0,0,50,0,0,0,0,0,0,0,3,0,0,1,2,0,0,42,180,180,2,3,1,460,391,161,1611,0,0,581,3,62,0,0,0,3
255,okhttp3.internal.http.HttpEngine,1684,readNetworkResponse/0,10783,Insufficient Modularization,1,6,4,0,18,0,0,0,0,0,0,0,0,0,0,0,0,0,0,0,0,0,0,0,11,0,0,0,0,0,4,0,2,0,0,1,0,0,0,13,720,720,1,1,0,939,1,1,1,0,0,0,0,0,0,0,0,3
506,com.squareup.okhttp.internal.http.HttpEngine,5210,writingRequestHeaders/0,14309,Insufficient Modularization,1,0,2,0,1,0,0,0,0,0,0,0,0,0,0,0,0,0,0,0,0,0,0,0,4,0,0,0,0,0,0,1,1,0,0,0,0,0,0,26,322,322,0,0,0,939,1,1,1,0,0,0,0,0,0,0,0,3
513,com.squareup.okhttp.internal.Util,5290,closeQuietly/1[java.net.Socket],14389,Insufficient Modularization,1,0,4,0,1,0,0,0,0,0,0,0,0,0,0,0,0,0,0,0,0,0,0,0,12,0,0,0,0,0,0,0,0,0,0,2,0,0,0,16,107,107,0,0,1,939,1,1,1,0,0,0,0,0,0,0,0,3
597,com.squareup.okhttp.internal.huc.JavaApiConverter,5905,createJavaCacheResponse/1[com.squareup.okhttp.Response],15004,Insufficient Modularization,1,6,2,0,5,0,0,0,0,0,0,0,0,0,0,0,0,0,0,0,0,0,0,0,50,0,0,0,0,0,0,0,3,0,0,1,2,0,0,42,180,180,2,3,1,939,1,1,1,0,0,0,0,0,0,0,0,3
255,okhttp3.internal.http.HttpEngine,1684,readNetworkResponse/0,10783,Insufficient Modularization,1,6,4,0,18,0,0,0,0,0,0,0,0,0,0,0,0,0,0,0,0,0,0,0,11,0,0,0,0,0,4,0,2,0,0,1,0,0,0,13,720,720,1,1,0,1300,5,3,243,0,0,1,1,8,0,0,0,3
506,com.squareup.okhttp.internal.http.HttpEngine,5210,writingRequestHeaders/0,14309,Insufficient Modularization,1,0,2,0,1,0,0,0,0,0,0,0,0,0,0,0,0,0,0,0,0,0,0,0,4,0,0,0,0,0,0,1,1,0,0,0,0,0,0,26,322,322,0,0,0,1300,5,3,243,0,0,1,1,8,0,0,0,3
513,com.squareup.okhttp.internal.Util,5290,closeQuietly/1[java.net.Socket],14389,Insufficient Modularization,1,0,4,0,1,0,0,0,0,0,0,0,0,0,0,0,0,0,0,0,0,0,0,0,12,0,0,0,0,0,0,0,0,0,0,2,0,0,0,16,107,107,0,0,1,1300,5,3,243,0,0,1,1,8,0,0,0,3
597,com.squareup.okhttp.internal.huc.JavaApiConverter,5905,createJavaCacheResponse/1[com.squareup.okhttp.Response],15004,Insufficient Modularization,1,6,2,0,5,0,0,0,0,0,0,0,0,0,0,0,0,0,0,0,0,0,0,0,50,0,0,0,0,0,0,0,3,0,0,1,2,0,0,42,180,180,2,3,1,1300,5,3,243,0,0,1,1,8,0,0,0,3
255,okhttp3.internal.http.HttpEngine,1684,readNetworkResponse/0,10783,Insufficient Modularization,1,6,4,0,18,0,0,0,0,0,0,0,0,0,0,0,0,0,0,0,0,0,0,0,11,0,0,0,0,0,4,0,2,0,0,1,0,0,0,13,720,720,1,1,0,1521,367,70,315,0,0,28,1,23,0,0,0,3
506,com.squareup.okhttp.internal.http.HttpEngine,5210,writingRequestHeaders/0,14309,Insufficient Modularization,1,0,2,0,1,0,0,0,0,0,0,0,0,0,0,0,0,0,0,0,0,0,0,0,4,0,0,0,0,0,0,1,1,0,0,0,0,0,0,26,322,322,0,0,0,1521,367,70,315,0,0,28,1,23,0,0,0,3
513,com.squareup.okhttp.internal.Util,5290,closeQuietly/1[java.net.Socket],14389,Insufficient Modularization,1,0,4,0,1,0,0,0,0,0,0,0,0,0,0,0,0,0,0,0,0,0,0,0,12,0,0,0,0,0,0,0,0,0,0,2,0,0,0,16,107,107,0,0,1,1521,367,70,315,0,0,28,1,23,0,0,0,3
597,com.squareup.okhttp.internal.huc.JavaApiConverter,5905,createJavaCacheResponse/1[com.squareup.okhttp.Response],15004,Insufficient Modularization,1,6,2,0,5,0,0,0,0,0,0,0,0,0,0,0,0,0,0,0,0,0,0,0,50,0,0,0,0,0,0,0,3,0,0,1,2,0,0,42,180,180,2,3,1,1521,367,70,315,0,0,28,1,23,0,0,0,3
20566,com.github.mikephil.charting.data.PieDataSet,168178,getValueLineColor/0,882500,Insufficient Modularization,1,0,1,0,0,0,0,0,0,0,0,0,0,0,0,0,0,0,0,0,0,0,0,0,3,0,0,0,0,0,0,0,0,0,0,0,0,0,0,12,153,153,1,0,0,3862,722,158,748,0,0,679,2,15,0,0,0,3
20691,com.github.mikephil.charting.data.BaseDataSet,168214,contains/1[T],882628,Insufficient Modularization,1,2,3,0,3,0,0,0,0,0,0,0,0,0,0,0,0,0,0,0,0,0,0,0,6,0,1,0,0,0,0,1,1,0,0,1,0,0,0,11,518,518,2,1,1,3862,722,158,748,0,0,679,2,15,0,0,0,3
20575,com.github.mikephil.charting.data.CombinedData,168394,calcMinMax/0,883284,Insufficient Modularization,1,4,11,0,9,0,0,0,0,0,0,0,0,0,0,0,0,0,0,0,0,0,0,0,28,0,1,0,0,0,0,0,19,0,0,1,0,0,0,19,56,56,0,2,0,3862,722,158,748,0,0,679,2,15,0,0,0,3
255,okhttp3.internal.http.HttpEngine,1684,readNetworkResponse/0,10783,Insufficient Modularization,1,6,4,0,18,0,0,0,0,0,0,0,0,0,0,0,0,0,0,0,0,0,0,0,11,0,0,0,0,0,4,0,2,0,0,1,0,0,0,13,720,720,1,1,0,5676,106,40,1012,0,0,0,1,14,0,0,0,3
506,com.squareup.okhttp.internal.http.HttpEngine,5210,writingRequestHeaders/0,14309,Insufficient Modularization,1,0,2,0,1,0,0,0,0,0,0,0,0,0,0,0,0,0,0,0,0,0,0,0,4,0,0,0,0,0,0,1,1,0,0,0,0,0,0,26,322,322,0,0,0,5676,106,40,1012,0,0,0,1,14,0,0,0,3
513,com.squareup.okhttp.internal.Util,5290,closeQuietly/1[java.net.Socket],14389,Insufficient Modularization,1,0,4,0,1,0,0,0,0,0,0,0,0,0,0,0,0,0,0,0,0,0,0,0,12,0,0,0,0,0,0,0,0,0,0,2,0,0,0,16,107,107,0,0,1,5676,106,40,1012,0,0,0,1,14,0,0,0,3
597,com.squareup.okhttp.internal.huc.JavaApiConverter,5905,createJavaCacheResponse/1[com.squareup.okhttp.Response],15004,Insufficient Modularization,1,6,2,0,5,0,0,0,0,0,0,0,0,0,0,0,0,0,0,0,0,0,0,0,50,0,0,0,0,0,0,0,3,0,0,1,2,0,0,42,180,180,2,3,1,5676,106,40,1012,0,0,0,1,14,0,0,0,3
255,okhttp3.internal.http.HttpEngine,1684,readNetworkResponse/0,10783,Insufficient Modularization,1,6,4,0,18,0,0,0,0,0,0,0,0,0,0,0,0,0,0,0,0,0,0,0,11,0,0,0,0,0,4,0,2,0,0,1,0,0,0,13,720,720,1,1,0,5713,373,162,2010,0,0,57,1,14,0,0,0,3
506,com.squareup.okhttp.internal.http.HttpEngine,5210,writingRequestHeaders/0,14309,Insufficient Modularization,1,0,2,0,1,0,0,0,0,0,0,0,0,0,0,0,0,0,0,0,0,0,0,0,4,0,0,0,0,0,0,1,1,0,0,0,0,0,0,26,322,322,0,0,0,5713,373,162,2010,0,0,57,1,14,0,0,0,3
513,com.squareup.okhttp.internal.Util,5290,closeQuietly/1[java.net.Socket],14389,Insufficient Modularization,1,0,4,0,1,0,0,0,0,0,0,0,0,0,0,0,0,0,0,0,0,0,0,0,12,0,0,0,0,0,0,0,0,0,0,2,0,0,0,16,107,107,0,0,1,5713,373,162,2010,0,0,57,1,14,0,0,0,3
597,com.squareup.okhttp.internal.huc.JavaApiConverter,5905,createJavaCacheResponse/1[com.squareup.okhttp.Response],15004,Insufficient Modularization,1,6,2,0,5,0,0,0,0,0,0,0,0,0,0,0,0,0,0,0,0,0,0,0,50,0,0,0,0,0,0,0,3,0,0,1,2,0,0,42,180,180,2,3,1,5713,373,162,2010,0,0,57,1,14,0,0,0,3
255,okhttp3.internal.http.HttpEngine,1684,readNetworkResponse/0,10783,Insufficient Modularization,1,6,4,0,18,0,0,0,0,0,0,0,0,0,0,0,0,0,0,0,0,0,0,0,11,0,0,0,0,0,4,0,2,0,0,1,0,0,0,13,720,720,1,1,0,7628,1,1,1,0,0,0,2,214,0,0,0,3
255,okhttp3.internal.http.HttpEngine,1684,readNetworkResponse/0,10783,Insufficient Modularization,1,6,4,0,18,0,0,0,0,0,0,0,0,0,0,0,0,0,0,0,0,0,0,0,11,0,0,0,0,0,4,0,2,0,0,1,0,0,0,13,720,720,1,1,0,8955,2841,573,4338,0,0,4926,2,17,0,0,0,3
506,com.squareup.okhttp.internal.http.HttpEngine,5210,writingRequestHeaders/0,14309,Insufficient Modularization,1,0,2,0,1,0,0,0,0,0,0,0,0,0,0,0,0,0,0,0,0,0,0,0,4,0,0,0,0,0,0,1,1,0,0,0,0,0,0,26,322,322,0,0,0,8955,2841,573,4338,0,0,4926,2,17,0,0,0,3
513,com.squareup.okhttp.internal.Util,5290,closeQuietly/1[java.net.Socket],14389,Insufficient Modularization,1,0,4,0,1,0,0,0,0,0,0,0,0,0,0,0,0,0,0,0,0,0,0,0,12,0,0,0,0,0,0,0,0,0,0,2,0,0,0,16,107,107,0,0,1,8955,2841,573,4338,0,0,4926,2,17,0,0,0,3
597,com.squareup.okhttp.internal.huc.JavaApiConverter,5905,createJavaCacheResponse/1[com.squareup.okhttp.Response],15004,Insufficient Modularization,1,6,2,0,5,0,0,0,0,0,0,0,0,0,0,0,0,0,0,0,0,0,0,0,50,0,0,0,0,0,0,0,3,0,0,1,2,0,0,42,180,180,2,3,1,8955,2841,573,4338,0,0,4926,2,17,0,0,0,3
255,okhttp3.internal.http.HttpEngine,1684,readNetworkResponse/0,10783,Insufficient Modularization,1,6,4,0,18,0,0,0,0,0,0,0,0,0,0,0,0,0,0,0,0,0,0,0,11,0,0,0,0,0,4,0,2,0,0,1,0,0,0,13,720,720,1,1,0,7678,4381,907,2061,0,0,2825,1,13,0,0,0,3
255,okhttp3.internal.http.HttpEngine,1684,readNetworkResponse/0,10783,Insufficient Modularization,1,6,4,0,18,0,0,0,0,0,0,0,0,0,0,0,0,0,0,0,0,0,0,0,11,0,0,0,0,0,4,0,2,0,0,1,0,0,0,13,720,720,1,1,0,9695,25,18,296,0,0,120,1,2,0,0,0,3
255,okhttp3.internal.http.HttpEngine,1684,readNetworkResponse/0,10783,Insufficient Modularization,1,6,4,0,18,0,0,0,0,0,0,0,0,0,0,0,0,0,0,0,0,0,0,0,11,0,0,0,0,0,4,0,2,0,0,1,0,0,0,13,720,720,1,1,0,10704,557,242,2816,0,0,447,2,26,0,0,0,3
506,com.squareup.okhttp.internal.http.HttpEngine,5210,writingRequestHeaders/0,14309,Insufficient Modularization,1,0,2,0,1,0,0,0,0,0,0,0,0,0,0,0,0,0,0,0,0,0,0,0,4,0,0,0,0,0,0,1,1,0,0,0,0,0,0,26,322,322,0,0,0,10704,557,242,2816,0,0,447,2,26,0,0,0,3
513,com.squareup.okhttp.internal.Util,5290,closeQuietly/1[java.net.Socket],14389,Insufficient Modularization,1,0,4,0,1,0,0,0,0,0,0,0,0,0,0,0,0,0,0,0,0,0,0,0,12,0,0,0,0,0,0,0,0,0,0,2,0,0,0,16,107,107,0,0,1,10704,557,242,2816,0,0,447,2,26,0,0,0,3
597,com.squareup.okhttp.internal.huc.JavaApiConverter,5905,createJavaCacheResponse/1[com.squareup.okhttp.Response],15004,Insufficient Modularization,1,6,2,0,5,0,0,0,0,0,0,0,0,0,0,0,0,0,0,0,0,0,0,0,50,0,0,0,0,0,0,0,3,0,0,1,2,0,0,42,180,180,2,3,1,10704,557,242,2816,0,0,447,2,26,0,0,0,3
255,okhttp3.internal.http.HttpEngine,1684,readNetworkResponse/0,10783,Insufficient Modularization,1,6,4,0,18,0,0,0,0,0,0,0,0,0,0,0,0,0,0,0,0,0,0,0,11,0,0,0,0,0,4,0,2,0,0,1,0,0,0,13,720,720,1,1,0,10948,1,1,1,0,0,58,265,26503,0,0,0,3
255,okhttp3.internal.http.HttpEngine,1684,readNetworkResponse/0,10783,Insufficient Modularization,1,6,4,0,18,0,0,0,0,0,0,0,0,0,0,0,0,0,0,0,0,0,0,0,11,0,0,0,0,0,4,0,2,0,0,1,0,0,0,13,720,720,1,1,0,11040,1183,280,1924,0,0,270,1,19,0,0,0,3
506,com.squareup.okhttp.internal.http.HttpEngine,5210,writingRequestHeaders/0,14309,Insufficient Modularization,1,0,2,0,1,0,0,0,0,0,0,0,0,0,0,0,0,0,0,0,0,0,0,0,4,0,0,0,0,0,0,1,1,0,0,0,0,0,0,26,322,322,0,0,0,11040,1183,280,1924,0,0,270,1,19,0,0,0,3
513,com.squareup.okhttp.internal.Util,5290,closeQuietly/1[java.net.Socket],14389,Insufficient Modularization,1,0,4,0,1,0,0,0,0,0,0,0,0,0,0,0,0,0,0,0,0,0,0,0,12,0,0,0,0,0,0,0,0,0,0,2,0,0,0,16,107,107,0,0,1,11040,1183,280,1924,0,0,270,1,19,0,0,0,3
597,com.squareup.okhttp.internal.huc.JavaApiConverter,5905,createJavaCacheResponse/1[com.squareup.okhttp.Response],15004,Insufficient Modularization,1,6,2,0,5,0,0,0,0,0,0,0,0,0,0,0,0,0,0,0,0,0,0,0,50,0,0,0,0,0,0,0,3,0,0,1,2,0,0,42,180,180,2,3,1,11040,1183,280,1924,0,0,270,1,19,0,0,0,3
255,okhttp3.internal.http.HttpEngine,1684,readNetworkResponse/0,10783,Insufficient Modularization,1,6,4,0,18,0,0,0,0,0,0,0,0,0,0,0,0,0,0,0,0,0,0,0,11,0,0,0,0,0,4,0,2,0,0,1,0,0,0,13,720,720,1,1,0,11431,1074,133,243,0,0,654,1,12,0,0,0,3
506,com.squareup.okhttp.internal.http.HttpEngine,5210,writingRequestHeaders/0,14309,Insufficient Modularization,1,0,2,0,1,0,0,0,0,0,0,0,0,0,0,0,0,0,0,0,0,0,0,0,4,0,0,0,0,0,0,1,1,0,0,0,0,0,0,26,322,322,0,0,0,11431,1074,133,243,0,0,654,1,12,0,0,0,3
513,com.squareup.okhttp.internal.Util,5290,closeQuietly/1[java.net.Socket],14389,Insufficient Modularization,1,0,4,0,1,0,0,0,0,0,0,0,0,0,0,0,0,0,0,0,0,0,0,0,12,0,0,0,0,0,0,0,0,0,0,2,0,0,0,16,107,107,0,0,1,11431,1074,133,243,0,0,654,1,12,0,0,0,3
597,com.squareup.okhttp.internal.huc.JavaApiConverter,5905,createJavaCacheResponse/1[com.squareup.okhttp.Response],15004,Insufficient Modularization,1,6,2,0,5,0,0,0,0,0,0,0,0,0,0,0,0,0,0,0,0,0,0,0,50,0,0,0,0,0,0,0,3,0,0,1,2,0,0,42,180,180,2,3,1,11431,1074,133,243,0,0,654,1,12,0,0,0,3
255,okhttp3.internal.http.HttpEngine,1684,readNetworkResponse/0,10783,Insufficient Modularization,1,6,4,0,18,0,0,0,0,0,0,0,0,0,0,0,0,0,0,0,0,0,0,0,11,0,0,0,0,0,4,0,2,0,0,1,0,0,0,13,720,720,1,1,0,12264,1068,259,2113,0,0,611,1,15,0,0,0,3
506,com.squareup.okhttp.internal.http.HttpEngine,5210,writingRequestHeaders/0,14309,Insufficient Modularization,1,0,2,0,1,0,0,0,0,0,0,0,0,0,0,0,0,0,0,0,0,0,0,0,4,0,0,0,0,0,0,1,1,0,0,0,0,0,0,26,322,322,0,0,0,12264,1068,259,2113,0,0,611,1,15,0,0,0,3
513,com.squareup.okhttp.internal.Util,5290,closeQuietly/1[java.net.Socket],14389,Insufficient Modularization,1,0,4,0,1,0,0,0,0,0,0,0,0,0,0,0,0,0,0,0,0,0,0,0,12,0,0,0,0,0,0,0,0,0,0,2,0,0,0,16,107,107,0,0,1,12264,1068,259,2113,0,0,611,1,15,0,0,0,3
597,com.squareup.okhttp.internal.huc.JavaApiConverter,5905,createJavaCacheResponse/1[com.squareup.okhttp.Response],15004,Insufficient Modularization,1,6,2,0,5,0,0,0,0,0,0,0,0,0,0,0,0,0,0,0,0,0,0,0,50,0,0,0,0,0,0,0,3,0,0,1,2,0,0,42,180,180,2,3,1,12264,1068,259,2113,0,0,611,1,15,0,0,0,3
255,okhttp3.internal.http.HttpEngine,1684,readNetworkResponse/0,10783,Insufficient Modularization,1,6,4,0,18,0,0,0,0,0,0,0,0,0,0,0,0,0,0,0,0,0,0,0,11,0,0,0,0,0,4,0,2,0,0,1,0,0,0,13,720,720,1,1,0,12405,5,3,4,0,0,0,1,1,0,0,0,3
506,com.squareup.okhttp.internal.http.HttpEngine,5210,writingRequestHeaders/0,14309,Insufficient Modularization,1,0,2,0,1,0,0,0,0,0,0,0,0,0,0,0,0,0,0,0,0,0,0,0,4,0,0,0,0,0,0,1,1,0,0,0,0,0,0,26,322,322,0,0,0,12405,5,3,4,0,0,0,1,1,0,0,0,3
513,com.squareup.okhttp.internal.Util,5290,closeQuietly/1[java.net.Socket],14389,Insufficient Modularization,1,0,4,0,1,0,0,0,0,0,0,0,0,0,0,0,0,0,0,0,0,0,0,0,12,0,0,0,0,0,0,0,0,0,0,2,0,0,0,16,107,107,0,0,1,12405,5,3,4,0,0,0,1,1,0,0,0,3
597,com.squareup.okhttp.internal.huc.JavaApiConverter,5905,createJavaCacheResponse/1[com.squareup.okhttp.Response],15004,Insufficient Modularization,1,6,2,0,5,0,0,0,0,0,0,0,0,0,0,0,0,0,0,0,0,0,0,0,50,0,0,0,0,0,0,0,3,0,0,1,2,0,0,42,180,180,2,3,1,12405,5,3,4,0,0,0,1,1,0,0,0,3
255,okhttp3.internal.http.HttpEngine,1684,readNetworkResponse/0,10783,Insufficient Modularization,1,6,4,0,18,0,0,0,0,0,0,0,0,0,0,0,0,0,0,0,0,0,0,0,11,0,0,0,0,0,4,0,2,0,0,1,0,0,0,13,720,720,1,1,0,12726,168,51,4704,0,0,11,1,2,0,0,0,3
506,com.squareup.okhttp.internal.http.HttpEngine,5210,writingRequestHeaders/0,14309,Insufficient Modularization,1,0,2,0,1,0,0,0,0,0,0,0,0,0,0,0,0,0,0,0,0,0,0,0,4,0,0,0,0,0,0,1,1,0,0,0,0,0,0,26,322,322,0,0,0,12726,168,51,4704,0,0,11,1,2,0,0,0,3
513,com.squareup.okhttp.internal.Util,5290,closeQuietly/1[java.net.Socket],14389,Insufficient Modularization,1,0,4,0,1,0,0,0,0,0,0,0,0,0,0,0,0,0,0,0,0,0,0,0,12,0,0,0,0,0,0,0,0,0,0,2,0,0,0,16,107,107,0,0,1,12726,168,51,4704,0,0,11,1,2,0,0,0,3
597,com.squareup.okhttp.internal.huc.JavaApiConverter,5905,createJavaCacheResponse/1[com.squareup.okhttp.Response],15004,Insufficient Modularization,1,6,2,0,5,0,0,0,0,0,0,0,0,0,0,0,0,0,0,0,0,0,0,0,50,0,0,0,0,0,0,0,3,0,0,1,2,0,0,42,180,180,2,3,1,12726,168,51,4704,0,0,11,1,2,0,0,0,3
3429,org.springframework.boot.autoconfigure.validation.ValidationAutoConfigurationTests,27048,userDefinedMethodValidationPostProcessorTakesPrecedence/0,245510,Insufficient Modularization,1,6,1,0,8,0,0,0,0,0,0,0,0,0,0,0,0,0,0,0,0,0,0,0,8,0,0,0,0,0,2,2,1,0,0,0,0,0,0,15,193,193,0,1,0,10704,557,242,2816,0,0,447,2,26,0,0,0,1
1909,org.springframework.boot.context.properties.bind.BindableTests,18986,ofTypeWithExistingValueShouldSetTypeAndExistingValue/0,237448,Insufficient Modularization,1,2,1,0,7,0,0,0,0,0,0,0,0,0,0,0,0,0,0,0,0,0,0,0,3,0,0,0,0,0,2,0,0,0,0,0,0,0,0,10,86,86,0,0,0,939,1,1,1,0,0,0,0,0,0,0,0,1
413,okhttp3.CertificatePinnerTest,3635,malformedBase64/0,18817,Insufficient Modularization,1,6,28,1,19,0,21,0,21,0,0,0,0,0,0,6,6,0,0,0,0,0,0,0,213,0,0,0,0,0,68,0,35,4,0,35,1,0,0,0,0,0,0,0,0,107,1,1,1,0,0,0,0,0,0,0,0,1
320,okhttp3.FakeSSLSession,2304,getValue/1[java.lang.String],11403,Insufficient Modularization,1,1,23,1,0,229,22,0,22,0,0,0,0,0,0,1,0,0,1,0,0,1,0,0,80,0,0,0,0,0,1,1,1,0,0,1,1,0,0,0,0,0,0,0,0,11040,1183,280,1924,0,0,270,1,19,0,0,0,1
3357,org.springframework.boot.autoconfigure.jdbc.DataSourceAutoConfigurationTests,26361,testBadUrl/0,244823,Insufficient Modularization,1,3,1,0,3,0,0,0,0,0,0,0,0,0,0,0,0,0,0,0,0,0,0,0,3,0,0,0,0,0,1,0,0,0,0,0,0,0,1,13,85,85,0,0,0,35,368,112,1586,0,0,666,2,12,0,0,0,1
3015,org.springframework.boot.autoconfigure.web.servlet.WebMvcProperties,24495,setStaticPathPattern/1[java.lang.String],242957,Insufficient Modularization,1,0,1,0,0,0,0,0,0,0,0,0,0,0,0,0,0,0,0,0,0,0,0,0,3,0,0,0,0,0,0,0,1,0,0,0,0,0,0,5,184,184,0,0,1,9695,25,18,296,0,0,120,1,2,0,0,0,1
1000,com.squareup.okhttp.internal.framed.Http2ConnectionTest,12889,peerIncreasesMaxFrameSize/0,85396,Insufficient Modularization,1,5,1,0,5,0,0,0,0,0,0,0,0,0,0,0,0,0,0,0,0,0,0,0,8,0,0,0,0,0,0,3,3,0,0,0,0,0,0,21,164,164,0,3,0,1521,367,70,315,0,0,28,1,23,0,0,0,1
4066,org.springframework.boot.loader.tools.MainClassFinder,31118,doWithMainClasses/2[java.io.File,249580,Insufficient Modularization,1,11,33,2,41,85,14,14,6,6,0,0,0,0,0,6,6,0,6,0,0,6,0,0,291,0,4,0,0,1,7,1,30,3,0,25,5,0,5,0,0,0,0,0,0,3862,722,158,748,0,0,679,2,15,0,0,0,1
826,okhttp3.recipes.PrintEvents,9865,run/0,30829,Insufficient Modularization,1,5,1,0,4,0,0,0,0,0,0,0,0,0,0,0,0,0,0,0,0,0,0,0,24,0,0,0,0,0,2,0,2,0,0,0,2,0,0,19,40,40,0,2,0,1300,5,3,243,0,0,1,1,8,0,0,0,1
21310,com.google.common.collect.ForwardingMultimapTest,176813,testForwarding/0,1016335,Insufficient Modularization,1,13,3,2,5,3,3,1,2,1,0,0,0,0,0,0,0,0,0,0,0,0,0,0,31,0,0,0,0,0,3,2,2,0,0,2,0,2,0,0,0,0,0,0,0,3862,722,158,748,0,0,679,2,15,0,0,0,1
512,com.squareup.okhttp.internal.Internal,5283,closeIfOwnedBy/2[com.squareup.okhttp.Connection,24280,Insufficient Modularization,1,17,24,1,2,276,24,1,24,0,0,0,23,0,0,2,2,2,0,0,0,1,0,0,51,0,0,0,0,0,0,0,1,0,0,2,0,0,0,0,0,0,0,0,0,35,368,112,1586,0,0,666,2,12,0,0,0,1
486,com.squareup.okhttp.Response,5019,body/0,14118,Insufficient Modularization,1,1,1,0,0,0,0,0,0,0,0,0,0,0,0,0,0,0,0,0,0,0,0,0,3,0,0,0,0,0,0,0,0,0,0,0,0,0,0,3,129,129,1,0,0,365,11,5,15,0,0,0,2,16,0,0,0,1
21270,com.google.common.collect.ImmutableListMultimapTest,175987,testBuilderPutAllWithDuplicates/0,1015509,Insufficient Modularization,1,48,49,4,106,630,36,2,34,2,0,0,0,0,0,0,0,0,0,0,0,0,0,0,527,0,1,0,0,0,206,259,62,1,0,60,1,2,3,5,0,0,0,0,0,3862,722,158,748,0,0,679,2,15,0,0,0,1
3483,org.springframework.boot.autoconfigure.quartz.QuartzAutoConfigurationTests,27367,withDataSourceNoTransactionManager/0,245829,Insufficient Modularization,1,22,14,9,6,0,14,0,13,1,0,0,0,0,0,2,0,1,1,0,0,1,0,0,341,0,0,0,0,0,17,0,2,0,0,2,0,0,11,12,0,0,0,0,0,9695,25,18,296,0,0,120,1,2,0,0,0,1
1465,org.springframework.boot.actuate.endpoint.annotation.EndpointDiscovererTests,16141,getEndpointsWhenHasEndpointShouldReturnEndpoint/0,234603,Insufficient Modularization,1,34,26,13,28,288,25,0,17,8,0,0,0,0,0,1,0,1,0,0,0,1,0,0,484,0,0,0,0,0,10,2,9,0,0,9,1,0,18,22,0,0,0,0,0,1300,5,3,243,0,0,1,1,8,0,0,0,1
17911,sample.jooq.domain.tables.records.LanguageRecord,138898,value1/0,483147,Insufficient Modularization,1,1,1,0,1,0,0,0,0,0,0,0,0,0,0,0,0,0,0,0,0,0,0,0,3,0,0,0,0,0,0,0,0,0,0,0,0,0,0,4,135,135,1,0,0,939,1,1,1,0,0,0,0,0,0,0,0,1
1004,com.squareup.okhttp.internal.framed.HttpOverSpdyTest,12925,redirect/0,85432,Insufficient Modularization,1,27,30,1,81,0,27,0,24,1,1,0,0,0,0,10,0,2,1,6,0,4,0,0,356,0,1,0,0,0,117,48,58,3,0,47,2,0,1,0,0,0,0,0,0,12264,1068,259,2113,0,0,611,1,15,0,0,0,1
2537,org.springframework.boot.actuate.autoconfigure.health.HealthEndpointWebExtensionTests,22839,assertDetailsNotFound/1[org.springframework.boot.actuate.endpoint.web.WebEndpointResponse<?>],241301,Insufficient Modularization,1,11,29,1,16,0,29,0,27,2,0,0,0,0,0,1,0,0,1,0,0,0,0,0,380,0,0,0,0,0,28,1,1,0,0,1,0,0,1,29,0,0,0,0,0,10704,557,242,2816,0,0,447,2,26,0,0,0,1
21236,com.google.common.collect.IterablesTest,175295,testGet_emptySortedSet/0,1014817,Insufficient Modularization,1,2,1,0,2,0,0,0,0,0,0,0,0,0,0,0,0,0,0,0,0,0,0,0,3,0,0,0,0,0,0,0,0,0,0,0,0,0,0,8,753,753,0,0,0,3862,722,158,748,0,0,679,2,15,0,0,0,1
17912,sample.jooq.domain.tables.records.BookRecord,138919,setTitle/1[java.lang.String],483193,Insufficient Modularization,1,0,1,0,1,0,0,0,0,0,0,0,0,0,0,0,0,0,0,0,0,0,0,0,3,0,0,0,0,0,0,1,0,0,0,0,0,0,0,6,64,64,0,0,1,939,1,1,1,0,0,0,0,0,0,0,0,1
514,com.squareup.okhttp.internal.Platform,5321,getSelectedProtocol/1[javax.net.ssl.SSLSocket],24326,Insufficient Modularization,1,7,18,3,12,55,11,3,9,1,0,0,0,0,0,1,1,0,1,0,0,1,0,0,255,0,1,0,0,0,18,1,24,3,0,20,3,0,3,0,0,0,0,0,0,7628,1,1,1,0,0,0,2,214,0,0,0,1
3148,org.springframework.boot.autoconfigure.condition.ConditionEvaluationReportAutoConfigurationImportListener,25194,setBeanFactory/1[BeanFactory],632315,Insufficient Modularization,1,2,2,0,0,0,0,0,0,0,0,0,0,0,0,0,0,0,0,0,0,0,0,0,3,0,0,0,0,1,0,0,1,0,0,0,0,0,0,9,47,47,0,0,1,365,11,5,15,0,0,0,2,16,0,0,0,1
399,okhttp3.UrlConnectionCacheTest,3064,emptyResponseHeaderNameFromCacheIsLenient/0,12163,Insufficient Modularization,1,31,150,1,138,3749,135,0,112,21,0,0,1,0,0,8,1,3,5,0,0,3,0,0,1441,0,2,0,0,0,806,223,185,106,0,176,2,4,0,0,0,0,0,0,0,10948,1,1,1,0,0,58,265,26503,0,0,0,1
595,com.squareup.okhttp.internal.huc.DelegatingHttpsURLConnection,5834,getPeerPrincipal/0,14933,Insufficient Modularization,1,2,69,4,60,0,62,0,61,0,1,0,5,0,0,1,0,0,1,0,0,1,0,0,208,0,0,0,0,0,1,0,9,0,0,8,0,0,0,0,0,0,0,0,0,12264,1068,259,2113,0,0,611,1,15,0,0,0,1
4127,org.springframework.boot.configurationprocessor.ConfigurationMetadataAnnotationProcessor,31658,processEndpoint/2[javax.lang.model.element.Element,250120,Insufficient Modularization,1,12,107,2,107,888,44,0,4,34,6,0,0,0,1,17,12,0,6,0,0,12,0,0,514,0,6,0,0,9,45,1,65,10,0,59,3,0,0,5,0,0,0,0,0,939,1,1,1,0,0,0,0,0,0,0,0,1
13757,org.springframework.boot.context.embedded.EmbeddedWebApplicationContextTests,101395,getBean/1[T],320070,Insufficient Modularization,1,33,25,1,66,0,25,1,23,2,0,0,0,0,0,2,0,1,1,0,0,0,0,0,354,0,0,0,0,8,53,22,52,2,0,52,0,0,1,0,0,0,0,0,0,35,368,112,1586,0,0,666,2,12,0,0,0,1
13620,org.springframework.boot.actuate.autoconfigure.EndpointAutoConfiguration,100539,environmentEndpoint/0,322869,Insufficient Modularization,1,3,1,0,0,0,0,0,0,0,0,0,0,0,0,0,0,0,0,0,0,0,0,0,3,0,0,0,0,0,0,0,0,0,0,0,0,0,0,3,98,98,1,0,0,365,11,5,15,0,0,0,2,16,0,0,0,1
21307,com.google.common.collect.SynchronizedNavigableSetTest,176795,suite/0,1016317,Insufficient Modularization,1,7,1,0,6,0,0,0,0,0,0,0,0,0,0,0,0,0,0,0,0,0,0,0,19,0,0,0,0,0,1,0,1,0,0,0,1,0,0,15,148,148,1,1,0,3862,722,158,748,0,0,679,2,15,0,0,0,1
746,com.squareup.okhttp.internal.ws.RealWebSocketTest,8472,waitForExecutor/1[java.util.concurrent.Executor],25290,Insufficient Modularization,1,0,3,0,4,0,0,0,0,0,0,0,0,0,0,0,0,0,0,0,0,0,0,0,17,0,0,0,0,0,1,2,1,0,0,2,1,0,0,17,307,307,0,1,1,10704,557,242,2816,0,0,447,2,26,0,0,0,1
622,com.squareup.okhttp.internal.http.HttpOverSpdyTest,6731,setUp/0,15830,Insufficient Modularization,1,22,33,1,85,0,28,0,23,2,1,0,0,0,0,9,2,0,3,5,0,5,0,0,387,0,2,0,0,0,116,43,60,5,0,49,2,1,1,0,0,0,0,0,0,107,1,1,1,0,0,0,0,0,0,0,0,1
13697,org.springframework.boot.context.embedded.AbstractEmbeddedServletContainerFactory,100896,addInitializers/1[org.springframework.boot.context.embedded.ServletContextInitializer],319393,Insufficient Modularization,1,1,1,0,3,0,0,0,0,0,0,0,0,0,0,0,0,0,0,0,0,0,0,0,4,0,0,0,0,0,1,0,0,0,0,0,0,0,0,6,178,178,0,0,1,1300,5,3,243,0,0,1,1,8,0,0,0,1
598,com.squareup.okhttp.internal.huc.HttpURLConnectionImpl,5924,getResponseMessage/0,15023,Insufficient Modularization,1,23,105,3,94,439,35,1,27,8,0,0,0,16,0,9,0,0,5,2,0,1,0,0,388,0,4,0,0,2,48,8,47,13,0,33,3,0,0,0,0,0,0,0,0,5676,106,40,1012,0,0,0,1,14,0,0,0,1
2771,org.springframework.boot.autoconfigure.liquibase.LiquibaseProperties,23567,getLabels/0,242029,Insufficient Modularization,1,0,1,0,0,0,0,0,0,0,0,0,0,0,0,0,0,0,0,0,0,0,0,0,3,0,0,0,0,0,0,0,0,0,0,0,0,0,0,2,227,227,1,0,0,460,391,161,1611,0,0,581,3,62,0,0,0,1
3907,org.springframework.boot.devtools.restart.Restarter,32324,restart/1[org.springframework.boot.devtools.restart.FailureHandler],250786,Insufficient Modularization,1,0,0,1,0,0,0,0,0,0,0,0,0,0,0,0,0,0,0,0,0,0,0,0,3,0,0,0,0,0,0,0,0,0,0,0,-1,0,0,0,0,0,0,0,0,1521,367,70,315,0,0,28,1,23,0,0,0,1
20971,com.google.common.base.JoinerBenchmark,171324,booleanIfFirst/1[int],1010846,Insufficient Modularization,1,5,24,1,15,0,8,0,0,0,0,0,0,0,0,7,4,0,5,0,0,4,0,0,111,0,12,0,0,0,11,16,38,1,0,31,3,0,0,0,0,0,0,0,0,3862,722,158,748,0,0,679,2,15,0,0,0,1
971,com.squareup.okhttp.internal.framed.FramedConnection,12441,writeWindowUpdateLater/2[int,83435,Insufficient Modularization,1,21,78,2,60,296,33,0,14,12,0,0,0,0,8,25,2,0,15,0,0,15,0,0,663,0,4,0,0,2,17,33,55,3,0,39,5,11,3,0,0,0,0,0,0,9695,25,18,296,0,0,120,1,2,0,0,0,1
3990,org.springframework.boot.loader.jar.JarFileTests,30592,setup/0,249054,Insufficient Modularization,1,3,1,0,2,0,0,0,0,0,0,0,0,0,0,0,0,0,0,0,0,0,0,0,5,0,0,0,0,0,0,0,2,0,0,0,0,0,0,4,75,75,0,0,0,8955,2841,573,4338,0,0,4926,2,17,0,0,0,1
841,okhttp3.internal.http2.Http2ConnectionTest,10233,doublePushPromise/0,32053,Insufficient Modularization,1,7,1,0,10,0,0,0,0,0,0,0,0,0,0,0,0,0,0,0,0,0,0,0,13,0,0,0,0,0,6,4,1,0,0,0,0,0,0,14,400,400,0,1,0,8955,2841,573,4338,0,0,4926,2,17,0,0,0,1
404,okhttp3.CacheTest,3232,doNotCachePartialResponse/0,12331,Insufficient Modularization,1,3,1,0,4,0,0,0,0,0,0,0,0,0,0,0,0,0,0,0,0,0,0,0,3,0,0,0,0,0,3,1,0,1,0,0,0,0,0,14,1817,1817,0,0,0,8955,2841,573,4338,0,0,4926,2,17,0,0,0,1
2069,org.springframework.boot.web.reactive.server.AbstractReactiveWebServerFactoryTests,20227,assertForwardHeaderIsUsed/1[org.springframework.boot.web.reactive.server.AbstractReactiveWebServerFactory],238689,Insufficient Modularization,1,5,1,0,11,0,0,0,0,0,0,0,0,0,0,0,0,0,0,0,0,0,0,0,6,0,0,0,0,0,3,0,2,0,0,0,0,0,0,18,325,325,0,1,1,10948,1,1,1,0,0,58,265,26503,0,0,0,1
3190,org.springframework.boot.autoconfigure.batch.BatchAutoConfigurationTests,25390,testCustomizeDataSourceTransactionManagerUsingProperties/0,243852,Insufficient Modularization,1,17,12,1,6,0,12,0,12,0,0,0,0,0,0,2,0,1,1,0,0,1,0,0,333,0,0,0,0,0,12,0,2,0,0,2,0,3,6,12,0,0,0,0,0,1300,5,3,243,0,0,1,1,8,0,0,0,1
2904,org.springframework.boot.autoconfigure.security.oauth2.client.OAuth2ClientProperties,24024,validateRegistration/1[org.springframework.boot.autoconfigure.security.oauth2.client.OAuth2ClientProperties.Registration],242486,Insufficient Modularization,1,1,3,0,3,0,0,0,0,0,0,0,0,0,0,0,0,0,0,0,0,0,0,0,8,0,0,0,0,0,2,0,0,0,0,1,0,0,0,11,60,60,0,0,1,365,11,5,15,0,0,0,2,16,0,0,0,1
2771,org.springframework.boot.autoconfigure.liquibase.LiquibaseProperties,23567,getLabels/0,242029,Insufficient Modularization,1,0,1,0,0,0,0,0,0,0,0,0,0,0,0,0,0,0,0,0,0,0,0,0,3,0,0,0,0,0,0,0,0,0,0,0,0,0,0,2,227,227,1,0,0,10948,1,1,1,0,0,58,265,26503,0,0,0,1
473,com.squareup.okhttp.mockwebserver.MockWebServer,4858,play/0,13957,Insufficient Modularization,1,12,82,3,76,338,28,0,19,9,0,0,0,0,0,16,2,0,16,0,0,6,0,0,614,0,6,0,0,8,40,31,60,11,0,46,3,3,2,0,0,0,0,0,0,5676,106,40,1012,0,0,0,1,14,0,0,0,1
2077,org.springframework.boot.web.embedded.tomcat.TomcatServletWebServerFactoryTests,20306,disableDoesNotSaveSessionFiles/0,238768,Insufficient Modularization,1,5,1,0,14,0,0,0,0,0,0,0,0,0,0,0,0,0,0,0,0,0,0,0,16,0,0,0,0,0,10,4,8,1,0,0,0,0,0,29,333,333,0,6,0,365,11,5,15,0,0,0,2,16,0,0,0,1
13672,org.springframework.boot.actuate.autoconfigure.EndpointWebMvcAutoConfigurationTests,100735,close/0,319223,Insufficient Modularization,1,26,14,1,19,0,9,0,8,1,0,0,0,0,0,1,0,0,1,0,0,1,0,0,266,0,0,0,0,0,42,25,7,1,0,7,3,0,7,0,0,0,0,0,0,460,391,161,1611,0,0,581,3,62,0,0,0,1
3371,org.springframework.boot.autoconfigure.transaction.jta.JtaAutoConfigurationTests,26471,customBitronixServerId/0,244933,Insufficient Modularization,1,6,1,0,8,0,0,0,0,0,0,0,0,0,0,0,0,0,0,0,0,0,0,0,8,0,0,0,0,0,2,0,2,0,0,0,0,0,0,11,167,167,0,1,0,939,1,1,1,0,0,0,0,0,0,0,0,1
783,com.squareup.okhttp.internal.spdy.Http20Draft12Test,9278,blockedFrameIgnored/0,28732,Insufficient Modularization,1,3,1,0,4,0,0,0,0,0,0,0,0,0,0,0,0,0,0,0,0,0,0,0,7,0,0,0,0,0,0,3,0,0,0,0,0,0,0,9,827,827,0,0,0,8955,2841,573,4338,0,0,4926,2,17,0,0,0,1
836,okhttp3.internal.http2.HttpOverHttp2Test,10048,synchronousRequest/0,31868,Insufficient Modularization,1,6,1,0,8,0,0,0,0,0,0,0,0,0,0,0,0,0,0,0,0,0,0,0,11,0,0,0,0,0,4,3,2,0,0,0,0,0,0,18,271,271,0,2,0,460,391,161,1611,0,0,581,3,62,0,0,0,1
463,okhttp3.InterceptorTest,4613,applicationInterceptorsCanMakeMultipleRequestsToServer/0,13712,Insufficient Modularization,1,33,44,3,76,286,37,2,25,11,0,0,0,0,0,3,0,1,2,0,0,0,0,0,578,0,0,0,0,0,85,4,66,5,0,49,1,24,1,0,0,0,0,0,0,12726,168,51,4704,0,0,11,1,2,0,0,0,1
784,com.squareup.okhttp.internal.spdy.SpdyConnectionTest,9326,serverPingsClientHttp2/0,28780,Insufficient Modularization,1,5,1,0,9,0,0,0,0,0,0,0,0,0,0,0,0,0,0,0,0,0,0,0,13,0,0,0,0,0,0,5,1,0,0,0,0,0,0,10,215,215,0,1,0,11431,1074,133,243,0,0,654,1,12,0,0,0,1
944,okhttp3.internal.tls.FakeSSLSession,11898,getPeerCertificates/0,59030,Insufficient Modularization,1,0,2,0,0,0,0,0,0,0,0,0,0,0,0,0,0,0,0,0,0,0,0,0,8,0,0,0,0,0,1,1,0,0,0,1,0,0,0,9,65,65,1,0,0,35,368,112,1586,0,0,666,2,12,0,0,0,1
832,okhttp3.RecordingEventListener,9925,requestHeadersStart/1[okhttp3.Call],31493,Insufficient Modularization,1,32,30,22,16,286,25,0,24,1,0,0,0,0,0,2,0,0,0,0,0,2,0,0,311,0,3,0,0,0,1,0,6,1,0,5,1,0,21,0,0,0,0,0,0,35,368,112,1586,0,0,666,2,12,0,0,0,1
3403,org.springframework.boot.autoconfigure.web.servlet.MultipartAutoConfigurationTests,26789,webServerWithNoMultipartTomcatConfiguration/0,245251,Insufficient Modularization,1,8,1,0,7,0,0,0,0,0,0,0,0,0,0,0,0,0,0,0,0,0,0,0,8,0,0,0,0,0,0,2,2,0,0,0,0,0,0,19,113,113,0,1,0,35,368,112,1586,0,0,666,2,12,0,0,0,1
407,okhttp3.DelegatingSSLSocketFactory,3439,configureSocket/1[javax.net.ssl.SSLSocket],12538,Insufficient Modularization,1,0,1,0,0,0,0,0,0,0,0,0,0,0,0,0,0,0,0,0,0,0,0,0,3,0,0,0,0,0,0,0,0,0,0,0,0,0,0,8,78,78,1,0,1,107,1,1,1,0,0,0,0,0,0,0,0,1
1641,org.springframework.boot.SpringApplicationRunListeners,17027,callFailedListener/3[org.springframework.boot.SpringApplicationRunListener,235489,Insufficient Modularization,1,5,20,1,13,0,9,0,7,1,0,0,0,0,0,2,0,0,2,0,0,2,0,0,71,0,7,0,0,1,4,0,4,1,0,3,2,0,0,0,0,0,0,0,0,107,1,1,1,0,0,0,0,0,0,0,0,1
4385,org.springframework.boot.launchscript.SysVinitLaunchScriptIT,33117,copyToContainer/3[DockerClient,251579,Insufficient Modularization,1,20,46,3,53,689,38,1,27,11,0,0,0,0,0,4,1,0,4,0,0,4,0,0,397,0,3,0,0,0,98,4,36,18,0,36,2,3,3,0,0,0,0,0,0,1300,5,3,243,0,0,1,1,8,0,0,0,1
143,butterknife.internal.ButterKnifeProcessor,1153,isRequiredBinding/1[javax.lang.model.element.Element],6481,Insufficient Modularization,1,31,151,2,158,421,30,4,4,26,0,0,0,0,1,13,10,3,9,0,0,10,0,0,807,0,23,0,0,6,76,21,201,7,0,151,5,0,0,0,0,0,0,0,0,1300,5,3,243,0,0,1,1,8,0,0,0,1
3210,org.springframework.boot.autoconfigure.liquibase.LiquibaseAutoConfigurationTests,25542,overrideContexts/0,244004,Insufficient Modularization,1,4,1,0,4,0,0,0,0,0,0,0,0,0,0,0,0,0,0,0,0,0,0,0,3,0,0,0,0,0,1,0,0,0,0,0,0,0,1,6,147,147,0,0,0,460,391,161,1611,0,0,581,3,62,0,0,0,1
1069,com.squareup.okhttp.internal.spdy.Http20Draft06,14309,newReader/2[java.io.InputStream,133128,Insufficient Modularization,1,6,4,1,1,1,2,0,2,0,0,0,0,0,0,16,16,0,1,0,0,16,0,0,296,0,0,0,0,0,2,15,16,0,0,16,1,0,2,0,0,0,0,0,0,12264,1068,259,2113,0,0,611,1,15,0,0,0,1
3129,org.springframework.boot.autoconfigure.thymeleaf.ThymeleafProperties,25075,setPrefix/1[java.lang.String],243537,Insufficient Modularization,1,3,26,1,0,301,26,0,26,0,0,0,0,0,0,17,3,2,15,0,0,5,0,0,144,0,0,0,0,0,4,0,25,0,0,17,0,0,2,0,0,0,0,0,0,1300,5,3,243,0,0,1,1,8,0,0,0,1
17537,org.springframework.boot.loader.jar.RandomAccessJarFileTests,136460,getNestedJarFile/0,464516,Insufficient Modularization,1,2,1,0,16,0,0,0,0,0,0,0,0,0,0,0,0,0,0,0,0,0,0,0,15,0,0,0,0,1,8,2,4,1,0,0,0,0,0,23,205,205,0,4,0,107,1,1,1,0,0,0,0,0,0,0,0,1
1520,org.springframework.boot.context.properties.bind.Binder,16387,bindObject/5[org.springframework.boot.context.properties.source.ConfigurationPropertyName,234849,Insufficient Modularization,1,0,0,0,0,0,0,0,0,0,0,0,0,0,0,0,0,0,0,0,0,0,0,0,254,0,5,0,0,254,0,1,1,0,0,0,0,3,0,3,0,23,9,7,7,939,1,1,1,0,0,0,0,0,0,0,0,1
832,okhttp3.RecordingEventListener,9925,requestHeadersStart/1[okhttp3.Call],31493,Insufficient Modularization,1,3,1,0,1,0,0,0,0,0,0,0,0,0,0,0,0,0,0,0,0,0,0,0,3,0,0,0,0,0,0,0,0,0,0,0,0,0,0,8,125,125,0,0,1,107,1,1,1,0,0,0,0,0,0,0,0,1
3207,org.springframework.boot.autoconfigure.orm.jpa.HibernateJpaAutoConfigurationTests,25520,jtaCustomPlatform/0,243982,Insufficient Modularization,1,19,20,5,9,190,20,0,20,0,0,0,0,0,0,0,0,0,0,0,0,0,0,0,383,0,0,0,0,0,32,0,0,5,0,0,0,0,6,20,0,0,0,0,0,3862,722,158,748,0,0,679,2,15,0,0,0,1
435,okhttp3.internal.framed.Http2ConnectionTest,3910,connectionBuilder/2[okhttp3.internal.framed.MockSpdyPeer,13009,Insufficient Modularization,1,495,3,0,1,0,0,0,0,0,0,0,0,0,0,0,0,0,0,0,0,0,0,0,5,0,495,0,0,0,0,0,0,0,0,0,0,0,0,0,0,2,3,1,0,107,1,1,1,0,0,0,0,0,0,0,0,1
13749,org.springframework.boot.context.properties.ConfigurationPropertiesBindingPostProcessorTests,101345,testSuccessfulValidationWithJSR303/0,324106,Insufficient Modularization,1,15,12,2,14,0,8,0,8,0,0,0,0,0,0,1,0,0,1,0,0,0,0,0,222,0,0,0,0,0,13,3,12,0,0,6,1,0,9,0,0,0,0,0,0,1300,5,3,243,0,0,1,1,8,0,0,0,1
1909,org.springframework.boot.context.properties.bind.BindableTests,18986,ofTypeWithExistingValueShouldSetTypeAndExistingValue/0,237448,Insufficient Modularization,1,2,1,0,7,0,0,0,0,0,0,0,0,0,0,0,0,0,0,0,0,0,0,0,3,0,0,0,0,0,2,0,0,0,0,0,0,0,0,10,86,86,0,0,0,35,368,112,1586,0,0,666,2,12,0,0,0,1
3217,org.springframework.boot.autoconfigure.session.SessionAutoConfigurationTests,154379,sessionCookieConfigurationIsAppliedToAutoConfiguredCookieSerializer/0,632832,Insufficient Modularization,1,3,1,0,3,0,0,0,0,0,0,0,0,0,0,0,0,0,0,0,0,0,0,0,12,0,0,0,0,0,6,0,0,0,0,0,0,0,1,14,146,146,0,0,0,35,368,112,1586,0,0,666,2,12,0,0,0,1
447,okhttp3.RequestTest,10866,objectTag/0,39391,Insufficient Modularization,1,9,38,1,54,351,27,0,25,2,0,0,0,0,0,0,0,0,0,0,0,0,0,0,302,0,0,0,0,0,103,10,56,0,0,56,1,0,0,0,0,0,0,0,0,939,1,1,1,0,0,0,0,0,0,0,0,1
404,okhttp3.CacheTest,3232,doNotCachePartialResponse/0,12331,Insufficient Modularization,1,3,1,0,4,0,0,0,0,0,0,0,0,0,0,0,0,0,0,0,0,0,0,0,3,0,0,0,0,0,3,1,0,1,0,0,0,0,0,14,1817,1817,0,0,0,12726,168,51,4704,0,0,11,1,2,0,0,0,1
8854,org.springframework.test.web.client.response.MockRestResponseCreators,77706,withSuccess/2[org.springframework.core.io.Resource,376102,,0,70,3,0,1,0,0,0,0,0,0,0,0,0,0,0,0,0,0,0,0,0,0,0,2,0,70,0,0,0,0,0,0,0,0,0,0,0,0,0,0,2,3,1,0,35,368,112,1586,0,0,666,2,12,0,0,0,0
3530,org.springframework.boot.autoconfigure.AutoConfigurationsTests,27729,ofShouldCreateOrderedConfigurations/0,436642,,0,5,1,0,4,0,0,0,0,0,0,0,0,0,0,0,0,0,0,0,0,0,0,0,4,0,0,0,0,0,0,0,1,0,0,0,0,0,0,8,33,33,0,1,0,35,368,112,1586,0,0,666,2,12,0,0,0,0
230,okhttp3.MediaType,1478,MediaType/4[java.lang.String,208942,,0,0,0,0,40,0,0,0,0,0,0,0,0,0,0,0,0,0,0,0,0,0,0,0,1,0,0,0,0,0,0,0,0,0,0,0,4,0,0,0,0,0,1,0,6,107,1,1,1,0,0,0,0,0,0,0,0,0
1527,org.springframework.boot.context.properties.bind.MapBinder,16450,MapBinder/1[org.springframework.boot.context.properties.bind.Binder.Context],623037,,0,14,22,2,26,36,9,0,0,5,3,0,0,0,0,1,1,0,1,0,0,1,0,0,172,0,2,0,0,1,0,1,10,0,0,9,3,0,1,1,0,0,0,0,0,1521,367,70,315,0,0,28,1,23,0,0,0,0
691,okhttp3.internal.cache.DiskLruCacheTest,7732,journalWriteFailsDuringEditorAbort/0,167821,,0,5,1,0,9,0,0,0,0,0,0,0,0,0,0,0,0,0,0,0,0,0,0,0,17,0,0,0,0,0,18,3,2,0,0,0,0,0,0,18,1315,1315,0,1,0,1300,5,3,243,0,0,1,1,8,0,0,0,0
836,okhttp3.internal.http2.HttpOverHttp2Test,10077,concurrentHttp2ConnectionsDeduplicated/0,160122,,0,14,1,0,26,0,0,0,0,0,0,0,0,0,0,0,0,0,0,0,0,0,0,0,54,0,0,0,0,0,10,5,8,0,0,0,1,0,0,76,1343,1343,0,7,0,365,11,5,15,0,0,0,2,16,0,0,0,0
3107,org.springframework.boot.autoconfigure.freemarker.FreeMarkerProperties,25005,setTemplateLoaderPath/1[java.lang.String],325153,,0,0,1,0,0,0,0,0,0,0,0,0,0,0,0,0,0,0,0,0,0,0,0,0,3,0,0,0,0,0,0,0,1,0,0,0,0,0,0,5,62,62,0,0,1,939,1,1,1,0,0,0,0,0,0,0,0,0
21312,com.google.common.graph.ConfigurableSimpleUndirectedGraphTest,176825,createGraph/0,1016347,,0,3,1,0,3,0,0,0,0,0,0,0,0,0,0,0,0,0,0,0,0,0,0,0,3,0,0,0,0,0,0,0,0,0,0,0,0,0,0,3,36,36,1,0,0,3862,722,158,748,0,0,679,2,15,0,0,0,0
840,okhttp3.internal.http2.HpackTest,10168,zero/0,38883,,0,3,1,0,6,0,0,0,0,0,0,0,0,0,0,0,0,0,0,0,0,0,0,0,5,0,0,0,0,0,0,7,0,0,0,0,0,0,0,9,841,841,0,0,0,5676,106,40,1012,0,0,0,1,14,0,0,0,0
4791,org.elasticsearch.transport.TransportResponseHandler,34616,newInstance/0,642304,,0,1,1,0,0,0,0,0,0,0,0,0,0,0,0,0,0,0,0,0,0,0,0,0,1,0,0,0,0,0,0,0,0,0,0,-1,0,0,0,18,27,27,0,0,0,35,368,112,1586,0,0,666,2,12,0,0,0,0
694,okhttp3.internal.connection.RouteSelectorTest,7830,proxyDnsFailureContinuesToNextProxy/0,113637,,0,8,2,0,18,0,0,0,0,0,0,0,0,0,0,0,0,0,0,0,0,0,0,0,30,0,0,0,0,0,0,4,4,0,0,1,0,0,0,25,270,270,0,4,0,939,1,1,1,0,0,0,0,0,0,0,0,0
329,okhttp3.android.HttpResponseCacheTest,2403,initializeCache/1[okhttp3.android.HttpResponseCache],119255,,0,1,1,0,1,0,0,0,0,0,0,0,0,0,0,0,0,0,0,0,0,0,0,0,3,0,0,0,0,0,0,0,0,0,0,0,0,0,0,5,171,171,0,0,1,12405,5,3,4,0,0,0,1,1,0,0,0,0
746,com.squareup.okhttp.internal.ws.RealWebSocketTest,8490,tearDown/0,134871,,0,2,1,0,1,0,0,0,0,0,0,0,0,0,0,0,0,0,0,0,0,0,0,0,4,0,0,0,0,0,0,0,0,0,0,0,0,0,0,2,92,92,0,0,0,9695,25,18,296,0,0,120,1,2,0,0,0,0
11293,org.springframework.context.annotation.ConfigurationClassParser,88747,getPropertySources/0,307209,,0,1,1,0,0,0,0,0,0,0,0,0,0,0,0,0,0,0,0,0,0,0,0,0,3,0,0,0,0,0,0,0,0,0,0,0,0,0,0,3,461,461,1,0,0,1521,367,70,315,0,0,28,1,23,0,0,0,0
449,okhttp3.URLConnectionTest,4165,emptyRequestHeaderValueIsAllowed/0,105528,,0,6,1,0,9,0,0,0,0,0,0,0,0,0,0,0,0,0,0,0,0,0,0,0,7,0,0,0,0,0,7,0,1,0,0,0,0,0,0,13,3082,3082,0,0,0,11040,1183,280,1924,0,0,270,1,19,0,0,0,0
441,okhttp3.internal.DiskLruCacheTest,3999,evictAllWithPartialEditDoesNotStoreAValue/0,78640,,0,4,1,0,8,0,0,0,0,0,0,0,0,0,0,0,0,0,0,0,0,0,0,0,10,0,0,0,0,0,7,3,1,0,0,0,0,0,0,17,901,901,0,1,0,35,368,112,1586,0,0,666,2,12,0,0,0,0
449,okhttp3.URLConnectionTest,4329,connectViaHttpsWithSSLFallbackFailuresRecorded/0,78971,,0,10,2,0,19,0,0,0,0,0,0,0,0,0,0,0,0,0,0,0,0,0,0,0,14,0,0,0,0,0,1,1,1,0,0,1,0,0,0,39,639,639,0,0,0,11431,1074,133,243,0,0,654,1,12,0,0,0,0
412,okhttp3.HttpUrlTest,3604,toUriFragmentSpecialCharacters/0,130315,,0,3,1,0,8,0,0,0,0,0,0,0,0,0,0,0,0,0,0,0,0,0,0,0,5,0,0,0,0,0,5,0,1,0,0,0,0,0,0,12,1195,1195,0,1,0,8955,2841,573,4338,0,0,4926,2,17,0,0,0,0
544,com.squareup.okhttp.Route,5542,getSocketAddress/0,60511,,0,0,1,0,0,0,0,0,0,0,0,0,0,0,0,0,0,0,0,0,0,0,0,0,3,0,0,0,0,0,0,0,0,0,0,0,0,0,0,5,85,85,1,0,0,365,11,5,15,0,0,0,2,16,0,0,0,0
321,okhttp3.RecordingCookieJar,2327,saveFromResponse/2[okhttp3.HttpUrl,190032,,0,48,2,0,1,0,0,0,0,0,0,0,0,0,0,0,0,0,0,0,0,0,0,0,1,0,48,0,0,0,0,0,0,0,0,0,0,0,0,0,0,2,3,0,0,35,368,112,1586,0,0,666,2,12,0,0,0,0
474,com.squareup.okhttp.mockwebserver.MockResponse,8041,setBodyDelay/2[long,133417,,0,221,1,0,1,0,0,0,0,0,0,0,0,0,0,0,0,0,0,0,0,0,0,0,0,0,221,0,0,0,0,0,0,2,0,0,0,0,0,0,0,2,5,1,0,10948,1,1,1,0,0,58,265,26503,0,0,0,0
19730,org.elasticsearch.index.store.DistributorInTheWildTest,157184,testNRTThreads/0,668950,,0,0,1,0,1,0,0,0,0,0,0,0,0,0,0,0,0,0,0,0,0,0,0,0,3,0,0,0,0,0,1,0,0,0,0,0,0,0,0,8,202,202,0,0,0,365,11,5,15,0,0,0,2,16,0,0,0,0
13702,org.springframework.boot.context.embedded.ServletRegistrationBean,100960,ServletRegistrationBean/0,323436,,0,0,1,0,0,0,0,0,0,0,0,0,0,0,0,0,0,0,0,0,0,0,0,0,2,0,0,0,0,0,0,0,0,0,0,0,0,0,0,5,66,66,0,0,0,939,1,1,1,0,0,0,0,0,0,0,0,0
10849,org.springframework.orm.jpa.JpaTemplateTests,87164,testExecuteJpaCallbackBooleanWithPrebound/0,305626,,0,7,1,0,6,0,0,0,0,0,0,0,0,0,0,0,0,0,0,0,0,0,0,0,18,0,0,0,0,0,0,0,0,0,0,1,1,0,0,22,160,160,0,0,0,107,1,1,1,0,0,0,0,0,0,0,0,0
388,okhttp3.internal.ws.WebSocketWriterTest,2880,clientBinary/0,144791,,0,6,1,0,11,0,0,0,0,0,0,0,0,0,0,0,0,0,0,0,0,0,0,0,20,0,0,0,0,0,2,10,5,0,0,0,0,0,0,18,230,230,0,5,0,460,391,161,1611,0,0,581,3,62,0,0,0,0
366,okhttp3.recipes.AsynchronousGet,2726,run/0,30862,,0,6,2,1,5,1,2,1,2,0,0,0,0,0,0,1,0,0,1,0,0,1,0,0,35,0,0,0,0,0,1,0,2,0,0,2,0,1,0,0,0,0,0,0,0,35,368,112,1586,0,0,666,2,12,0,0,0,0
79,butterknife.compiler.FieldCollectionViewBinding,338,FieldCollectionViewBinding/5[java.lang.String,2368,,0,8,11,1,9,0,3,0,0,0,0,0,0,0,0,6,0,0,4,0,0,6,0,0,60,0,1,0,0,1,14,2,11,0,0,10,4,0,0,0,0,0,0,0,0,35,368,112,1586,0,0,666,2,12,0,0,0,0
606,com.squareup.okhttp.CacheTest,8578,temporaryRedirectCachedWithCacheControlHeader/0,207351,,0,2,1,0,1,0,0,0,0,0,0,0,0,0,0,0,0,0,0,0,0,0,0,0,3,0,0,0,0,0,2,1,0,0,0,0,0,0,0,10,423,423,0,0,0,1521,367,70,315,0,0,28,1,23,0,0,0,0
23621,org.mockitousage.debugging.PrintingInvocationsWhenEverythingOkTest,201641,printInvocations/0,1194627,,0,3,1,0,5,0,0,0,0,0,0,0,0,0,0,0,0,0,0,0,0,0,0,0,6,0,0,0,0,0,6,0,1,0,0,0,0,0,0,5,45,45,0,1,0,3862,722,158,748,0,0,679,2,15,0,0,0,0
244,okhttp3.internal.http.RetryableSink,1592,contentLength/0,118440,,0,5,13,1,4,12,8,0,8,0,0,0,0,0,0,3,0,0,3,0,0,2,0,0,47,0,0,0,0,0,5,4,4,3,0,4,1,0,0,0,0,0,0,0,0,9695,25,18,296,0,0,120,1,2,0,0,0,0
5450,org.elasticsearch.cluster.routing.RoutingNodes,40142,getMetaData/0,353646,,0,2,1,0,1,0,0,0,0,0,0,0,0,0,0,0,0,0,0,0,0,0,0,0,3,0,0,0,0,0,0,0,0,0,0,0,0,0,0,4,148,148,1,0,0,939,1,1,1,0,0,0,0,0,0,0,0,0
506,com.squareup.okhttp.internal.http.HttpEngine,8124,hasBody/1[com.squareup.okhttp.Response],69237,,0,3,8,0,7,0,0,0,0,0,0,0,0,0,0,0,0,0,0,0,0,0,0,0,13,0,0,0,0,1,3,2,1,0,0,1,0,0,0,30,589,589,4,1,1,365,11,5,15,0,0,0,2,16,0,0,0,0
152,butterknife.internal.AllTheThingsTest,919,beforeTextChanged/2[java.lang.CharSequence,9531,,0,355,1,0,1,0,0,0,0,0,0,0,0,0,0,0,0,0,0,0,0,0,0,0,0,0,355,0,0,0,0,0,1,0,0,0,0,0,0,0,0,2,2,0,0,5713,373,162,2010,0,0,57,1,14,0,0,0,0
19645,org.elasticsearch.search.aggregations.metrics.percentiles.AbstractPercentilesAggregator,156175,getState/1[long],662027,,0,3,2,0,2,0,0,0,0,0,0,0,0,0,0,0,0,0,0,0,0,0,0,0,7,0,0,0,0,0,0,0,1,0,0,1,0,0,0,8,95,95,2,1,1,35,368,112,1586,0,0,666,2,12,0,0,0,0
13992,org.springframework.boot.autoconfigure.social.SocialAutoConfigurerAdapter,137990,createConnectionFactory/0,474652,,0,1,1,0,0,0,0,0,0,0,0,0,0,0,0,0,0,0,0,0,0,0,0,0,1,0,0,0,0,0,0,0,0,0,0,-1,0,0,0,3,39,39,0,0,0,1521,367,70,315,0,0,28,1,23,0,0,0,0
449,okhttp3.URLConnectionTest,4356,setValidRequestMethod/0,39558,,0,2,1,0,1,0,0,0,0,0,0,0,0,0,0,0,0,0,0,0,0,0,0,0,10,0,0,0,0,0,8,0,0,0,0,0,0,0,0,6,1716,1716,0,0,0,12264,1068,259,2113,0,0,611,1,15,0,0,0,0
1869,org.springframework.boot.logging.DeferredLog,18701,trace/1[java.lang.Object],237163,,0,1,1,0,1,0,0,0,0,0,0,0,0,0,0,0,0,0,0,0,0,0,0,0,3,0,0,0,0,0,0,0,0,0,0,0,0,0,0,4,67,67,0,0,1,10948,1,1,1,0,0,58,265,26503,0,0,0,0
238,okhttp3.RequestBody,1529,create/2[okhttp3.MediaType,172068,,0,79,4,0,1,0,0,0,0,0,0,0,0,0,0,0,0,0,0,0,0,0,0,0,1,0,79,0,0,0,0,0,1,0,0,0,0,0,0,0,0,2,3,1,0,10704,557,242,2816,0,0,447,2,26,0,0,0,0
857,okhttp3.logging.LoggingEventListener,11156,responseFailed/2[okhttp3.Call,95644,,0,153,2,0,1,0,0,0,0,0,0,0,0,0,0,0,0,0,0,0,0,0,0,0,1,0,153,0,0,0,0,1,0,0,0,1,0,0,0,0,0,2,3,0,0,12264,1068,259,2113,0,0,611,1,15,0,0,0,0
12449,org.springframework.scripting.groovy.GroovyScriptFactoryTests,92126,testInlineScriptFromTag/0,310588,,0,9,1,0,9,0,0,0,0,0,0,0,0,0,0,0,0,0,0,0,0,0,0,0,8,0,0,0,0,0,4,0,3,0,0,0,0,0,0,24,348,348,0,3,0,460,391,161,1611,0,0,581,3,62,0,0,0,0
302,okhttp3.Handshake,2120,hashCode/0,102917,,0,0,1,0,3,0,0,0,0,0,0,0,0,0,0,0,0,0,0,0,0,0,0,0,8,0,0,0,0,0,0,5,5,8,0,0,0,0,0,3,135,135,1,1,0,11431,1074,133,243,0,0,654,1,12,0,0,0,0
846,okhttp3.internal.SocketRecorder,10309,sslSocketFactory/1[javax.net.ssl.SSLSocketFactory],97261,,0,2,1,0,0,0,0,0,0,0,0,0,0,0,0,0,0,0,0,0,0,0,0,0,10,0,0,0,0,0,0,0,0,0,0,0,1,0,0,22,38,38,1,0,1,3862,722,158,748,0,0,679,2,15,0,0,0,0
15376,org.springframework.jms.core.JmsMessagingTemplateTests,116507,assertTextMessage/1[org.springframework.jms.core.MessageCreator],1227982,,0,3,2,0,4,0,0,0,0,0,0,0,0,0,0,0,0,0,0,0,0,0,0,0,10,0,0,0,0,0,6,0,1,0,0,1,0,0,0,18,628,628,0,1,1,3862,722,158,748,0,0,679,2,15,0,0,0,0
650,com.squareup.okhttp.CallTest,7305,canceledBeforeResponseReadSignalsOnFailure/0,86230,,0,10,1,0,13,0,0,0,0,0,0,0,0,0,0,0,0,0,0,0,0,0,0,0,14,0,0,0,0,0,6,0,2,0,0,0,1,0,0,21,1724,1724,0,2,0,5676,106,40,1012,0,0,0,1,14,0,0,0,0
19891,org.springframework.boot.actuate.metrics.opentsdb.OpenTsdbGaugeWriter,158943,getRestTemplate/0,689144,,0,1,1,0,0,0,0,0,0,0,0,0,0,0,0,0,0,0,0,0,0,0,0,0,3,0,0,0,0,0,0,0,0,0,0,0,0,0,0,4,102,102,1,0,0,365,11,5,15,0,0,0,2,16,0,0,0,0
3992,org.springframework.boot.loader.jar.StringSequenceTests,30656,startsWithOffsetWhenShorterAndDoesNotStartWith/0,249118,,0,2,1,0,3,0,0,0,0,0,0,0,0,0,0,0,0,0,0,0,0,0,0,0,4,0,0,0,0,0,4,2,0,0,0,0,0,0,0,13,207,207,0,0,0,107,1,1,1,0,0,0,0,0,0,0,0,0
458,okhttp3.DelegatingSSLSocket,4532,setReuseAddress/1[boolean],75485,,0,0,1,0,1,0,0,0,0,0,0,0,0,0,0,0,0,0,0,0,0,0,0,0,3,0,0,0,0,0,0,0,0,0,0,0,0,0,0,6,252,252,0,0,1,5676,106,40,1012,0,0,0,1,14,0,0,0,0
468,okhttp3.CallTest,4704,follow20Redirects_Async/0,141815,,0,9,2,0,12,0,0,0,0,0,0,0,0,0,0,0,0,0,0,0,0,0,0,0,9,0,1,0,0,2,6,6,2,4,0,1,0,0,0,12,1732,1732,0,2,0,1521,367,70,315,0,0,28,1,23,0,0,0,0
9222,org.elasticsearch.search.aggregations.metrics.cardinality.CardinalityAggregatorFactory,53437,doCreateInternal/6[org.elasticsearch.search.aggregations.support.ValuesSource,271899,,0,0,0,0,0,0,0,0,0,0,0,0,0,0,0,0,0,0,0,0,0,0,0,0,0,0,2,0,0,0,6,55,0,0,0,0,0,0,0,0,0,1,0,55,7,1300,5,3,243,0,0,1,1,8,0,0,0,0
14909,org.elasticsearch.search.fetch.partial.PartialFieldsContext,111962,fields/0,366689,,0,1,1,0,0,0,0,0,0,0,0,0,0,0,0,0,0,0,0,0,0,0,0,0,3,0,0,0,0,0,0,0,0,0,0,0,0,0,0,1,64,64,1,0,0,1521,367,70,315,0,0,28,1,23,0,0,0,0
434,okhttp3.internal.framed.HpackTest,3882,literalHeaderFieldWithoutIndexingIndexedName/0,120750,,0,5,1,0,7,0,0,0,0,0,0,0,0,0,0,0,0,0,0,0,0,0,0,0,11,0,0,0,0,0,3,3,1,0,0,0,0,0,0,23,190,190,0,1,0,1300,5,3,243,0,0,1,1,8,0,0,0,0
1144,org.springframework.boot.actuate.security.AuthenticationAuditListener,14593,onAuthenticationFailureEvent/1[AbstractAuthenticationFailureEvent],233055,,0,3,2,0,8,0,0,0,0,0,0,0,0,0,0,0,0,0,0,0,0,0,0,0,9,0,0,0,0,0,3,0,1,0,0,1,0,0,0,10,76,76,0,1,1,1300,5,3,243,0,0,1,1,8,0,0,0,0
12717,org.elasticsearch.cloud.azure.management.AzureComputeServiceAbstractMock,79141,doClose/0,505550,,0,0,1,0,0,0,0,0,0,0,0,0,0,0,0,0,0,0,0,0,0,0,0,0,2,0,0,0,0,0,0,0,0,0,0,0,0,0,0,4,48,48,0,0,0,107,1,1,1,0,0,0,0,0,0,0,0,0
8255,org.springframework.expression.spel.ast.Operator,68217,getLeftOperand/0,286679,,0,1,1,0,0,0,0,0,0,0,0,0,0,0,0,0,0,0,0,0,0,0,0,0,3,0,0,0,0,0,0,1,0,0,0,0,0,0,0,6,36,36,1,0,0,1300,5,3,243,0,0,1,1,8,0,0,0,0
1943,org.springframework.boot.context.properties.source.MockConfigurationPropertySource,19417,put/2[org.springframework.boot.context.properties.source.ConfigurationPropertyName,697894,,0,60,2,0,1,0,0,0,0,0,0,0,0,0,0,0,0,0,0,0,0,0,0,0,1,0,60,0,0,0,0,0,0,0,0,0,0,0,0,0,0,2,3,0,0,107,1,1,1,0,0,0,0,0,0,0,0,0
699,okhttp3.internal.io.FaultyFileSystem,7871,deleteContents/1[java.io.File],168226,,0,1,1,0,1,0,0,0,0,0,0,0,0,0,0,0,0,0,0,0,0,0,0,0,3,0,0,0,0,0,0,0,0,0,0,0,0,0,0,7,92,92,0,0,1,3862,722,158,748,0,0,679,2,15,0,0,0,0
13349,org.springframework.beans.factory.xml.AbstractBeanFactoryTests,98402,testFindsValidInstance/0,419295,,0,3,2,0,8,0,0,0,0,0,0,0,0,0,0,0,0,0,0,0,0,0,0,0,13,0,0,0,0,0,6,1,2,0,0,1,0,0,0,23,96,96,0,2,0,9695,25,18,296,0,0,120,1,2,0,0,0,0
8123,org.springframework.tests.sample.objects.TestObject,66402,compareTo/1[java.lang.Object],683067,,0,1,3,0,2,0,0,0,0,0,0,0,0,0,0,0,0,0,0,0,0,0,0,0,8,0,0,0,0,1,0,1,0,0,0,1,0,0,0,6,70,70,2,0,1,35,368,112,1586,0,0,666,2,12,0,0,0,0
1040,com.squareup.okhttp.internal.http.DelegatingHttpsURLConnection,13719,getHeaderFieldDate/2[java.lang.String,198150,,0,193,0,0,1,0,0,0,0,0,0,0,0,0,0,0,0,0,0,0,0,0,0,0,1,0,193,0,0,0,0,0,0,0,0,0,0,0,0,0,0,2,3,1,0,1300,5,3,243,0,0,1,1,8,0,0,0,0
10662,org.springframework.orm.jpa.DefaultJpaDialect,86214,getEntityManagerFactoryPlusOperations/1[EntityManagerFactory],304676,,0,2,1,0,2,0,0,0,0,0,0,0,0,0,0,0,0,0,0,0,0,0,0,0,3,0,0,0,0,0,1,0,0,1,0,0,0,0,0,14,133,133,0,0,1,107,1,1,1,0,0,0,0,0,0,0,0,0
1860,org.springframework.boot.logging.logback.ColorConverter,18626,transform/2[ILoggingEvent,237088,,0,65,3,0,3,0,0,0,0,0,0,0,0,0,0,0,0,0,0,0,0,0,0,0,6,0,65,0,0,0,1,0,0,3,0,0,1,0,0,0,0,2,8,1,1,365,11,5,15,0,0,0,2,16,0,0,0,0
644,com.squareup.okhttp.ConnectionPoolTest,7164,recycleSpdyConnectionDoesNothing/0,46383,,0,3,1,0,2,0,0,0,0,0,0,0,0,0,0,0,0,0,0,0,0,0,0,0,4,0,0,0,0,0,0,0,0,0,0,0,0,0,0,11,242,242,0,0,0,12264,1068,259,2113,0,0,611,1,15,0,0,0,0
217,okhttp3.mockwebserver.MockResponse,9420,withWebSocketUpgrade/1[okhttp3.WebSocketListener],71926,,0,2,1,0,2,0,0,0,0,0,0,0,0,0,0,0,0,0,0,0,0,0,0,0,8,0,0,0,0,0,5,0,2,0,0,0,0,0,0,30,287,287,1,0,1,460,391,161,1611,0,0,581,3,62,0,0,0,0
294,okhttp3.FormBody,2015,encodedName/1[int],111437,,0,0,1,0,1,0,0,0,0,0,0,0,0,0,0,0,0,0,0,0,0,0,0,0,3,0,0,0,0,0,0,0,0,0,0,0,0,0,0,3,47,47,1,0,1,5676,106,40,1012,0,0,0,1,14,0,0,0,0
12212,org.springframework.context.annotation.configuration.ConfigurationClassAspectIntegrationTests,91292,assertAdviceWasApplied/1[java.lang.Class<?>],1304528,,0,9,1,0,9,0,0,0,0,0,0,0,0,0,0,0,0,0,0,0,0,0,0,0,12,0,0,0,0,0,5,0,3,0,0,0,0,0,0,28,66,66,0,3,1,3862,722,158,748,0,0,679,2,15,0,0,0,0
11677,org.springframework.validation.Errors,89977,getObjectName/0,308439,,0,0,1,0,0,0,0,0,0,0,0,0,0,0,0,0,0,0,0,0,0,0,0,0,1,0,0,0,0,0,0,0,0,0,0,-1,0,0,0,9,55,55,0,0,0,35,368,112,1586,0,0,666,2,12,0,0,0,0
601,com.squareup.okhttp.OkUrlFactoryTest,6102,assertResponseBody/2[java.net.HttpURLConnection,34634,,0,143,0,0,1,0,0,0,0,0,0,0,0,0,0,0,0,0,0,0,0,0,0,0,5,0,143,0,0,0,0,0,0,1,0,0,0,0,0,0,0,2,4,0,1,1521,367,70,315,0,0,28,1,23,0,0,0,0
12796,org.springframework.web.portlet.handler.PortletModeParameterLookupKey,94178,hashCode/0,312640,,0,1,1,0,2,0,0,0,0,0,0,0,0,0,0,0,0,0,0,0,0,0,0,0,3,0,0,0,0,1,0,1,0,2,0,0,0,0,0,2,55,55,1,0,0,1521,367,70,315,0,0,28,1,23,0,0,0,0
725,com.squareup.okhttp.AndroidInternal,8262,AndroidInternal/0,147870,,0,0,1,0,0,0,0,0,0,0,0,0,0,0,0,0,0,0,0,0,0,0,0,0,2,0,0,0,0,0,0,0,0,0,0,0,0,0,0,2,29,29,0,0,0,5713,373,162,2010,0,0,57,1,14,0,0,0,0
299,okhttp3.Callback,2107,onFailure/2[okhttp3.Call,118956,,0,2,2,1,0,1,2,0,0,0,0,0,0,0,0,0,0,0,0,0,0,0,0,0,6,0,0,0,0,0,0,0,0,0,0,0,-1,0,0,0,0,0,0,0,0,12405,5,3,4,0,0,0,1,1,0,0,0,0
7201,org.springframework.mock.web.MockHttpServletResponse,54231,getContentLength/0,375269,,0,13,100,5,57,1840,65,0,59,6,0,0,0,0,0,22,4,0,22,0,0,9,0,0,455,0,1,0,0,6,17,9,57,2,0,33,3,0,2,0,0,0,0,0,0,365,11,5,15,0,0,0,2,16,0,0,0,0
468,okhttp3.CallTest,11277,tlsHostnameVerificationFailure/0,50372,,0,11,1,0,16,0,0,0,0,0,0,0,0,0,0,0,0,0,0,0,0,0,0,0,9,0,0,0,0,0,4,0,4,0,0,0,0,0,0,17,1206,1206,0,3,0,460,391,161,1611,0,0,581,3,62,0,0,0,2
468,okhttp3.CallTest,4731,noRecoverWhenRetryOnConnectionFailureIsFalse/0,50312,,0,9,1,0,13,0,0,0,0,0,0,0,0,0,0,0,0,0,0,0,0,0,0,0,8,0,0,0,0,0,8,0,1,1,0,0,0,0,0,26,1071,1071,0,0,0,5713,373,162,2010,0,0,57,1,14,0,0,0,2
449,okhttp3.URLConnectionTest,11248,newRequestBody/1[java.lang.String],64120,,0,1,1,0,0,0,0,0,0,0,0,0,0,0,0,0,0,0,0,0,0,0,0,0,1,0,0,0,0,0,0,0,0,0,0,-1,0,0,0,4,3755,3755,0,0,1,12264,1068,259,2113,0,0,611,1,15,0,0,0,2
834,okhttp3.internal.ws.WebSocketHttpTest,10017,textMessage/0,48762,,0,6,1,0,7,0,0,0,0,0,0,0,0,0,0,0,0,0,0,0,0,0,0,0,9,0,0,0,0,0,2,0,2,0,0,0,0,0,0,12,85,85,0,2,0,939,1,1,1,0,0,0,0,0,0,0,0,2
468,okhttp3.CallTest,4763,getWithRequestBody/0,64740,,0,3,2,0,5,0,0,0,0,0,0,0,0,0,0,0,0,0,0,0,0,0,0,0,9,0,0,0,0,0,3,0,0,0,0,1,0,0,0,11,220,220,0,0,0,8955,2841,573,4338,0,0,4926,2,17,0,0,0,2
449,okhttp3.URLConnectionTest,4316,postFailsWithFixedLengthRequestForLargeRequest/0,64053,,0,2,1,0,1,0,0,0,0,0,0,0,0,0,0,0,0,0,0,0,0,0,0,0,3,0,0,0,0,0,0,1,0,0,0,0,0,0,0,12,2943,2943,0,0,0,7628,1,1,1,0,0,0,2,214,0,0,0,2
836,okhttp3.internal.http2.HttpOverHttp2Test,10061,closeAfterFlush/0,63311,,0,8,1,0,19,0,0,0,0,0,0,0,0,0,0,0,0,0,0,0,0,0,0,0,24,0,0,0,0,0,6,0,4,0,0,0,1,0,0,40,248,248,0,4,0,10948,1,1,1,0,0,58,265,26503,0,0,0,2
449,okhttp3.URLConnectionTest,4387,redirectedWithChunkedEncoding/0,64009,,0,2,1,0,1,0,0,0,0,0,0,0,0,0,0,0,0,0,0,0,0,0,0,0,3,0,0,0,0,0,0,0,0,0,0,0,0,0,0,7,2001,2001,0,0,0,10704,557,242,2816,0,0,447,2,26,0,0,0,2
449,okhttp3.URLConnectionTest,4167,missingChunkBody/0,64014,,0,3,2,0,11,0,0,0,0,0,0,0,0,0,0,0,0,0,0,0,0,0,0,0,9,0,0,0,0,0,3,0,1,0,0,1,0,0,0,24,1293,1293,0,1,0,3862,722,158,748,0,0,679,2,15,0,0,0,2
468,okhttp3.CallTest,4743,patch_HTTPS/0,64704,,0,2,1,0,2,0,0,0,0,0,0,0,0,0,0,0,0,0,0,0,0,0,0,0,4,0,0,0,0,0,0,0,0,0,0,0,0,0,0,9,587,587,0,0,0,12264,1068,259,2113,0,0,611,1,15,0,0,0,2
468,okhttp3.CallTest,10550,retryOnUnavailableWith0RetryAfter/0,50302,,0,9,1,0,14,0,0,0,0,0,0,0,0,0,0,0,0,0,0,0,0,0,0,0,7,0,0,0,0,0,8,1,2,0,0,0,0,0,0,18,1851,1851,0,2,0,939,1,1,1,0,0,0,0,0,0,0,0,2
449,okhttp3.URLConnectionTest,4187,clientConfiguredCustomContentEncoding/0,64160,,0,6,1,0,14,0,0,0,0,0,0,0,0,0,0,0,0,0,0,0,0,0,0,0,7,0,0,0,0,0,8,0,2,0,0,0,0,0,0,17,1361,1361,0,2,0,8955,2841,573,4338,0,0,4926,2,17,0,0,0,2
449,okhttp3.URLConnectionTest,4418,urlContainsQueryButNoPath/0,64094,,0,6,1,0,12,0,0,0,0,0,0,0,0,0,0,0,0,0,0,0,0,0,0,0,8,0,0,0,0,0,4,0,3,0,0,0,0,0,0,24,2872,2872,0,3,0,10704,557,242,2816,0,0,447,2,26,0,0,0,2
449,okhttp3.URLConnectionTest,4344,setProtocolsWithNull/0,64197,,0,2,2,0,3,0,0,0,0,0,0,0,0,0,0,0,0,0,0,0,0,0,0,0,8,0,0,0,0,0,0,0,0,0,0,1,0,0,0,11,3388,3388,0,0,0,5713,373,162,2010,0,0,57,1,14,0,0,0,2
468,okhttp3.CallTest,4681,cancelBeforeBodyIsRead/0,50303,,0,8,2,0,18,0,0,0,0,0,0,0,0,0,0,0,0,0,0,0,0,0,0,0,15,0,0,0,0,0,2,4,3,0,0,1,0,0,0,20,2282,2282,0,3,0,5676,106,40,1012,0,0,0,1,14,0,0,0,2
382,okhttp3.internal.ws.RealWebSocket,9475,initReaderAndWriter/2[java.lang.String,46865,,0,252,6,0,3,0,0,0,0,0,0,0,0,0,0,0,0,0,0,0,0,0,0,0,4,0,252,0,0,0,0,0,2,4,0,0,2,0,0,0,0,2,14,0,0,35,368,112,1586,0,0,666,2,12,0,0,0,2
449,okhttp3.URLConnectionTest,4356,setValidRequestMethod/0,64022,,0,2,1,0,4,0,0,0,0,0,0,0,0,0,0,0,0,0,0,0,0,0,0,0,18,0,0,0,0,0,16,0,0,0,0,0,0,0,0,9,1696,1696,0,0,0,11431,1074,133,243,0,0,654,1,12,0,0,0,2
468,okhttp3.CallTest,10906,httpsCallsFailWhenProtocolIsH2PriorKnowledge/0,64700,,0,4,2,0,14,0,0,0,0,0,0,0,0,0,0,0,0,0,0,0,0,0,0,0,13,0,0,0,0,0,2,0,2,0,0,1,0,0,0,25,1363,1363,0,1,0,1300,5,3,243,0,0,1,1,8,0,0,0,2
9057,org.springframework.web.servlet.mvc.AbstractWizardFormController,79406,showPage/3[HttpServletRequest,297868,,0,0,334,0,8,0,0,0,0,0,0,0,0,0,0,0,0,0,0,0,0,0,0,0,7,0,3,0,0,0,0,0,6,1,0,4,3,3,0,0,0,4,12,25,1,35,368,112,1586,0,0,666,2,12,0,0,0,2
834,okhttp3.internal.ws.WebSocketHttpTest,9997,readTimeoutAppliesWithinFrames/0,48794,,0,6,1,0,7,0,0,0,0,0,0,0,0,0,0,0,0,0,0,0,0,0,0,0,12,0,0,0,0,0,2,1,1,0,0,0,1,0,0,43,535,535,0,1,0,12264,1068,259,2113,0,0,611,1,15,0,0,0,2
468,okhttp3.CallTest,10538,rangeHeaderPreventsAutomaticGzip/0,50430,,0,12,1,0,22,0,0,0,0,0,0,0,0,0,0,0,0,0,0,0,0,0,0,0,11,0,0,0,0,1,9,1,5,2,0,0,0,0,0,22,2506,2506,0,5,0,10704,557,242,2816,0,0,447,2,26,0,0,0,2
468,okhttp3.CallTest,4776,expect100ContinueNonEmptyRequestBody/0,64815,,0,4,1,0,16,0,0,0,0,0,0,0,0,0,0,0,0,0,0,0,0,0,0,0,6,0,0,0,0,0,6,1,1,0,0,0,0,0,0,14,2677,2677,0,1,0,939,1,1,1,0,0,0,0,0,0,0,0,2
236,okhttp3.RealCall,1513,isCanceled/0,46817,,0,1,1,0,1,0,0,0,0,0,0,0,0,0,0,0,0,0,0,0,0,0,0,0,3,0,0,0,0,0,0,0,0,0,0,0,0,0,0,2,108,108,1,0,0,9695,25,18,296,0,0,120,1,2,0,0,0,2
834,okhttp3.internal.ws.WebSocketHttpTest,10007,webSocketAndNetworkInterceptors/0,48755,,0,8,1,0,8,0,0,0,0,0,0,0,0,0,0,0,0,0,0,0,0,0,0,0,11,0,0,0,0,0,0,0,3,0,0,0,0,0,1,17,395,395,0,2,0,939,1,1,1,0,0,0,0,0,0,0,0,2
836,okhttp3.internal.http2.HttpOverHttp2Test,10807,concurrentRequestWithEmptyFlowControlWindow/0,63324,,0,8,1,0,17,0,0,0,0,0,0,0,0,0,0,0,0,0,0,0,0,0,0,0,15,0,0,0,0,0,4,3,5,0,0,0,0,0,0,23,370,370,0,5,0,1300,5,3,243,0,0,1,1,8,0,0,0,2
23363,org.mockito.internal.verification.NoMoreInteractionsTest,199812,shouldVerifyInOrderMultipleInvoctionsAndThrow/0,1082930,,0,5,2,0,5,0,0,0,0,0,0,0,0,0,0,0,0,0,0,0,0,0,0,0,11,0,0,0,0,0,0,2,3,0,0,1,0,0,0,22,71,71,0,3,0,3862,722,158,748,0,0,679,2,15,0,0,0,2
236,okhttp3.RealCall,1514,execute/0,46814,,0,5,2,0,6,0,0,0,0,0,0,0,0,0,0,0,0,0,0,0,0,0,0,0,15,0,0,0,0,0,1,0,1,0,0,1,0,0,0,13,72,72,1,0,0,3862,722,158,748,0,0,679,2,15,0,0,0,2
468,okhttp3.CallTest,10538,rangeHeaderPreventsAutomaticGzip/0,64840,,0,8,1,0,21,0,0,0,0,0,0,0,0,0,0,0,0,0,0,0,0,0,0,0,11,0,0,0,0,1,9,1,5,2,0,0,0,0,0,22,2587,2587,0,5,0,5713,373,162,2010,0,0,57,1,14,0,0,0,2
449,okhttp3.URLConnectionTest,4402,chunkedUpload_largeBuffers/0,64063,,0,2,1,0,1,0,0,0,0,0,0,0,0,0,0,0,0,0,0,0,0,0,0,0,3,0,0,0,0,0,0,0,0,0,0,0,0,0,0,6,433,433,0,0,0,11040,1183,280,1924,0,0,270,1,19,0,0,0,2
468,okhttp3.CallTest,4672,get_Async/0,50291,,0,10,1,0,18,0,0,0,0,0,0,0,0,0,0,0,0,0,0,0,0,0,0,0,7,0,0,0,0,0,10,1,1,0,0,0,0,0,0,12,731,731,0,1,0,8955,2841,573,4338,0,0,4926,2,17,0,0,0,2
468,okhttp3.CallTest,4788,makeFailingCall/0,64679,,0,4,2,0,11,0,0,0,0,0,0,0,0,0,0,0,0,0,0,0,0,0,0,0,23,0,0,0,0,0,2,0,3,0,0,1,1,0,0,31,3775,3775,0,3,0,5676,106,40,1012,0,0,0,1,14,0,0,0,2
471,com.squareup.okhttp.mockwebserver.RecordedRequest,4839,getHeaders/0,13938,,0,0,1,0,0,0,0,0,0,0,0,0,0,0,0,0,0,0,0,0,0,0,0,0,3,0,0,0,0,0,0,0,0,0,0,0,0,0,0,5,73,73,1,0,0,35,368,112,1586,0,0,666,2,12,0,0,0,2
449,okhttp3.URLConnectionTest,4185,allAttributesSetInServerAuthenticationCallbacks/0,63984,,0,2,1,0,11,0,0,0,0,0,0,0,0,0,0,0,0,0,0,0,0,0,0,0,14,0,0,0,0,0,10,2,3,5,0,0,0,0,0,23,1638,1638,0,3,0,460,391,161,1611,0,0,581,3,62,0,0,0,2
449,okhttp3.URLConnectionTest,4319,connectViaHttpProxyToHttpsUsingBadProxyAndHttpResponseCache/0,64142,,0,7,1,0,24,0,0,0,0,0,0,0,0,0,0,0,0,0,0,0,0,0,0,0,13,0,0,0,0,0,7,0,4,0,0,0,0,0,0,50,926,926,0,3,0,7628,1,1,1,0,0,0,2,214,0,0,0,2
382,okhttp3.internal.ws.RealWebSocket,9482,processNextFrame/0,46862,,0,2,2,0,2,0,0,0,0,0,0,0,0,0,0,0,0,0,0,0,0,0,0,0,10,0,0,0,0,0,0,1,0,0,0,1,0,0,0,31,281,281,2,0,0,3862,722,158,748,0,0,679,2,15,0,0,0,2
468,okhttp3.CallTest,4804,setUp/0,64684,,0,1,1,0,4,0,0,0,0,0,0,0,0,0,0,0,0,0,0,0,0,0,0,0,4,0,0,0,0,0,0,0,1,0,0,0,0,0,0,6,119,119,0,0,0,1300,5,3,243,0,0,1,1,8,0,0,0,2
468,okhttp3.CallTest,7960,tooManyProxyAuthFailuresWithConnectionClose/0,50336,,0,11,3,0,20,0,0,0,0,0,0,0,0,0,0,0,0,0,0,0,0,0,0,0,15,0,1,0,0,0,5,3,3,0,0,1,0,0,0,27,2999,2999,0,2,0,11431,1074,133,243,0,0,654,1,12,0,0,0,2
853,okhttp3.EventListenerTest,10447,multipleConnectsForSingleCall/0,64456,,0,11,1,0,17,0,0,0,0,0,0,0,0,0,0,0,0,0,0,0,0,0,0,0,14,0,0,0,0,0,1,1,3,0,0,0,0,0,0,24,543,543,0,2,0,35,368,112,1586,0,0,666,2,12,0,0,0,2
853,okhttp3.EventListenerTest,11268,expectContinueStartsResponseHeadersEarly/0,64403,,0,5,1,0,13,0,0,0,0,0,0,0,0,0,0,0,0,0,0,0,0,0,0,0,7,0,0,0,0,0,21,0,2,0,0,0,0,0,0,19,1247,1247,0,2,0,10948,1,1,1,0,0,58,265,26503,0,0,0,2
23401,org.mockito.internal.stubbing.answers.ReturnsArgumentAtTest,200025,should_allow_possible_argument_types/0,1083373,,0,3,1,0,6,0,0,0,0,0,0,0,0,0,0,0,0,0,0,0,0,0,0,0,6,0,0,0,0,0,9,7,0,0,0,0,0,0,0,11,107,107,0,0,0,3862,722,158,748,0,0,679,2,15,0,0,0,2
449,okhttp3.URLConnectionTest,4357,authenticateWithChunkedStreaming/0,64164,,0,2,1,0,1,0,0,0,0,0,0,0,0,0,0,0,0,0,0,0,0,0,0,0,3,0,0,0,0,0,0,0,0,0,0,0,0,0,0,8,1536,1536,0,0,0,5676,106,40,1012,0,0,0,1,14,0,0,0,2
838,okhttp3.internal.http2.MockHttp2Peer,10142,openSocket/0,63389,,0,0,1,0,0,0,0,0,0,0,0,0,0,0,0,0,0,0,0,0,0,0,0,0,3,0,0,0,0,0,1,0,0,0,0,0,0,0,0,5,180,180,1,0,0,10704,557,242,2816,0,0,447,2,26,0,0,0,2
834,okhttp3.internal.ws.WebSocketHttpTest,9997,readTimeoutAppliesWithinFrames/0,48794,,0,6,1,0,7,0,0,0,0,0,0,0,0,0,0,0,0,0,0,0,0,0,0,0,12,0,0,0,0,0,2,1,1,0,0,0,1,0,0,43,535,535,0,1,0,939,1,1,1,0,0,0,0,0,0,0,0,2
449,okhttp3.URLConnectionTest,4430,doUpload/2[okhttp3.URLConnectionTest.TransferKind,64028,,0,449,8,0,2,0,0,0,0,0,0,0,0,0,0,0,0,0,0,0,0,0,0,0,14,0,449,0,0,0,0,1,4,4,0,1,1,1,0,0,0,2,38,0,4,1521,367,70,315,0,0,28,1,23,0,0,0,2
832,okhttp3.RecordingEventListener,9935,clearAllEvents/0,62933,,0,0,1,0,1,0,0,0,0,0,0,0,0,0,0,0,0,0,0,0,0,0,0,0,3,0,0,0,0,0,0,0,0,0,0,0,0,0,0,3,66,66,0,0,0,3862,722,158,748,0,0,679,2,15,0,0,0,2
449,okhttp3.URLConnectionTest,4359,pooledConnectionProblemsNotReportedToProxySelector/0,64176,,0,2,1,0,1,0,0,0,0,0,0,0,0,0,0,0,0,0,0,0,0,0,0,0,3,0,0,0,0,0,1,0,0,0,0,0,0,0,0,9,3187,3187,0,0,0,10948,1,1,1,0,0,58,265,26503,0,0,0,2
449,okhttp3.URLConnectionTest,4312,testEarlyDisconnectDoesntHarmPooling/1[okhttp3.URLConnectionTest.TransferKind],64188,,0,5,1,0,14,0,0,0,0,0,0,0,0,0,0,0,0,0,0,0,0,0,0,0,22,0,0,0,0,0,6,6,8,0,0,0,0,0,0,30,1461,1461,0,8,1,9695,25,18,296,0,0,120,1,2,0,0,0,2
236,okhttp3.RealCall,1518,isExecuted/0,46815,,0,0,1,0,0,0,0,0,0,0,0,0,0,0,0,0,0,0,0,0,0,0,0,0,3,0,0,0,0,0,0,0,0,0,0,0,0,0,0,3,104,104,1,0,0,107,1,1,1,0,0,0,0,0,0,0,0,2
468,okhttp3.CallTest,4785,cleartextCallsFailWhenCleartextIsDisabled/0,64726,,0,3,2,0,12,0,0,0,0,0,0,0,0,0,0,0,0,0,0,0,0,0,0,0,12,0,0,0,0,0,2,0,2,0,0,1,0,0,0,24,1345,1345,0,1,0,1521,367,70,315,0,0,28,1,23,0,0,0,2
468,okhttp3.CallTest,10551,unsuccessfulExpectContinuePermitsConnectionReuseWithHttp2/0,64854,,0,4,1,0,14,0,0,0,0,0,0,0,0,0,0,0,0,0,0,0,0,0,0,0,10,0,0,0,0,0,6,2,0,0,0,0,0,0,0,17,2834,2834,0,0,0,107,1,1,1,0,0,0,0,0,0,0,0,2
449,okhttp3.URLConnectionTest,4199,response308WithOptions/0,64128,,0,2,1,0,1,0,0,0,0,0,0,0,0,0,0,0,0,0,0,0,0,0,0,0,3,0,0,0,0,0,1,0,0,0,0,0,0,0,0,6,2353,2353,0,0,0,107,1,1,1,0,0,0,0,0,0,0,0,2
449,okhttp3.URLConnectionTest,4244,getClientRequestTimeout/0,64112,,0,3,1,0,9,0,0,0,0,0,0,0,0,0,0,0,0,0,0,0,0,0,0,0,6,0,0,0,0,0,2,1,1,0,0,0,0,0,0,14,2467,2467,0,1,0,10704,557,242,2816,0,0,447,2,26,0,0,0,2
449,okhttp3.URLConnectionTest,11256,assertMethodPermitsRequestBody/1[java.lang.String],64180,,0,1,1,0,7,0,0,0,0,0,0,0,0,0,0,0,0,0,0,0,0,0,0,0,4,0,0,0,0,0,2,0,1,0,0,0,0,0,0,7,1716,1716,0,1,1,10948,1,1,1,0,0,58,265,26503,0,0,0,2
853,okhttp3.EventListenerTest,11265,redirectUsingSameConnectionEventSequence/0,64414,,0,5,1,0,10,0,0,0,0,0,0,0,0,0,0,0,0,0,0,0,0,0,0,0,7,0,0,0,0,0,22,0,1,0,0,0,0,0,0,15,1161,1161,0,1,0,1300,5,3,243,0,0,1,1,8,0,0,0,2
468,okhttp3.CallTest,4675,postBodyRetransmittedOnFailureRecovery/0,64725,,0,5,1,0,18,0,0,0,0,0,0,0,0,0,0,0,0,0,0,0,0,0,0,0,19,0,0,0,0,0,10,3,7,0,0,0,0,0,0,20,1467,1467,0,7,0,3862,722,158,748,0,0,679,2,15,0,0,0,2
468,okhttp3.CallTest,4809,requestBodySurvivesRetries/0,50437,,0,12,1,0,19,0,0,0,0,0,0,0,0,0,0,0,0,0,0,0,0,0,0,0,8,0,0,0,0,0,4,0,2,0,0,0,0,0,0,16,3253,3253,0,1,0,11040,1183,280,1924,0,0,270,1,19,0,0,0,2
468,okhttp3.CallTest,4723,cancelInFlightBeforeResponseReadThrowsIOE_HTTP_2/0,50429,,0,2,1,0,2,0,0,0,0,0,0,0,0,0,0,0,0,0,0,0,0,0,0,0,4,0,0,0,0,0,0,0,0,0,0,0,0,0,0,18,2323,2323,0,0,0,10948,1,1,1,0,0,58,265,26503,0,0,0,2
468,okhttp3.CallTest,4710,reusedSourcesGetIndependentTimeoutInstances/0,50356,,0,11,1,0,18,0,0,0,0,0,0,0,0,0,0,0,0,0,0,0,0,0,0,0,16,0,0,0,0,0,6,3,6,0,0,0,0,0,0,20,995,995,0,6,0,12264,1068,259,2113,0,0,611,1,15,0,0,0,2
853,okhttp3.EventListenerTest,10483,failedDnsLookup/0,64418,,0,7,2,0,12,0,0,0,0,0,0,0,0,0,0,0,0,0,0,0,0,0,0,0,14,0,0,0,0,0,1,0,3,0,0,1,0,0,0,16,448,448,0,2,0,11431,1074,133,243,0,0,654,1,12,0,0,0,2
37,butterknife.internal.UtilsTest,85,finderThrowsLessNiceErrorInEditMode/0,4543,,0,5,2,0,5,0,0,0,0,0,0,0,0,0,0,0,0,0,0,0,0,0,0,0,11,0,0,0,0,0,4,0,2,2,0,1,0,0,0,33,25,25,0,2,0,5713,373,162,2010,0,0,57,1,14,0,0,0,2
468,okhttp3.CallTest,7959,readTimeoutFails/0,64722,,0,5,1,0,14,0,0,0,0,0,0,0,0,0,0,0,0,0,0,0,0,0,0,0,11,0,0,0,0,0,3,2,3,0,0,0,0,0,0,33,973,973,0,2,0,7628,1,1,1,0,0,0,2,214,0,0,0,2
468,okhttp3.CallTest,4740,recoverFromTlsHandshakeFailure_Async/0,64868,,0,6,1,0,18,0,0,0,0,0,0,0,0,0,0,0,0,0,0,0,0,0,0,0,9,0,0,0,0,0,3,0,2,0,0,0,0,0,0,24,1238,1238,0,1,0,12264,1068,259,2113,0,0,611,1,15,0,0,0,2
449,okhttp3.URLConnectionTest,7916,setSslSocketFactoryFailsOnJdk9/0,64236,,0,1,2,0,5,0,0,0,0,0,0,0,0,0,0,0,0,0,0,0,0,0,0,0,9,0,0,0,0,0,0,0,0,0,0,1,0,0,0,12,3588,3588,0,0,0,107,1,1,1,0,0,0,0,0,0,0,0,2
853,okhttp3.EventListenerTest,10469,multipleConnectionsFoundForSingleCall/0,64434,,0,7,1,0,13,0,0,0,0,0,0,0,0,0,0,0,0,0,0,0,0,0,0,0,9,0,0,0,0,0,7,1,2,0,0,0,0,0,0,15,839,839,0,2,0,8955,2841,573,4338,0,0,4926,2,17,0,0,0,2
468,okhttp3.CallTest,10519,httpWithExcessiveHeaders/0,64771,,0,4,1,0,10,0,0,0,0,0,0,0,0,0,0,0,0,0,0,0,0,0,0,0,6,0,0,0,0,0,6,2,1,3,0,0,0,0,0,26,2239,2239,0,1,0,365,11,5,15,0,0,0,2,16,0,0,0,2
468,okhttp3.CallTest,4817,canceledBeforeIOSignalsOnFailure_HTTPS/0,50398,,0,2,1,0,2,0,0,0,0,0,0,0,0,0,0,0,0,0,0,0,0,0,0,0,4,0,0,0,0,0,0,0,0,0,0,0,0,0,0,15,2363,2363,0,0,0,8955,2841,573,4338,0,0,4926,2,17,0,0,0,2
448,okhttp3.ConnectionReuseTest,4158,connectionsReusedWithRedirectEvenIfPoolIsSizeZero/0,63977,,0,5,1,0,16,0,0,0,0,0,0,0,0,0,0,0,0,0,0,0,0,0,0,0,10,0,0,0,0,0,5,5,3,0,0,0,0,0,0,20,127,127,0,2,0,9695,25,18,296,0,0,120,1,2,0,0,0,2
468,okhttp3.CallTest,4751,head_HTTPS/0,64770,,0,2,1,0,2,0,0,0,0,0,0,0,0,0,0,0,0,0,0,0,0,0,0,0,4,0,0,0,0,0,0,0,0,0,0,0,0,0,0,9,303,303,0,0,0,9695,25,18,296,0,0,120,1,2,0,0,0,2
468,okhttp3.CallTest,4788,makeFailingCall/0,50373,,0,6,2,0,13,0,0,0,0,0,0,0,0,0,0,0,0,0,0,0,0,0,0,0,23,0,0,0,0,0,2,0,3,0,0,1,1,0,0,31,3666,3666,0,3,0,1300,5,3,243,0,0,1,1,8,0,0,0,2
468,okhttp3.CallTest,4699,cancelDuringHttpsConnect/0,64749,,0,2,1,0,1,0,0,0,0,0,0,0,0,0,0,0,0,0,0,0,0,0,0,0,3,0,0,0,0,0,1,0,0,0,0,0,0,0,0,5,2274,2274,0,0,0,5676,106,40,1012,0,0,0,1,14,0,0,0,2
853,okhttp3.EventListenerTest,10483,failedDnsLookup/0,64418,,0,7,2,0,12,0,0,0,0,0,0,0,0,0,0,0,0,0,0,0,0,0,0,0,14,0,0,0,0,0,1,0,3,0,0,1,0,0,0,16,448,448,0,2,0,460,391,161,1611,0,0,581,3,62,0,0,0,2
