id_class,name_class,id_method,name_method,version_id,smell_name,has_smell,cbo,wmc,dit,rfc,lcom,total_methods,static_methods,public_methods,private_methods,protected_methods,default_methods,abstract_methods,final_methods,synchronized_methods,total_fields,static_fields,public_fields,private_fields,protected_fields,default_fields,final_fields,synchronized_fields,nosi,loc,return_qty,loop_qty,comparison_qty,try_catch_qty,parenthesized_exps_qty,string_literals_qty,numbers_qty,assignments_qty,math_operations_qty,variables_qty,max_nested_blocks,annonymous_classes_qty,sub_classes_qty,lambdas_qty,unique_words_qty,line,start_line,returns,variables,parameters,dev_id,number_commits,active_days,number_days,number_issues,number_pull_requests,number_tests,median_files,median_lines,number_followers,number_public_repositories,number_public_gists,severity
255,okhttp3.internal.http.HttpEngine,1711,HttpEngine/8[okhttp3.OkHttpClient,10810,Long Parameter List,1,0,0,0,0,0,0,0,0,0,0,0,0,0,0,0,0,0,0,0,0,0,0,0,0,0,2,0,0,0,0,8,167,0,0,0,0,0,0,0,0,6,0,0,167,35,368,112,1586,0,0,666,2,12,0,0,0,3
506,com.squareup.okhttp.internal.http.HttpEngine,5230,HttpEngine/7[com.squareup.okhttp.OkHttpClient,14329,Long Parameter List,1,0,0,0,0,0,0,0,0,0,0,0,0,0,0,0,0,0,0,0,0,0,0,0,0,0,2,0,0,0,7,188,0,0,0,0,0,0,0,9,0,2,0,188,7,35,368,112,1586,0,0,666,2,12,0,0,0,3
255,okhttp3.internal.http.HttpEngine,1711,HttpEngine/8[okhttp3.OkHttpClient,10810,Long Parameter List,1,0,0,0,0,0,0,0,0,0,0,0,0,0,0,0,0,0,0,0,0,0,0,0,0,0,2,0,0,0,0,8,167,0,0,0,0,0,0,0,0,6,0,0,167,107,1,1,1,0,0,0,0,0,0,0,0,3
506,com.squareup.okhttp.internal.http.HttpEngine,5230,HttpEngine/7[com.squareup.okhttp.OkHttpClient,14329,Long Parameter List,1,0,0,0,0,0,0,0,0,0,0,0,0,0,0,0,0,0,0,0,0,0,0,0,0,0,2,0,0,0,7,188,0,0,0,0,0,0,0,9,0,2,0,188,7,107,1,1,1,0,0,0,0,0,0,0,0,3
255,okhttp3.internal.http.HttpEngine,1711,HttpEngine/8[okhttp3.OkHttpClient,10810,Long Parameter List,1,0,0,0,0,0,0,0,0,0,0,0,0,0,0,0,0,0,0,0,0,0,0,0,0,0,2,0,0,0,0,8,167,0,0,0,0,0,0,0,0,6,0,0,167,365,11,5,15,0,0,0,2,16,0,0,0,3
506,com.squareup.okhttp.internal.http.HttpEngine,5230,HttpEngine/7[com.squareup.okhttp.OkHttpClient,14329,Long Parameter List,1,0,0,0,0,0,0,0,0,0,0,0,0,0,0,0,0,0,0,0,0,0,0,0,0,0,2,0,0,0,7,188,0,0,0,0,0,0,0,9,0,2,0,188,7,365,11,5,15,0,0,0,2,16,0,0,0,3
255,okhttp3.internal.http.HttpEngine,1711,HttpEngine/8[okhttp3.OkHttpClient,10810,Long Parameter List,1,0,0,0,0,0,0,0,0,0,0,0,0,0,0,0,0,0,0,0,0,0,0,0,0,0,2,0,0,0,0,8,167,0,0,0,0,0,0,0,0,6,0,0,167,460,391,161,1611,0,0,581,3,62,0,0,0,3
506,com.squareup.okhttp.internal.http.HttpEngine,5230,HttpEngine/7[com.squareup.okhttp.OkHttpClient,14329,Long Parameter List,1,0,0,0,0,0,0,0,0,0,0,0,0,0,0,0,0,0,0,0,0,0,0,0,0,0,2,0,0,0,7,188,0,0,0,0,0,0,0,9,0,2,0,188,7,460,391,161,1611,0,0,581,3,62,0,0,0,3
255,okhttp3.internal.http.HttpEngine,1711,HttpEngine/8[okhttp3.OkHttpClient,10810,Long Parameter List,1,0,0,0,0,0,0,0,0,0,0,0,0,0,0,0,0,0,0,0,0,0,0,0,0,0,2,0,0,0,0,8,167,0,0,0,0,0,0,0,0,6,0,0,167,939,1,1,1,0,0,0,0,0,0,0,0,3
506,com.squareup.okhttp.internal.http.HttpEngine,5230,HttpEngine/7[com.squareup.okhttp.OkHttpClient,14329,Long Parameter List,1,0,0,0,0,0,0,0,0,0,0,0,0,0,0,0,0,0,0,0,0,0,0,0,0,0,2,0,0,0,7,188,0,0,0,0,0,0,0,9,0,2,0,188,7,939,1,1,1,0,0,0,0,0,0,0,0,3
255,okhttp3.internal.http.HttpEngine,1711,HttpEngine/8[okhttp3.OkHttpClient,10810,Long Parameter List,1,0,0,0,0,0,0,0,0,0,0,0,0,0,0,0,0,0,0,0,0,0,0,0,0,0,2,0,0,0,0,8,167,0,0,0,0,0,0,0,0,6,0,0,167,1300,5,3,243,0,0,1,1,8,0,0,0,3
506,com.squareup.okhttp.internal.http.HttpEngine,5230,HttpEngine/7[com.squareup.okhttp.OkHttpClient,14329,Long Parameter List,1,0,0,0,0,0,0,0,0,0,0,0,0,0,0,0,0,0,0,0,0,0,0,0,0,0,2,0,0,0,7,188,0,0,0,0,0,0,0,9,0,2,0,188,7,1300,5,3,243,0,0,1,1,8,0,0,0,3
255,okhttp3.internal.http.HttpEngine,1711,HttpEngine/8[okhttp3.OkHttpClient,10810,Long Parameter List,1,0,0,0,0,0,0,0,0,0,0,0,0,0,0,0,0,0,0,0,0,0,0,0,0,0,2,0,0,0,0,8,167,0,0,0,0,0,0,0,0,6,0,0,167,1521,367,70,315,0,0,28,1,23,0,0,0,3
506,com.squareup.okhttp.internal.http.HttpEngine,5230,HttpEngine/7[com.squareup.okhttp.OkHttpClient,14329,Long Parameter List,1,0,0,0,0,0,0,0,0,0,0,0,0,0,0,0,0,0,0,0,0,0,0,0,0,0,2,0,0,0,7,188,0,0,0,0,0,0,0,9,0,2,0,188,7,1521,367,70,315,0,0,28,1,23,0,0,0,3
255,okhttp3.internal.http.HttpEngine,1711,HttpEngine/8[okhttp3.OkHttpClient,10810,Long Parameter List,1,0,0,0,0,0,0,0,0,0,0,0,0,0,0,0,0,0,0,0,0,0,0,0,0,0,2,0,0,0,0,8,167,0,0,0,0,0,0,0,0,6,0,0,167,5676,106,40,1012,0,0,0,1,14,0,0,0,3
506,com.squareup.okhttp.internal.http.HttpEngine,5230,HttpEngine/7[com.squareup.okhttp.OkHttpClient,14329,Long Parameter List,1,0,0,0,0,0,0,0,0,0,0,0,0,0,0,0,0,0,0,0,0,0,0,0,0,0,2,0,0,0,7,188,0,0,0,0,0,0,0,9,0,2,0,188,7,5676,106,40,1012,0,0,0,1,14,0,0,0,3
255,okhttp3.internal.http.HttpEngine,1711,HttpEngine/8[okhttp3.OkHttpClient,10810,Long Parameter List,1,0,0,0,0,0,0,0,0,0,0,0,0,0,0,0,0,0,0,0,0,0,0,0,0,0,2,0,0,0,0,8,167,0,0,0,0,0,0,0,0,6,0,0,167,5713,373,162,2010,0,0,57,1,14,0,0,0,3
506,com.squareup.okhttp.internal.http.HttpEngine,5230,HttpEngine/7[com.squareup.okhttp.OkHttpClient,14329,Long Parameter List,1,0,0,0,0,0,0,0,0,0,0,0,0,0,0,0,0,0,0,0,0,0,0,0,0,0,2,0,0,0,7,188,0,0,0,0,0,0,0,9,0,2,0,188,7,5713,373,162,2010,0,0,57,1,14,0,0,0,3
255,okhttp3.internal.http.HttpEngine,1711,HttpEngine/8[okhttp3.OkHttpClient,10810,Long Parameter List,1,0,0,0,0,0,0,0,0,0,0,0,0,0,0,0,0,0,0,0,0,0,0,0,0,0,2,0,0,0,0,8,167,0,0,0,0,0,0,0,0,6,0,0,167,7628,1,1,1,0,0,0,2,214,0,0,0,3
255,okhttp3.internal.http.HttpEngine,1711,HttpEngine/8[okhttp3.OkHttpClient,10810,Long Parameter List,1,0,0,0,0,0,0,0,0,0,0,0,0,0,0,0,0,0,0,0,0,0,0,0,0,0,2,0,0,0,0,8,167,0,0,0,0,0,0,0,0,6,0,0,167,8955,2841,573,4338,0,0,4926,2,17,0,0,0,3
506,com.squareup.okhttp.internal.http.HttpEngine,5230,HttpEngine/7[com.squareup.okhttp.OkHttpClient,14329,Long Parameter List,1,0,0,0,0,0,0,0,0,0,0,0,0,0,0,0,0,0,0,0,0,0,0,0,0,0,2,0,0,0,7,188,0,0,0,0,0,0,0,9,0,2,0,188,7,8955,2841,573,4338,0,0,4926,2,17,0,0,0,3
255,okhttp3.internal.http.HttpEngine,1711,HttpEngine/8[okhttp3.OkHttpClient,10810,Long Parameter List,1,0,0,0,0,0,0,0,0,0,0,0,0,0,0,0,0,0,0,0,0,0,0,0,0,0,2,0,0,0,0,8,167,0,0,0,0,0,0,0,0,6,0,0,167,7678,4381,907,2061,0,0,2825,1,13,0,0,0,3
255,okhttp3.internal.http.HttpEngine,1711,HttpEngine/8[okhttp3.OkHttpClient,10810,Long Parameter List,1,0,0,0,0,0,0,0,0,0,0,0,0,0,0,0,0,0,0,0,0,0,0,0,0,0,2,0,0,0,0,8,167,0,0,0,0,0,0,0,0,6,0,0,167,9695,25,18,296,0,0,120,1,2,0,0,0,3
255,okhttp3.internal.http.HttpEngine,1711,HttpEngine/8[okhttp3.OkHttpClient,10810,Long Parameter List,1,0,0,0,0,0,0,0,0,0,0,0,0,0,0,0,0,0,0,0,0,0,0,0,0,0,2,0,0,0,0,8,167,0,0,0,0,0,0,0,0,6,0,0,167,10704,557,242,2816,0,0,447,2,26,0,0,0,3
506,com.squareup.okhttp.internal.http.HttpEngine,5230,HttpEngine/7[com.squareup.okhttp.OkHttpClient,14329,Long Parameter List,1,0,0,0,0,0,0,0,0,0,0,0,0,0,0,0,0,0,0,0,0,0,0,0,0,0,2,0,0,0,7,188,0,0,0,0,0,0,0,9,0,2,0,188,7,10704,557,242,2816,0,0,447,2,26,0,0,0,3
255,okhttp3.internal.http.HttpEngine,1711,HttpEngine/8[okhttp3.OkHttpClient,10810,Long Parameter List,1,0,0,0,0,0,0,0,0,0,0,0,0,0,0,0,0,0,0,0,0,0,0,0,0,0,2,0,0,0,0,8,167,0,0,0,0,0,0,0,0,6,0,0,167,10948,1,1,1,0,0,58,265,26503,0,0,0,3
255,okhttp3.internal.http.HttpEngine,1711,HttpEngine/8[okhttp3.OkHttpClient,10810,Long Parameter List,1,0,0,0,0,0,0,0,0,0,0,0,0,0,0,0,0,0,0,0,0,0,0,0,0,0,2,0,0,0,0,8,167,0,0,0,0,0,0,0,0,6,0,0,167,11040,1183,280,1924,0,0,270,1,19,0,0,0,3
506,com.squareup.okhttp.internal.http.HttpEngine,5230,HttpEngine/7[com.squareup.okhttp.OkHttpClient,14329,Long Parameter List,1,0,0,0,0,0,0,0,0,0,0,0,0,0,0,0,0,0,0,0,0,0,0,0,0,0,2,0,0,0,7,188,0,0,0,0,0,0,0,9,0,2,0,188,7,11040,1183,280,1924,0,0,270,1,19,0,0,0,3
255,okhttp3.internal.http.HttpEngine,1711,HttpEngine/8[okhttp3.OkHttpClient,10810,Long Parameter List,1,0,0,0,0,0,0,0,0,0,0,0,0,0,0,0,0,0,0,0,0,0,0,0,0,0,2,0,0,0,0,8,167,0,0,0,0,0,0,0,0,6,0,0,167,11431,1074,133,243,0,0,654,1,12,0,0,0,3
506,com.squareup.okhttp.internal.http.HttpEngine,5230,HttpEngine/7[com.squareup.okhttp.OkHttpClient,14329,Long Parameter List,1,0,0,0,0,0,0,0,0,0,0,0,0,0,0,0,0,0,0,0,0,0,0,0,0,0,2,0,0,0,7,188,0,0,0,0,0,0,0,9,0,2,0,188,7,11431,1074,133,243,0,0,654,1,12,0,0,0,3
255,okhttp3.internal.http.HttpEngine,1711,HttpEngine/8[okhttp3.OkHttpClient,10810,Long Parameter List,1,0,0,0,0,0,0,0,0,0,0,0,0,0,0,0,0,0,0,0,0,0,0,0,0,0,2,0,0,0,0,8,167,0,0,0,0,0,0,0,0,6,0,0,167,12264,1068,259,2113,0,0,611,1,15,0,0,0,3
506,com.squareup.okhttp.internal.http.HttpEngine,5230,HttpEngine/7[com.squareup.okhttp.OkHttpClient,14329,Long Parameter List,1,0,0,0,0,0,0,0,0,0,0,0,0,0,0,0,0,0,0,0,0,0,0,0,0,0,2,0,0,0,7,188,0,0,0,0,0,0,0,9,0,2,0,188,7,12264,1068,259,2113,0,0,611,1,15,0,0,0,3
255,okhttp3.internal.http.HttpEngine,1711,HttpEngine/8[okhttp3.OkHttpClient,10810,Long Parameter List,1,0,0,0,0,0,0,0,0,0,0,0,0,0,0,0,0,0,0,0,0,0,0,0,0,0,2,0,0,0,0,8,167,0,0,0,0,0,0,0,0,6,0,0,167,12405,5,3,4,0,0,0,1,1,0,0,0,3
506,com.squareup.okhttp.internal.http.HttpEngine,5230,HttpEngine/7[com.squareup.okhttp.OkHttpClient,14329,Long Parameter List,1,0,0,0,0,0,0,0,0,0,0,0,0,0,0,0,0,0,0,0,0,0,0,0,0,0,2,0,0,0,7,188,0,0,0,0,0,0,0,9,0,2,0,188,7,12405,5,3,4,0,0,0,1,1,0,0,0,3
255,okhttp3.internal.http.HttpEngine,1711,HttpEngine/8[okhttp3.OkHttpClient,10810,Long Parameter List,1,0,0,0,0,0,0,0,0,0,0,0,0,0,0,0,0,0,0,0,0,0,0,0,0,0,2,0,0,0,0,8,167,0,0,0,0,0,0,0,0,6,0,0,167,12726,168,51,4704,0,0,11,1,2,0,0,0,3
506,com.squareup.okhttp.internal.http.HttpEngine,5230,HttpEngine/7[com.squareup.okhttp.OkHttpClient,14329,Long Parameter List,1,0,0,0,0,0,0,0,0,0,0,0,0,0,0,0,0,0,0,0,0,0,0,0,0,0,2,0,0,0,7,188,0,0,0,0,0,0,0,9,0,2,0,188,7,12726,168,51,4704,0,0,11,1,2,0,0,0,3
900,okhttp3.internal.connection.ExchangeFinder,11090,ExchangeFinder/5[okhttp3.internal.connection.Transmitter,47254,Long Parameter List,1,0,0,0,0,0,0,0,0,0,0,0,0,0,0,0,0,0,0,0,0,0,0,0,68,0,0,0,0,68,0,0,0,0,0,0,0,6,0,0,0,8,6,1,0,1521,367,70,315,0,0,28,1,23,0,0,0,1
401,okhttp3.internal.huc.URLEncodingTest,3215,testUrlToUriMapping/5[java.lang.String,12314,Long Parameter List,1,0,0,0,0,0,0,0,0,0,0,0,0,0,0,0,0,0,0,0,0,0,0,0,106,0,0,0,0,106,0,0,0,0,0,16,0,0,8,1,0,12,1,4,3,11431,1074,133,243,0,0,654,1,12,0,0,0,1
2319,org.springframework.boot.actuate.autoconfigure.cloudfoundry.servlet.CloudFoundryActuatorAutoConfiguration,21857,cloudFoundryWebEndpointServletHandlerMapping/5[org.springframework.boot.actuate.endpoint.invoke.ParameterValueMapper,240319,Long Parameter List,1,40,7,1,18,13,6,0,2,3,0,0,0,0,0,1,0,0,1,0,0,1,0,0,127,0,0,0,0,1,9,0,10,0,0,10,0,0,1,0,0,0,0,0,0,10948,1,1,1,0,0,58,265,26503,0,0,0,1
980,com.squareup.okhttp.internal.io.RealConnection,12549,connect/5[int,83590,Long Parameter List,1,0,0,0,0,0,0,0,0,0,0,0,0,0,0,0,0,0,0,0,0,0,0,0,89,0,0,0,0,89,1,5,1,0,0,2,0,12,1,3,0,35,7,10,11,12264,1068,259,2113,0,0,611,1,15,0,0,0,1
1520,org.springframework.boot.context.properties.bind.Binder,16387,bindObject/5[org.springframework.boot.context.properties.source.ConfigurationPropertyName,234849,Long Parameter List,1,33,48,1,55,195,22,1,11,10,1,0,0,1,0,6,2,0,6,0,0,6,0,0,322,0,0,0,0,3,4,0,25,0,0,20,3,0,1,9,0,0,0,0,0,10948,1,1,1,0,0,58,265,26503,0,0,0,1
663,okhttp3.internal.http.RealInterceptorChain,7426,RealInterceptorChain/6[java.util.List<okhttp3.Interceptor>,16835,Long Parameter List,1,0,0,0,0,0,0,0,0,0,0,0,0,0,0,0,0,0,0,0,0,0,0,0,0,0,8,0,0,6,41,0,0,0,0,0,0,0,6,0,0,0,41,5,1,5713,373,162,2010,0,0,57,1,14,0,0,0,1
706,okhttp3.internal.AndroidPlatform,7990,AndroidPlatform/5[java.lang.Class<?>,20874,Long Parameter List,1,0,0,0,0,0,0,0,0,0,0,0,0,0,0,0,0,0,0,0,0,0,0,0,44,0,0,0,0,44,0,0,0,0,0,0,0,5,0,0,0,7,1,1,0,12726,168,51,4704,0,0,11,1,2,0,0,0,1
3683,org.springframework.boot.cli.compiler.DependencyCustomizerTests,28577,assertGrabAnnotation/7[AnnotationNode,247039,Long Parameter List,1,0,0,0,0,0,0,0,0,0,0,0,0,0,0,0,0,0,0,0,0,0,0,0,0,0,5,0,0,0,7,157,0,2,0,0,0,7,0,0,0,3,0,157,2,1521,367,70,315,0,0,28,1,23,0,0,0,1
780,com.squareup.okhttp.internal.http.URLEncodingTest,9209,testUrlToUriMapping/5[java.lang.String,28530,Long Parameter List,1,0,0,0,0,0,0,0,0,0,0,0,0,0,0,0,0,0,0,0,0,0,0,0,107,0,0,0,0,107,0,0,0,0,0,16,0,0,8,1,0,12,1,4,3,11431,1074,133,243,0,0,654,1,12,0,0,0,1
17984,org.springframework.boot.actuate.endpoint.web.annotation.WebAnnotationEndpointDiscoverer,139380,WebAnnotationEndpointDiscoverer/5[ApplicationContext,505938,Long Parameter List,1,0,0,0,0,0,0,0,0,0,0,0,0,0,0,0,0,0,0,0,0,0,0,0,78,0,0,0,0,78,0,0,0,0,0,0,0,0,0,0,0,3,4,1,0,107,1,1,1,0,0,0,0,0,0,0,0,1
512,com.squareup.okhttp.internal.Internal,5276,recycleCount/1[com.squareup.okhttp.Connection],27544,Long Parameter List,1,1,1,0,0,0,0,0,0,0,0,0,0,0,0,0,0,0,0,0,0,0,0,0,1,0,0,0,0,0,0,0,0,0,0,-1,0,0,0,4,43,43,0,0,1,365,11,5,15,0,0,0,2,16,0,0,0,1
668,okhttp3.internal.connection.StreamAllocation,7460,findHealthyConnection/5[int,17043,Long Parameter List,1,0,0,0,0,0,0,0,0,0,0,0,0,0,0,0,0,0,0,0,0,0,0,0,127,0,2,0,0,127,1,1,0,0,0,0,1,1,0,3,0,15,2,4,3,11431,1074,133,243,0,0,654,1,12,0,0,0,1
903,okhttp3.internal.platform.Jdk8WithJettyBootPlatform,11146,Jdk8WithJettyBootPlatform/5[java.lang.reflect.Method,47348,Long Parameter List,1,0,0,0,0,0,0,0,0,0,0,0,0,0,0,0,0,0,0,0,0,0,0,0,37,0,0,0,0,37,0,0,0,0,0,0,0,5,0,0,0,7,0,1,0,107,1,1,1,0,0,0,0,0,0,0,0,1
677,okhttp3.internal.platform.AndroidPlatform,7531,AndroidPlatform/5[java.lang.Class<?>,17114,Long Parameter List,1,0,0,0,0,0,0,0,0,0,0,0,0,0,0,0,0,0,0,0,0,0,0,0,50,0,0,0,0,50,0,0,0,0,0,0,0,5,0,0,0,7,1,1,0,5713,373,162,2010,0,0,57,1,14,0,0,0,1
531,com.squareup.okhttp.internal.spdy.FrameWriter,5434,synStream/5[boolean,14533,Long Parameter List,1,0,0,0,0,0,0,0,0,0,0,0,0,0,0,0,0,0,0,0,0,0,0,0,51,0,0,0,0,51,0,0,0,0,0,0,0,0,0,-1,0,1,1,1,0,8955,2841,573,4338,0,0,4926,2,17,0,0,0,1
273,okhttp3.internal.framed.FrameWriter,1851,synStream/5[boolean,10950,Long Parameter List,1,0,0,0,0,0,0,0,0,0,0,0,0,0,0,0,0,0,0,0,0,0,0,0,50,0,0,0,0,50,0,0,0,0,0,0,0,0,0,-1,0,1,1,1,0,1300,5,3,243,0,0,1,1,8,0,0,0,1
706,okhttp3.internal.AndroidPlatform,7990,AndroidPlatform/5[java.lang.Class<?>,20874,Long Parameter List,1,0,0,0,0,0,0,0,0,0,0,0,0,0,0,0,0,0,0,0,0,0,0,0,44,0,0,0,0,44,0,0,0,0,0,0,0,5,0,0,0,7,1,1,0,10704,557,242,2816,0,0,447,2,26,0,0,0,1
975,com.squareup.okhttp.internal.framed.FrameWriter,12496,synStream/5[boolean,83490,Long Parameter List,1,0,0,0,0,0,0,0,0,0,0,0,0,0,0,0,0,0,0,0,0,0,0,0,51,0,0,0,0,51,0,0,0,0,0,0,0,0,0,-1,0,1,1,1,0,8955,2841,573,4338,0,0,4926,2,17,0,0,0,1
980,com.squareup.okhttp.internal.io.RealConnection,12549,connect/5[int,83590,Long Parameter List,1,0,0,0,0,0,0,0,0,0,0,0,0,0,0,0,0,0,0,0,0,0,0,0,89,0,0,0,0,89,1,5,1,0,0,2,0,12,1,3,0,35,7,10,11,939,1,1,1,0,0,0,0,0,0,0,0,1
441,okhttp3.internal.DiskLruCacheTest,4052,createJournalWithHeader/6[java.lang.String,13151,Long Parameter List,1,0,0,0,0,0,0,0,0,0,0,0,0,0,0,0,0,0,0,0,0,0,0,0,0,0,13,0,0,6,1176,1,0,0,0,0,6,0,1,5,0,4,1176,2,2,1300,5,3,243,0,0,1,1,8,0,0,0,1
625,com.squareup.okhttp.internal.DiskLruCacheTest,6832,createJournalWithHeader/6[java.lang.String,15931,Long Parameter List,1,0,0,0,0,0,0,0,0,0,0,0,0,0,0,0,0,0,0,0,0,0,0,0,0,0,13,0,0,6,995,1,0,0,0,0,5,0,1,5,0,3,995,0,2,11040,1183,280,1924,0,0,270,1,19,0,0,0,1
792,okhttp3.internal.http2.Http2Stream,9508,Http2Stream/5[int,29550,Long Parameter List,1,0,0,0,0,0,0,0,0,0,0,0,0,0,0,0,0,0,0,0,0,0,0,0,76,0,0,0,0,76,0,2,0,0,0,2,0,8,0,0,0,12,5,3,1,10704,557,242,2816,0,0,447,2,26,0,0,0,1
1837,org.springframework.boot.ImageBanner,18448,readFrame/5[int,236910,Long Parameter List,1,14,37,1,66,78,16,1,2,14,0,0,0,0,0,7,6,0,7,0,0,7,0,0,219,0,7,0,0,7,23,33,51,17,0,44,3,0,1,0,0,0,0,0,0,107,1,1,1,0,0,0,0,0,0,0,0,1
1540,org.springframework.boot.context.properties.source.ConfigurationPropertyName,16555,processElement/5[org.springframework.boot.context.properties.source.ConfigurationPropertyName.ElementProcessor,235017,Long Parameter List,1,0,0,0,0,0,0,0,0,0,0,0,0,0,0,0,0,0,0,0,0,0,0,0,546,0,0,0,0,546,0,0,0,1,0,0,1,0,1,1,0,5,1,2,2,460,391,161,1611,0,0,581,3,62,0,0,0,1
739,com.squareup.okhttp.internal.ws.WebSocketWriter,8404,writeFrame/5[com.squareup.okhttp.ws.WebSocket.PayloadType,25222,Long Parameter List,1,0,0,0,0,0,0,0,0,0,0,0,0,0,0,0,0,0,0,0,0,0,0,0,184,0,0,0,0,184,0,0,0,0,0,2,2,10,1,2,0,50,2,10,8,5676,106,40,1012,0,0,0,1,14,0,0,0,1
1260,org.springframework.boot.actuate.endpoint.web.annotation.WebEndpointDiscoverer,15057,WebEndpointDiscoverer/6[ApplicationContext,233519,Long Parameter List,1,0,0,0,0,0,0,0,0,0,0,0,0,0,0,0,0,0,0,0,0,0,0,0,0,0,6,0,0,6,63,0,0,0,0,0,1,0,2,0,0,1,63,8,1,35,368,112,1586,0,0,666,2,12,0,0,0,1
226,okhttp3.Address,1427,Address/12[java.lang.String,10526,Long Parameter List,1,0,0,0,0,0,0,0,0,0,0,0,0,0,0,0,0,0,0,0,0,0,0,0,0,0,0,0,0,7,8,6,21,0,0,0,12,53,0,6,0,0,0,0,0,5713,373,162,2010,0,0,57,1,14,0,0,0,1
3391,org.springframework.boot.autoconfigure.web.servlet.error.BasicErrorControllerIntegrationTests,26635,assertErrorAttributes/6[java.util.Map<?,245097,Long Parameter List,1,0,0,0,0,0,0,0,0,0,0,0,0,0,0,0,0,0,0,0,0,0,0,0,0,0,7,0,0,0,6,205,0,0,0,0,0,12,0,0,0,2,0,205,0,365,11,5,15,0,0,0,2,16,0,0,0,1
278,okhttp3.internal.Util,9681,decodeIpv4Suffix/5[java.lang.String,29848,Long Parameter List,1,0,0,0,0,0,0,0,0,0,0,0,0,0,0,0,0,0,0,0,0,0,0,0,554,0,7,0,0,554,2,3,0,1,0,0,6,8,5,2,0,24,1,13,1,12264,1068,259,2113,0,0,611,1,15,0,0,0,1
37,butterknife.internal.UtilsTest,88,testCastParam/0,89,Long Parameter List,1,2,2,0,5,0,0,0,0,0,0,0,0,0,0,0,0,0,0,0,0,0,0,0,9,0,0,0,0,0,4,2,0,0,0,1,0,0,0,20,60,60,0,0,0,12264,1068,259,2113,0,0,611,1,15,0,0,0,1
524,com.squareup.okhttp.internal.spdy.SpdyStream,5382,SpdyStream/5[int,14481,Long Parameter List,1,0,0,0,0,0,0,0,0,0,0,0,0,0,0,0,0,0,0,0,0,0,0,0,77,0,0,0,0,77,0,2,0,0,0,2,0,8,0,0,0,12,5,3,1,1521,367,70,315,0,0,28,1,23,0,0,0,1
17713,org.springframework.boot.test.Base64Encoder,137656,encodeBlock/5[byte[],472099,Long Parameter List,1,2,10,1,5,1,3,3,2,1,0,0,0,0,0,4,4,0,3,0,0,4,0,0,29,0,2,0,0,15,3,30,10,20,0,8,1,0,0,0,0,0,0,0,0,939,1,1,1,0,0,0,0,0,0,0,0,1
2322,org.springframework.boot.actuate.autoconfigure.cloudfoundry.servlet.CloudFoundryWebEndpointServletHandlerMapping,21877,CloudFoundryWebEndpointServletHandlerMapping/6[org.springframework.boot.actuate.endpoint.web.EndpointMapping,240339,Long Parameter List,1,0,0,0,0,0,0,0,0,0,0,0,0,0,0,0,0,0,0,0,0,0,0,0,0,0,5,0,0,6,61,0,0,0,0,0,0,0,2,0,0,0,61,6,1,460,391,161,1611,0,0,581,3,62,0,0,0,1
1133,org.springframework.boot.actuate.trace.http.HttpTraceEndpoint,14550,HttpTraceEndpoint/1[org.springframework.boot.actuate.trace.http.HttpTraceRepository],620971,Long Parameter List,1,1,1,0,1,0,0,0,0,0,0,0,0,0,0,0,0,0,0,0,0,0,0,0,4,0,0,0,0,0,1,0,1,0,0,0,0,0,0,12,41,41,0,0,1,1521,367,70,315,0,0,28,1,23,0,0,0,1
255,okhttp3.internal.http.HttpEngine,1711,HttpEngine/8[okhttp3.OkHttpClient,10810,Long Parameter List,1,0,0,0,0,0,0,0,0,0,0,0,0,0,0,0,0,0,0,0,0,0,0,0,0,0,2,0,0,0,0,8,167,0,0,0,0,0,0,0,0,6,0,0,167,35,368,112,1586,0,0,666,2,12,0,0,0,1
625,com.squareup.okhttp.internal.DiskLruCacheTest,6832,createJournalWithHeader/6[java.lang.String,15931,Long Parameter List,1,0,0,0,0,0,0,0,0,0,0,0,0,0,0,0,0,0,0,0,0,0,0,0,0,0,13,0,0,6,995,1,0,0,0,0,5,0,1,5,0,3,995,0,2,1300,5,3,243,0,0,1,1,8,0,0,0,1
468,okhttp3.CallTest,4787,cancelDuringConnect/1[java.lang.String],141932,,0,6,2,0,16,0,0,0,0,0,0,0,0,0,0,0,0,0,0,0,0,0,0,0,16,0,0,0,0,0,0,2,6,1,0,1,0,0,0,35,1816,1816,0,6,1,1300,5,3,243,0,0,1,1,8,0,0,0,0
458,okhttp3.DelegatingSSLSocket,4536,getSession/0,131541,,0,2,74,3,63,0,68,0,68,0,0,0,0,0,0,1,0,0,0,1,0,1,0,0,248,0,0,0,0,0,6,0,1,0,0,1,1,0,0,0,0,0,0,0,0,10704,557,242,2816,0,0,447,2,26,0,0,0,0
2168,org.springframework.boot.SpringApplicationTests,21223,customBanner/0,627954,,0,4,1,0,6,0,0,0,0,0,0,0,0,0,0,0,0,0,0,0,0,0,0,0,6,0,0,0,0,0,2,0,2,0,0,0,0,0,0,10,192,192,0,1,0,107,1,1,1,0,0,0,0,0,0,0,0,0
918,com.squareup.okhttp.internal.http.HttpsURLConnectionImpl,11293,getErrorStream/0,196460,,0,1,1,0,1,0,0,0,0,0,0,0,0,0,0,0,0,0,0,0,0,0,0,0,3,0,0,0,0,0,0,0,0,0,0,0,0,0,0,4,127,127,1,0,0,35,368,112,1586,0,0,666,2,12,0,0,0,0
3150,org.springframework.boot.autoconfigure.condition.BeanTypeRegistry,138267,getFactoryBeanGeneric/3[ConfigurableListableBeanFactory,1391131,,0,0,298,0,4,0,0,0,0,0,0,0,0,0,0,0,0,0,0,0,0,0,0,0,4,0,3,0,0,0,1,0,0,0,0,0,0,2,0,0,0,0,4,13,3,3862,722,158,748,0,0,679,2,15,0,0,0,0
762,com.squareup.okhttp.internal.spdy.Http2Test,8847,sendGoAway/3[int,71338,,0,0,674,0,5,0,0,0,0,0,0,0,0,0,0,0,0,0,0,0,0,0,0,0,1,0,3,0,0,0,0,0,0,0,0,1,0,0,0,0,0,1,1,5,1,35,368,112,1586,0,0,666,2,12,0,0,0,0
456,okhttp3.RecordedResponse,4503,assertHeader/2[java.lang.String,59431,,0,77,2,0,1,0,0,0,0,0,0,0,0,0,0,0,0,0,0,0,0,0,0,0,3,0,77,0,0,0,0,0,0,0,0,0,0,0,0,0,0,2,4,1,0,365,11,5,15,0,0,0,2,16,0,0,0,0
701,okhttp3.HeadersTest,7900,toMultimapUsesCanonicalCase/0,223921,,0,2,1,0,6,0,0,0,0,0,0,0,0,0,0,0,0,0,0,0,0,0,0,0,6,0,0,0,0,0,8,2,2,0,0,0,0,0,0,11,274,274,0,2,0,35,368,112,1586,0,0,666,2,12,0,0,0,0
3528,org.springframework.boot.autoconfigure.flyway.FlywayAutoConfigurationTests,27723,customFlywayMigrationInitializer/0,992389,,0,8,1,0,6,0,0,0,0,0,0,0,0,0,0,0,0,0,0,0,0,0,0,0,6,0,0,0,0,0,0,0,1,0,0,0,0,0,0,11,215,215,0,1,0,3862,722,158,748,0,0,679,2,15,0,0,0,0
840,okhttp3.internal.http2.HpackTest,10202,emptyHeaderName/0,203877,,0,3,1,0,7,0,0,0,0,0,0,0,0,0,0,0,0,0,0,0,0,0,0,0,5,0,0,0,0,0,1,2,0,0,0,0,0,0,0,11,862,862,0,0,0,5713,373,162,2010,0,0,57,1,14,0,0,0,0
12091,org.elasticsearch.test.cluster.NoopClusterService,74861,addInitialStateBlock/1[org.elasticsearch.cluster.block.ClusterBlock],293323,,0,1,1,0,0,0,0,0,0,0,0,0,0,0,0,0,0,0,0,0,0,0,0,0,2,0,0,0,0,0,0,0,0,0,0,0,0,0,0,8,68,68,0,0,1,1300,5,3,243,0,0,1,1,8,0,0,0,0
427,okhttp3.internal.DoubleInetAddressDns,3735,lookup/1[java.lang.String],130900,,0,1,1,0,3,0,0,0,0,0,0,0,0,0,0,0,0,0,0,0,0,0,0,0,4,0,0,0,0,0,0,2,1,0,0,0,0,0,0,6,29,29,1,1,1,5713,373,162,2010,0,0,57,1,14,0,0,0,0
2221,org.springframework.boot.actuate.autoconfigure.metrics.PropertiesMeterFilter,21413,map/1[Id],430226,,0,1,1,0,1,0,0,0,0,0,0,0,0,0,0,0,0,0,0,0,0,0,0,0,3,0,0,0,0,0,0,0,0,0,0,0,0,0,0,3,74,74,1,0,1,365,11,5,15,0,0,0,2,16,0,0,0,0
994,com.squareup.okhttp.internal.framed.Spdy3ConnectionTest,12731,headerBlockHasTrailingCompressedBytes512/0,135682,,0,2,1,0,1,0,0,0,0,0,0,0,0,0,0,0,0,0,0,0,0,0,0,0,4,0,0,0,0,0,9,1,1,1,0,0,0,0,0,54,1261,1261,0,1,0,1521,367,70,315,0,0,28,1,23,0,0,0,0
7604,org.springframework.aop.target.EmptyTargetSource,58693,equals/1[java.lang.Object],277155,,0,2,3,0,1,0,0,0,0,0,0,0,0,0,0,0,0,0,0,0,0,0,0,0,10,0,0,0,0,2,0,0,1,0,0,1,0,0,0,9,126,126,3,1,1,35,368,112,1586,0,0,666,2,12,0,0,0,0
747,com.squareup.okhttp.internal.ws.WebSocketWriterTest,8511,serverEmptyPing/0,226875,,0,3,1,0,2,0,0,0,0,0,0,0,0,0,0,0,0,0,0,0,0,0,0,0,4,0,0,0,0,0,1,0,0,0,0,0,0,0,0,9,239,239,0,0,0,5676,106,40,1012,0,0,0,1,14,0,0,0,0
13951,org.springframework.boot.actuate.endpoint.ConfigurationPropertiesReportEndpointMethodAnnotationsTests,102650,close/0,468618,,0,1,2,0,1,0,0,0,0,0,0,0,0,0,0,0,0,0,0,0,0,0,0,0,5,0,0,0,0,0,0,0,0,0,0,1,0,0,0,2,49,49,0,0,0,365,11,5,15,0,0,0,2,16,0,0,0,0
328,okhttp3.android.HttpResponseCache,2395,put/2[java.net.URI,80483,,0,99,1,0,1,0,0,0,0,0,0,0,0,0,0,0,0,0,0,0,0,0,0,0,1,0,99,0,0,0,0,0,0,0,0,0,0,0,0,0,0,2,3,1,0,939,1,1,1,0,0,0,0,0,0,0,0,0
277,okhttp3.internal.framed.FramedStream,1870,receiveFin/0,193092,,0,2,2,0,4,0,0,0,0,0,0,0,0,0,0,0,0,0,0,0,0,0,0,0,12,0,0,0,0,1,0,0,2,0,0,1,0,0,0,10,288,288,0,1,0,5713,373,162,2010,0,0,57,1,14,0,0,0,0
12843,org.springframework.web.portlet.handler.ParameterMappingInterceptorTests,169497,noParameterValueSetWithDefaultParameterName/0,1311910,,0,3,1,0,4,0,0,0,0,0,0,0,0,0,0,0,0,0,0,0,0,0,0,0,7,0,0,0,0,0,0,0,2,0,0,0,0,0,0,14,91,91,0,2,0,3862,722,158,748,0,0,679,2,15,0,0,0,0
595,com.squareup.okhttp.internal.huc.DelegatingHttpsURLConnection,5845,setInstanceFollowRedirects/1[boolean],70329,,0,0,1,0,1,0,0,0,0,0,0,0,0,0,0,0,0,0,0,0,0,0,0,0,3,0,0,0,0,0,0,0,0,0,0,0,0,0,0,5,124,124,0,0,1,10704,557,242,2816,0,0,447,2,26,0,0,0,0
17127,org.elasticsearch.test.unit.index.query.SimpleIndexQueryParserTests,134581,testPrefixBoostQuery/0,619873,,0,8,1,0,10,0,0,0,0,0,0,0,0,0,0,0,0,0,0,0,0,0,0,0,9,0,0,0,0,0,3,2,4,0,0,0,0,0,0,25,546,546,0,4,0,107,1,1,1,0,0,0,0,0,0,0,0,0
13504,org.springframework.scheduling.quartz.MethodInvokingJobDetailFactoryBean,99729,afterPropertiesSet/0,730077,,0,5,3,0,8,0,0,0,0,0,0,0,0,0,0,0,0,0,0,0,0,0,0,0,13,0,0,0,0,2,2,0,4,0,0,0,0,0,0,20,161,161,0,3,0,365,11,5,15,0,0,0,2,16,0,0,0,0
449,okhttp3.URLConnectionTest,4243,http11SelectedProtocol/0,75208,,0,5,1,0,9,0,0,0,0,0,0,0,0,0,0,0,0,0,0,0,0,0,0,0,6,0,0,0,0,0,3,0,2,0,0,0,0,0,0,21,3253,3253,0,1,0,11040,1183,280,1924,0,0,270,1,19,0,0,0,0
449,okhttp3.URLConnectionTest,4376,postBodiesRetransmittedOnIpAddressProblems/0,160762,,0,2,1,0,1,0,0,0,0,0,0,0,0,0,0,0,0,0,0,0,0,0,0,0,3,0,0,0,0,0,1,0,0,0,0,0,0,0,0,8,3171,3171,0,0,0,3862,722,158,748,0,0,679,2,15,0,0,0,0
332,okhttp3.internal.huc.CacheAdapterTest,2593,setUp/0,21493,,0,3,1,0,0,0,0,0,0,0,0,0,0,0,0,0,0,0,0,0,0,0,0,0,4,0,0,0,0,0,0,0,2,0,0,0,0,0,0,11,68,68,0,0,0,12264,1068,259,2113,0,0,611,1,15,0,0,0,0
3469,org.springframework.boot.autoconfigure.jooq.JooqAutoConfigurationTests,27272,jooqWithoutTx/0,436182,,0,3,1,0,2,0,0,0,0,0,0,0,0,0,0,0,0,0,0,0,0,0,0,0,19,0,0,0,0,0,0,0,0,0,0,0,0,0,1,36,80,80,0,0,0,939,1,1,1,0,0,0,0,0,0,0,0,0
841,okhttp3.internal.http2.Http2ConnectionTest,10237,close/0,97030,,0,11,4,0,20,0,0,0,0,0,0,0,0,0,0,0,0,0,0,0,0,0,0,0,42,0,0,0,0,0,6,5,6,0,0,1,0,0,0,29,1351,1351,0,6,0,12264,1068,259,2113,0,0,611,1,15,0,0,0,0
447,okhttp3.RequestTest,4137,assertForbiddenHeader/1[java.lang.String],168295,,0,1,5,0,3,0,0,0,0,0,0,0,0,0,0,0,0,0,0,0,0,0,0,0,27,0,0,0,0,0,4,0,1,0,0,1,0,0,0,10,212,212,0,1,1,5676,106,40,1012,0,0,0,1,14,0,0,0,0
540,com.squareup.okhttp.Connection,11659,Connection/1[com.squareup.okhttp.Route],183017,,0,1,1,0,0,0,0,0,0,0,0,0,0,0,0,0,0,0,0,0,0,0,0,0,3,0,0,0,0,0,0,0,1,0,0,0,0,0,0,3,89,89,0,0,1,5676,106,40,1012,0,0,0,1,14,0,0,0,0
330,okhttp3.internal.huc.JavaApiConverterTest,2425,assertHeadersContainsMapping/3[java.util.Map<java.lang.String,139405,,0,0,0,0,431,0,0,0,0,0,0,0,0,0,0,0,0,0,0,0,0,0,0,0,1,0,0,0,0,0,0,0,0,0,0,0,0,0,0,0,0,0,1,6,4,3862,722,158,748,0,0,679,2,15,0,0,0,0
228,okhttp3.Response,7323,receivedResponseAtMillis/0,121923,,0,0,1,0,0,0,0,0,0,0,0,0,0,0,0,0,0,0,0,0,0,0,0,0,3,0,0,0,0,0,0,0,0,0,0,0,0,0,0,24,268,268,1,0,0,9695,25,18,296,0,0,120,1,2,0,0,0,0
632,com.squareup.okhttp.internal.spdy.BaseTestHandler,7007,ackSettings/0,230626,,0,0,1,0,1,0,0,0,0,0,0,0,0,0,0,0,0,0,0,0,0,0,0,0,3,0,0,0,0,0,0,0,0,0,0,0,0,0,0,3,45,45,0,0,0,939,1,1,1,0,0,0,0,0,0,0,0,0
1287,org.springframework.boot.actuate.endpoint.jmx.MBeanInfoFactory,15132,getSignature/1[java.util.List<org.springframework.boot.actuate.endpoint.jmx.JmxOperationParameter>],233594,,0,1,1,0,3,0,0,0,0,0,0,0,0,0,0,0,0,0,0,0,0,0,0,0,3,0,0,0,0,0,0,0,0,0,0,0,0,0,0,3,78,78,1,0,1,3862,722,158,748,0,0,679,2,15,0,0,0,0
228,okhttp3.Response,1462,headers/1[java.lang.String],10561,,0,1,1,0,1,0,0,0,0,0,0,0,0,0,0,0,0,0,0,0,0,0,0,0,3,0,0,0,0,0,0,0,0,0,0,0,0,0,0,2,114,114,1,0,1,939,1,1,1,0,0,0,0,0,0,0,0,0
702,okhttp3.CipherSuiteTest,7926,hashCode_usesIdentityHashCode_regularCase/0,156324,,0,2,1,0,6,0,0,0,0,0,0,0,0,0,0,0,0,0,0,0,0,0,0,0,4,0,0,0,0,0,0,0,1,0,0,0,0,0,0,26,44,44,0,1,0,8955,2841,573,4338,0,0,4926,2,17,0,0,0,0
853,okhttp3.EventListenerTest,10443,greaterThan/1[long],64406,,0,3,1,0,0,0,0,0,0,0,0,0,0,0,0,0,0,0,0,0,0,0,0,0,11,0,0,0,0,0,0,0,0,0,0,0,1,0,0,11,292,292,1,0,1,7628,1,1,1,0,0,0,2,214,0,0,0,2
853,okhttp3.EventListenerTest,10473,requestBodySuccessEmpty/0,64400,,0,2,1,0,4,0,0,0,0,0,0,0,0,0,0,0,0,0,0,0,0,0,0,0,3,0,0,0,0,0,2,2,0,0,0,0,0,0,0,10,1111,1111,0,0,0,5713,373,162,2010,0,0,57,1,14,0,0,0,2
468,okhttp3.CallTest,10535,responseHeaderNameWithTabPermitted/0,50333,,0,7,1,0,12,0,0,0,0,0,0,0,0,0,0,0,0,0,0,0,0,0,0,0,6,0,0,0,0,0,6,0,2,0,0,0,0,0,0,13,3235,3235,0,2,0,35,368,112,1586,0,0,666,2,12,0,0,0,2
449,okhttp3.URLConnectionTest,4202,connectViaHttpsWithSSLFallback/0,64052,,0,6,1,0,23,0,0,0,0,0,0,0,0,0,0,0,0,0,0,0,0,0,0,0,13,0,0,0,0,0,4,0,4,0,0,0,0,0,0,46,596,596,0,3,0,939,1,1,1,0,0,0,0,0,0,0,0,2
449,okhttp3.URLConnectionTest,4301,setUp/0,64122,,0,1,1,0,2,0,0,0,0,0,0,0,0,0,0,0,0,0,0,0,0,0,0,0,4,0,0,0,0,0,0,0,1,0,0,0,0,0,0,4,118,118,0,0,0,1521,367,70,315,0,0,28,1,23,0,0,0,2
449,okhttp3.URLConnectionTest,4266,getHeadersThrows/0,64183,,0,3,2,0,5,0,0,0,0,0,0,0,0,0,0,0,0,0,0,0,0,0,0,0,9,0,0,0,0,0,1,0,0,0,0,1,0,0,0,21,2756,2756,0,0,0,939,1,1,1,0,0,0,0,0,0,0,0,2
468,okhttp3.CallTest,4792,emptyResponseBody/0,50370,,0,5,1,0,6,0,0,0,0,0,0,0,0,0,0,0,0,0,0,0,0,0,0,0,4,0,0,0,0,0,6,1,0,0,0,0,0,0,0,7,3374,3374,0,0,0,5713,373,162,2010,0,0,57,1,14,0,0,0,2
836,okhttp3.internal.http2.HttpOverHttp2Test,10064,authenticate/0,63302,,0,7,1,0,19,0,0,0,0,0,0,0,0,0,0,0,0,0,0,0,0,0,0,0,14,0,0,0,0,0,11,0,6,0,0,0,0,0,0,24,430,430,0,5,0,35,368,112,1586,0,0,666,2,12,0,0,0,2
449,okhttp3.URLConnectionTest,4376,postBodiesRetransmittedOnIpAddressProblems/0,64225,,0,2,1,0,1,0,0,0,0,0,0,0,0,0,0,0,0,0,0,0,0,0,0,0,3,0,0,0,0,0,1,0,0,0,0,0,0,0,0,8,3183,3183,0,0,0,10704,557,242,2816,0,0,447,2,26,0,0,0,2
836,okhttp3.internal.http2.HttpOverHttp2Test,10062,noRecoveryFromRefusedStreamWithRetryDisabled/0,63342,,0,2,1,0,1,0,0,0,0,0,0,0,0,0,0,0,0,0,0,0,0,0,0,0,3,0,0,0,0,0,0,0,0,0,0,0,0,0,0,10,981,981,0,0,0,10704,557,242,2816,0,0,447,2,26,0,0,0,2
449,okhttp3.URLConnectionTest,4277,deflateCompression/0,64126,,0,2,1,0,1,0,0,0,0,0,0,0,0,0,0,0,0,0,0,0,0,0,0,0,3,0,0,0,0,0,1,0,0,0,0,0,0,0,0,3,3179,3179,0,0,0,1300,5,3,243,0,0,1,1,8,0,0,0,2
468,okhttp3.CallTest,12205,interceptorCallsProceedWithoutClosingPriorResponse/0,64750,,0,5,1,0,9,0,0,0,0,0,0,0,0,0,0,0,0,0,0,0,0,0,0,0,20,0,0,0,0,0,3,1,2,0,0,0,1,0,0,31,941,941,0,1,0,107,1,1,1,0,0,0,0,0,0,0,0,2
836,okhttp3.internal.http2.HttpOverHttp2Test,10066,readTimeoutMoreGranularThanBodySize/0,63293,,0,6,1,0,14,0,0,0,0,0,0,0,0,0,0,0,0,0,0,0,0,0,0,0,9,0,0,0,0,0,1,4,4,0,0,0,0,0,0,48,529,529,0,3,0,12264,1068,259,2113,0,0,611,1,15,0,0,0,2
468,okhttp3.CallTest,4711,get_HTTP_2/0,50446,,0,2,1,0,2,0,0,0,0,0,0,0,0,0,0,0,0,0,0,0,0,0,0,0,4,0,0,0,0,0,0,0,0,0,0,0,0,0,0,9,188,188,0,0,0,12726,168,51,4704,0,0,11,1,2,0,0,0,2
449,okhttp3.URLConnectionTest,4173,serverSendsUnnecessaryWhitespace/0,64206,,0,4,2,0,5,0,0,0,0,0,0,0,0,0,0,0,0,0,0,0,0,0,0,0,10,0,0,0,0,0,2,0,1,0,0,1,0,0,0,18,261,261,0,1,0,365,11,5,15,0,0,0,2,16,0,0,0,2
468,okhttp3.CallTest,10545,unsuccessfulExpectContinuePreventsConnectionReuse/0,64818,,0,4,1,0,12,0,0,0,0,0,0,0,0,0,0,0,0,0,0,0,0,0,0,0,8,0,0,0,0,0,6,2,0,0,0,0,0,0,0,13,2817,2817,0,0,0,1521,367,70,315,0,0,28,1,23,0,0,0,2
449,okhttp3.URLConnectionTest,4390,secureFixedLengthStreaming/0,64038,,0,2,1,0,1,0,0,0,0,0,0,0,0,0,0,0,0,0,0,0,0,0,0,0,3,0,0,0,0,0,0,0,0,0,0,0,0,0,0,8,1798,1798,0,0,0,5713,373,162,2010,0,0,57,1,14,0,0,0,2
834,okhttp3.internal.ws.WebSocketHttpTest,10016,unacknowledgedPingFailsConnection/0,48797,,0,8,1,0,14,0,0,0,0,0,0,0,0,0,0,0,0,0,0,0,0,0,0,0,22,0,0,0,0,0,1,4,4,1,0,0,1,0,0,63,625,625,0,3,0,5676,106,40,1012,0,0,0,1,14,0,0,0,2
468,okhttp3.CallTest,4695,recoverFromTlsHandshakeFailure/0,64831,,0,5,1,0,15,0,0,0,0,0,0,0,0,0,0,0,0,0,0,0,0,0,0,0,7,0,0,0,0,0,3,0,1,0,0,0,0,0,0,21,1185,1185,0,0,0,11040,1183,280,1924,0,0,270,1,19,0,0,0,2
834,okhttp3.internal.ws.WebSocketHttpTest,11214,closeWebSockets/2[okhttp3.WebSocket,48783,,0,805,2,0,1,0,0,0,0,0,0,0,0,0,0,0,0,0,0,0,0,0,0,0,4,0,805,0,0,0,0,6,6,0,0,0,0,0,0,0,0,2,10,0,0,3862,722,158,748,0,0,679,2,15,0,0,0,2
836,okhttp3.internal.http2.HttpOverHttp2Test,10072,readAfterLastByte/0,63337,,0,5,1,0,12,0,0,0,0,0,0,0,0,0,0,0,0,0,0,0,0,0,0,0,12,0,0,0,0,0,2,2,3,0,0,0,0,0,0,15,475,475,0,3,0,5676,106,40,1012,0,0,0,1,14,0,0,0,2
448,okhttp3.ConnectionReuseTest,4144,http2ConnectionsAreSharedBeforeResponseIsConsumed/0,63965,,0,5,1,0,13,0,0,0,0,0,0,0,0,0,0,0,0,0,0,0,0,0,0,0,12,0,0,0,0,0,3,2,3,0,0,0,0,0,0,18,209,209,0,3,0,365,11,5,15,0,0,0,2,16,0,0,0,2
449,okhttp3.URLConnectionTest,4297,unauthorizedResponseHandling/0,64133,,0,4,1,0,12,0,0,0,0,0,0,0,0,0,0,0,0,0,0,0,0,0,0,0,12,0,0,0,0,0,3,4,2,0,0,0,0,0,0,36,1238,1238,0,2,0,107,1,1,1,0,0,0,0,0,0,0,0,2
468,okhttp3.CallTest,4764,put_HTTP_2/0,64882,,0,2,1,0,2,0,0,0,0,0,0,0,0,0,0,0,0,0,0,0,0,0,0,0,4,0,0,0,0,0,0,0,0,0,0,0,0,0,0,9,557,557,0,0,0,12264,1068,259,2113,0,0,611,1,15,0,0,0,2
468,okhttp3.CallTest,10521,dnsReturnsZeroIpAddresses/0,64867,,0,5,1,0,10,0,0,0,0,0,0,0,0,0,0,0,0,0,0,0,0,0,0,0,10,0,0,0,0,0,5,0,4,1,0,0,0,0,0,19,2887,2887,0,3,0,11040,1183,280,1924,0,0,270,1,19,0,0,0,2
37,butterknife.internal.UtilsTest,85,finderThrowsLessNiceErrorInEditMode/0,814,,0,5,2,0,5,0,0,0,0,0,0,0,0,0,0,0,0,0,0,0,0,0,0,0,11,0,0,0,0,0,4,0,2,2,0,1,0,0,0,33,25,25,0,2,0,107,1,1,1,0,0,0,0,0,0,0,0,2
468,okhttp3.CallTest,4674,http204WithBodyDisallowed/0,64765,,0,4,1,0,5,0,0,0,0,0,0,0,0,0,0,0,0,0,0,0,0,0,0,0,4,0,0,0,0,0,3,1,0,0,0,0,0,0,0,21,2221,2221,0,0,0,12264,1068,259,2113,0,0,611,1,15,0,0,0,2
468,okhttp3.CallTest,10525,maxUnavailableTimeoutRetries/0,64812,,0,4,1,0,15,0,0,0,0,0,0,0,0,0,0,0,0,0,0,0,0,0,0,0,9,0,0,0,0,0,12,4,2,0,0,0,0,0,0,16,1907,1907,0,2,0,460,391,161,1611,0,0,581,3,62,0,0,0,2
449,okhttp3.URLConnectionTest,4273,bodyPermittedOnDelete/0,64012,,0,6,1,0,13,0,0,0,0,0,0,0,0,0,0,0,0,0,0,0,0,0,0,0,8,0,0,0,0,0,4,1,2,0,0,0,0,0,0,33,3521,3521,0,2,0,12264,1068,259,2113,0,0,611,1,15,0,0,0,2
468,okhttp3.CallTest,10552,maxClientRequestTimeoutRetries/0,50316,,0,9,1,0,16,0,0,0,0,0,0,0,0,0,0,0,0,0,0,0,0,0,0,0,9,0,0,0,0,0,8,4,2,0,0,0,0,0,0,16,1803,1803,0,2,0,10704,557,242,2816,0,0,447,2,26,0,0,0,2
853,okhttp3.EventListenerTest,10459,successfulEmptyH2CallEventSequence/0,64426,,0,3,1,0,10,0,0,0,0,0,0,0,0,0,0,0,0,0,0,0,0,0,0,0,7,0,0,0,0,0,0,2,0,0,0,0,0,0,0,28,328,328,0,0,0,460,391,161,1611,0,0,581,3,62,0,0,0,2
468,okhttp3.CallTest,10526,disableClientRequestTimeoutRetry/0,50324,,0,10,1,0,18,0,0,0,0,0,0,0,0,0,0,0,0,0,0,0,0,0,0,0,8,0,0,0,0,0,5,2,3,0,0,0,0,0,0,18,1783,1783,0,2,0,365,11,5,15,0,0,0,2,16,0,0,0,2
468,okhttp3.CallTest,10528,legalToExecuteTwiceCloning_Async/0,50379,,0,9,1,0,16,0,0,0,0,0,0,0,0,0,0,0,0,0,0,0,0,0,0,0,16,0,0,0,0,0,5,0,6,0,0,0,0,0,0,22,706,706,0,6,0,7628,1,1,1,0,0,0,2,214,0,0,0,2
468,okhttp3.CallTest,4703,cancelInFlightBeforeResponseReadThrowsIOE_HTTPS/0,64767,,0,2,1,0,2,0,0,0,0,0,0,0,0,0,0,0,0,0,0,0,0,0,0,0,4,0,0,0,0,0,0,0,0,0,0,0,0,0,0,18,2399,2399,0,0,0,5676,106,40,1012,0,0,0,1,14,0,0,0,2
468,okhttp3.CallTest,10541,customMethodWithBody/0,64847,,0,5,1,0,17,0,0,0,0,0,0,0,0,0,0,0,0,0,0,0,0,0,0,0,10,0,0,0,0,0,12,1,2,0,0,0,0,0,0,18,592,592,0,2,0,11431,1074,133,243,0,0,654,1,12,0,0,0,2
468,okhttp3.CallTest,4823,suppressTlsFallbackClientSocketFactory/0,64828,,0,1,1,0,1,0,0,0,0,0,0,0,0,0,0,0,0,0,0,0,0,0,0,0,3,0,0,0,0,0,0,0,0,0,0,0,0,0,0,31,3902,3902,1,0,0,10948,1,1,1,0,0,58,265,26503,0,0,0,2
