id_class,name_class,id_method,name_method,version_id,smell_name,has_smell,cbo,wmc,dit,rfc,lcom,total_methods,static_methods,public_methods,private_methods,protected_methods,default_methods,abstract_methods,final_methods,synchronized_methods,total_fields,static_fields,public_fields,private_fields,protected_fields,default_fields,final_fields,synchronized_fields,nosi,loc,return_qty,loop_qty,comparison_qty,try_catch_qty,parenthesized_exps_qty,string_literals_qty,numbers_qty,assignments_qty,math_operations_qty,variables_qty,max_nested_blocks,annonymous_classes_qty,sub_classes_qty,lambdas_qty,unique_words_qty,line,start_line,returns,variables,parameters,dev_id,number_commits,active_days,number_days,number_issues,number_pull_requests,number_tests,median_files,median_lines,number_followers,number_public_repositories,number_public_gists,severity
37,butterknife.internal.UtilsTest,84,finderThrowsNiceError/0,85,Long Statement,1,4,2,0,5,0,0,0,0,0,0,0,0,0,0,0,0,0,0,0,0,0,0,0,11,0,0,0,0,0,3,0,2,1,0,1,0,0,0,29,34,34,0,2,0,35,368,112,1586,0,0,666,2,12,0,0,0,3
255,okhttp3.internal.http.HttpEngine,1711,HttpEngine/8[okhttp3.OkHttpClient,10810,Long Statement,1,0,0,0,0,0,0,0,0,0,0,0,0,0,0,0,0,0,0,0,0,0,0,0,0,0,2,0,0,0,0,8,167,0,0,0,0,0,0,0,0,6,0,0,167,35,368,112,1586,0,0,666,2,12,0,0,0,3
896,okhttp3.internal.http2.Http2ExchangeCodec,11020,readHttp2HeadersList/2[okhttp3.Headers,46924,Long Statement,1,168,6,0,5,0,0,0,0,0,0,0,0,0,0,0,0,0,0,0,0,0,0,0,12,0,168,0,0,0,0,2,1,7,0,1,2,0,0,0,0,2,16,1,6,35,368,112,1586,0,0,666,2,12,0,0,0,3
37,butterknife.internal.UtilsTest,84,finderThrowsNiceError/0,85,Long Statement,1,4,2,0,5,0,0,0,0,0,0,0,0,0,0,0,0,0,0,0,0,0,0,0,11,0,0,0,0,0,3,0,2,1,0,1,0,0,0,29,34,34,0,2,0,107,1,1,1,0,0,0,0,0,0,0,0,3
255,okhttp3.internal.http.HttpEngine,1711,HttpEngine/8[okhttp3.OkHttpClient,10810,Long Statement,1,0,0,0,0,0,0,0,0,0,0,0,0,0,0,0,0,0,0,0,0,0,0,0,0,0,2,0,0,0,0,8,167,0,0,0,0,0,0,0,0,6,0,0,167,107,1,1,1,0,0,0,0,0,0,0,0,3
896,okhttp3.internal.http2.Http2ExchangeCodec,11020,readHttp2HeadersList/2[okhttp3.Headers,46924,Long Statement,1,168,6,0,5,0,0,0,0,0,0,0,0,0,0,0,0,0,0,0,0,0,0,0,12,0,168,0,0,0,0,2,1,7,0,1,2,0,0,0,0,2,16,1,6,107,1,1,1,0,0,0,0,0,0,0,0,3
37,butterknife.internal.UtilsTest,84,finderThrowsNiceError/0,85,Long Statement,1,4,2,0,5,0,0,0,0,0,0,0,0,0,0,0,0,0,0,0,0,0,0,0,11,0,0,0,0,0,3,0,2,1,0,1,0,0,0,29,34,34,0,2,0,365,11,5,15,0,0,0,2,16,0,0,0,3
255,okhttp3.internal.http.HttpEngine,1711,HttpEngine/8[okhttp3.OkHttpClient,10810,Long Statement,1,0,0,0,0,0,0,0,0,0,0,0,0,0,0,0,0,0,0,0,0,0,0,0,0,0,2,0,0,0,0,8,167,0,0,0,0,0,0,0,0,6,0,0,167,365,11,5,15,0,0,0,2,16,0,0,0,3
896,okhttp3.internal.http2.Http2ExchangeCodec,11020,readHttp2HeadersList/2[okhttp3.Headers,46924,Long Statement,1,168,6,0,5,0,0,0,0,0,0,0,0,0,0,0,0,0,0,0,0,0,0,0,12,0,168,0,0,0,0,2,1,7,0,1,2,0,0,0,0,2,16,1,6,365,11,5,15,0,0,0,2,16,0,0,0,3
37,butterknife.internal.UtilsTest,84,finderThrowsNiceError/0,85,Long Statement,1,4,2,0,5,0,0,0,0,0,0,0,0,0,0,0,0,0,0,0,0,0,0,0,11,0,0,0,0,0,3,0,2,1,0,1,0,0,0,29,34,34,0,2,0,460,391,161,1611,0,0,581,3,62,0,0,0,3
255,okhttp3.internal.http.HttpEngine,1711,HttpEngine/8[okhttp3.OkHttpClient,10810,Long Statement,1,0,0,0,0,0,0,0,0,0,0,0,0,0,0,0,0,0,0,0,0,0,0,0,0,0,2,0,0,0,0,8,167,0,0,0,0,0,0,0,0,6,0,0,167,460,391,161,1611,0,0,581,3,62,0,0,0,3
896,okhttp3.internal.http2.Http2ExchangeCodec,11020,readHttp2HeadersList/2[okhttp3.Headers,46924,Long Statement,1,168,6,0,5,0,0,0,0,0,0,0,0,0,0,0,0,0,0,0,0,0,0,0,12,0,168,0,0,0,0,2,1,7,0,1,2,0,0,0,0,2,16,1,6,460,391,161,1611,0,0,581,3,62,0,0,0,3
37,butterknife.internal.UtilsTest,84,finderThrowsNiceError/0,85,Long Statement,1,4,2,0,5,0,0,0,0,0,0,0,0,0,0,0,0,0,0,0,0,0,0,0,11,0,0,0,0,0,3,0,2,1,0,1,0,0,0,29,34,34,0,2,0,939,1,1,1,0,0,0,0,0,0,0,0,3
255,okhttp3.internal.http.HttpEngine,1711,HttpEngine/8[okhttp3.OkHttpClient,10810,Long Statement,1,0,0,0,0,0,0,0,0,0,0,0,0,0,0,0,0,0,0,0,0,0,0,0,0,0,2,0,0,0,0,8,167,0,0,0,0,0,0,0,0,6,0,0,167,939,1,1,1,0,0,0,0,0,0,0,0,3
37,butterknife.internal.UtilsTest,84,finderThrowsNiceError/0,85,Long Statement,1,4,2,0,5,0,0,0,0,0,0,0,0,0,0,0,0,0,0,0,0,0,0,0,11,0,0,0,0,0,3,0,2,1,0,1,0,0,0,29,34,34,0,2,0,1300,5,3,243,0,0,1,1,8,0,0,0,3
255,okhttp3.internal.http.HttpEngine,1711,HttpEngine/8[okhttp3.OkHttpClient,10810,Long Statement,1,0,0,0,0,0,0,0,0,0,0,0,0,0,0,0,0,0,0,0,0,0,0,0,0,0,2,0,0,0,0,8,167,0,0,0,0,0,0,0,0,6,0,0,167,1300,5,3,243,0,0,1,1,8,0,0,0,3
896,okhttp3.internal.http2.Http2ExchangeCodec,11020,readHttp2HeadersList/2[okhttp3.Headers,46924,Long Statement,1,168,6,0,5,0,0,0,0,0,0,0,0,0,0,0,0,0,0,0,0,0,0,0,12,0,168,0,0,0,0,2,1,7,0,1,2,0,0,0,0,2,16,1,6,1300,5,3,243,0,0,1,1,8,0,0,0,3
37,butterknife.internal.UtilsTest,84,finderThrowsNiceError/0,85,Long Statement,1,4,2,0,5,0,0,0,0,0,0,0,0,0,0,0,0,0,0,0,0,0,0,0,11,0,0,0,0,0,3,0,2,1,0,1,0,0,0,29,34,34,0,2,0,1521,367,70,315,0,0,28,1,23,0,0,0,3
255,okhttp3.internal.http.HttpEngine,1711,HttpEngine/8[okhttp3.OkHttpClient,10810,Long Statement,1,0,0,0,0,0,0,0,0,0,0,0,0,0,0,0,0,0,0,0,0,0,0,0,0,0,2,0,0,0,0,8,167,0,0,0,0,0,0,0,0,6,0,0,167,1521,367,70,315,0,0,28,1,23,0,0,0,3
896,okhttp3.internal.http2.Http2ExchangeCodec,11020,readHttp2HeadersList/2[okhttp3.Headers,46924,Long Statement,1,168,6,0,5,0,0,0,0,0,0,0,0,0,0,0,0,0,0,0,0,0,0,0,12,0,168,0,0,0,0,2,1,7,0,1,2,0,0,0,0,2,16,1,6,1521,367,70,315,0,0,28,1,23,0,0,0,3
896,okhttp3.internal.http2.Http2ExchangeCodec,11020,readHttp2HeadersList/2[okhttp3.Headers,46924,Long Statement,1,168,6,0,5,0,0,0,0,0,0,0,0,0,0,0,0,0,0,0,0,0,0,0,12,0,168,0,0,0,0,2,1,7,0,1,2,0,0,0,0,2,16,1,6,939,1,1,1,0,0,0,0,0,0,0,0,3
37,butterknife.internal.UtilsTest,84,finderThrowsNiceError/0,85,Long Statement,1,4,2,0,5,0,0,0,0,0,0,0,0,0,0,0,0,0,0,0,0,0,0,0,11,0,0,0,0,0,3,0,2,1,0,1,0,0,0,29,34,34,0,2,0,3862,722,158,748,0,0,679,2,15,0,0,0,3
896,okhttp3.internal.http2.Http2ExchangeCodec,11020,readHttp2HeadersList/2[okhttp3.Headers,46924,Long Statement,1,168,6,0,5,0,0,0,0,0,0,0,0,0,0,0,0,0,0,0,0,0,0,0,12,0,168,0,0,0,0,2,1,7,0,1,2,0,0,0,0,2,16,1,6,3862,722,158,748,0,0,679,2,15,0,0,0,3
20517,com.xxmassdeveloper.mpchartexample.LineChartActivityColored,167645,onOptionsItemSelected/1[MenuItem],879457,Long Statement,1,2,2,0,4,0,0,0,0,0,0,0,0,0,0,0,0,0,0,0,0,0,0,0,12,0,0,0,0,0,1,0,1,0,0,1,0,0,0,24,139,139,1,1,1,3862,722,158,748,0,0,679,2,15,0,0,0,3
37,butterknife.internal.UtilsTest,84,finderThrowsNiceError/0,85,Long Statement,1,4,2,0,5,0,0,0,0,0,0,0,0,0,0,0,0,0,0,0,0,0,0,0,11,0,0,0,0,0,3,0,2,1,0,1,0,0,0,29,34,34,0,2,0,5676,106,40,1012,0,0,0,1,14,0,0,0,3
255,okhttp3.internal.http.HttpEngine,1711,HttpEngine/8[okhttp3.OkHttpClient,10810,Long Statement,1,0,0,0,0,0,0,0,0,0,0,0,0,0,0,0,0,0,0,0,0,0,0,0,0,0,2,0,0,0,0,8,167,0,0,0,0,0,0,0,0,6,0,0,167,5676,106,40,1012,0,0,0,1,14,0,0,0,3
37,butterknife.internal.UtilsTest,84,finderThrowsNiceError/0,85,Long Statement,1,4,2,0,5,0,0,0,0,0,0,0,0,0,0,0,0,0,0,0,0,0,0,0,11,0,0,0,0,0,3,0,2,1,0,1,0,0,0,29,34,34,0,2,0,5713,373,162,2010,0,0,57,1,14,0,0,0,3
255,okhttp3.internal.http.HttpEngine,1711,HttpEngine/8[okhttp3.OkHttpClient,10810,Long Statement,1,0,0,0,0,0,0,0,0,0,0,0,0,0,0,0,0,0,0,0,0,0,0,0,0,0,2,0,0,0,0,8,167,0,0,0,0,0,0,0,0,6,0,0,167,5713,373,162,2010,0,0,57,1,14,0,0,0,3
896,okhttp3.internal.http2.Http2ExchangeCodec,11020,readHttp2HeadersList/2[okhttp3.Headers,46924,Long Statement,1,168,6,0,5,0,0,0,0,0,0,0,0,0,0,0,0,0,0,0,0,0,0,0,12,0,168,0,0,0,0,2,1,7,0,1,2,0,0,0,0,2,16,1,6,5676,106,40,1012,0,0,0,1,14,0,0,0,3
896,okhttp3.internal.http2.Http2ExchangeCodec,11020,readHttp2HeadersList/2[okhttp3.Headers,46924,Long Statement,1,168,6,0,5,0,0,0,0,0,0,0,0,0,0,0,0,0,0,0,0,0,0,0,12,0,168,0,0,0,0,2,1,7,0,1,2,0,0,0,0,2,16,1,6,5713,373,162,2010,0,0,57,1,14,0,0,0,3
37,butterknife.internal.UtilsTest,84,finderThrowsNiceError/0,85,Long Statement,1,4,2,0,5,0,0,0,0,0,0,0,0,0,0,0,0,0,0,0,0,0,0,0,11,0,0,0,0,0,3,0,2,1,0,1,0,0,0,29,34,34,0,2,0,7628,1,1,1,0,0,0,2,214,0,0,0,3
255,okhttp3.internal.http.HttpEngine,1711,HttpEngine/8[okhttp3.OkHttpClient,10810,Long Statement,1,0,0,0,0,0,0,0,0,0,0,0,0,0,0,0,0,0,0,0,0,0,0,0,0,0,2,0,0,0,0,8,167,0,0,0,0,0,0,0,0,6,0,0,167,7628,1,1,1,0,0,0,2,214,0,0,0,3
896,okhttp3.internal.http2.Http2ExchangeCodec,11020,readHttp2HeadersList/2[okhttp3.Headers,46924,Long Statement,1,168,6,0,5,0,0,0,0,0,0,0,0,0,0,0,0,0,0,0,0,0,0,0,12,0,168,0,0,0,0,2,1,7,0,1,2,0,0,0,0,2,16,1,6,7628,1,1,1,0,0,0,2,214,0,0,0,3
37,butterknife.internal.UtilsTest,84,finderThrowsNiceError/0,85,Long Statement,1,4,2,0,5,0,0,0,0,0,0,0,0,0,0,0,0,0,0,0,0,0,0,0,11,0,0,0,0,0,3,0,2,1,0,1,0,0,0,29,34,34,0,2,0,7678,4381,907,2061,0,0,2825,1,13,0,0,0,3
37,butterknife.internal.UtilsTest,84,finderThrowsNiceError/0,85,Long Statement,1,4,2,0,5,0,0,0,0,0,0,0,0,0,0,0,0,0,0,0,0,0,0,0,11,0,0,0,0,0,3,0,2,1,0,1,0,0,0,29,34,34,0,2,0,8955,2841,573,4338,0,0,4926,2,17,0,0,0,3
255,okhttp3.internal.http.HttpEngine,1711,HttpEngine/8[okhttp3.OkHttpClient,10810,Long Statement,1,0,0,0,0,0,0,0,0,0,0,0,0,0,0,0,0,0,0,0,0,0,0,0,0,0,2,0,0,0,0,8,167,0,0,0,0,0,0,0,0,6,0,0,167,8955,2841,573,4338,0,0,4926,2,17,0,0,0,3
896,okhttp3.internal.http2.Http2ExchangeCodec,11020,readHttp2HeadersList/2[okhttp3.Headers,46924,Long Statement,1,168,6,0,5,0,0,0,0,0,0,0,0,0,0,0,0,0,0,0,0,0,0,0,12,0,168,0,0,0,0,2,1,7,0,1,2,0,0,0,0,2,16,1,6,8955,2841,573,4338,0,0,4926,2,17,0,0,0,3
255,okhttp3.internal.http.HttpEngine,1711,HttpEngine/8[okhttp3.OkHttpClient,10810,Long Statement,1,0,0,0,0,0,0,0,0,0,0,0,0,0,0,0,0,0,0,0,0,0,0,0,0,0,2,0,0,0,0,8,167,0,0,0,0,0,0,0,0,6,0,0,167,7678,4381,907,2061,0,0,2825,1,13,0,0,0,3
37,butterknife.internal.UtilsTest,84,finderThrowsNiceError/0,85,Long Statement,1,4,2,0,5,0,0,0,0,0,0,0,0,0,0,0,0,0,0,0,0,0,0,0,11,0,0,0,0,0,3,0,2,1,0,1,0,0,0,29,34,34,0,2,0,9695,25,18,296,0,0,120,1,2,0,0,0,3
255,okhttp3.internal.http.HttpEngine,1711,HttpEngine/8[okhttp3.OkHttpClient,10810,Long Statement,1,0,0,0,0,0,0,0,0,0,0,0,0,0,0,0,0,0,0,0,0,0,0,0,0,0,2,0,0,0,0,8,167,0,0,0,0,0,0,0,0,6,0,0,167,9695,25,18,296,0,0,120,1,2,0,0,0,3
896,okhttp3.internal.http2.Http2ExchangeCodec,11020,readHttp2HeadersList/2[okhttp3.Headers,46924,Long Statement,1,168,6,0,5,0,0,0,0,0,0,0,0,0,0,0,0,0,0,0,0,0,0,0,12,0,168,0,0,0,0,2,1,7,0,1,2,0,0,0,0,2,16,1,6,9695,25,18,296,0,0,120,1,2,0,0,0,3
37,butterknife.internal.UtilsTest,84,finderThrowsNiceError/0,85,Long Statement,1,4,2,0,5,0,0,0,0,0,0,0,0,0,0,0,0,0,0,0,0,0,0,0,11,0,0,0,0,0,3,0,2,1,0,1,0,0,0,29,34,34,0,2,0,10704,557,242,2816,0,0,447,2,26,0,0,0,3
255,okhttp3.internal.http.HttpEngine,1711,HttpEngine/8[okhttp3.OkHttpClient,10810,Long Statement,1,0,0,0,0,0,0,0,0,0,0,0,0,0,0,0,0,0,0,0,0,0,0,0,0,0,2,0,0,0,0,8,167,0,0,0,0,0,0,0,0,6,0,0,167,10704,557,242,2816,0,0,447,2,26,0,0,0,3
896,okhttp3.internal.http2.Http2ExchangeCodec,11020,readHttp2HeadersList/2[okhttp3.Headers,46924,Long Statement,1,168,6,0,5,0,0,0,0,0,0,0,0,0,0,0,0,0,0,0,0,0,0,0,12,0,168,0,0,0,0,2,1,7,0,1,2,0,0,0,0,2,16,1,6,10704,557,242,2816,0,0,447,2,26,0,0,0,3
37,butterknife.internal.UtilsTest,84,finderThrowsNiceError/0,85,Long Statement,1,4,2,0,5,0,0,0,0,0,0,0,0,0,0,0,0,0,0,0,0,0,0,0,11,0,0,0,0,0,3,0,2,1,0,1,0,0,0,29,34,34,0,2,0,10948,1,1,1,0,0,58,265,26503,0,0,0,3
255,okhttp3.internal.http.HttpEngine,1711,HttpEngine/8[okhttp3.OkHttpClient,10810,Long Statement,1,0,0,0,0,0,0,0,0,0,0,0,0,0,0,0,0,0,0,0,0,0,0,0,0,0,2,0,0,0,0,8,167,0,0,0,0,0,0,0,0,6,0,0,167,10948,1,1,1,0,0,58,265,26503,0,0,0,3
896,okhttp3.internal.http2.Http2ExchangeCodec,11020,readHttp2HeadersList/2[okhttp3.Headers,46924,Long Statement,1,168,6,0,5,0,0,0,0,0,0,0,0,0,0,0,0,0,0,0,0,0,0,0,12,0,168,0,0,0,0,2,1,7,0,1,2,0,0,0,0,2,16,1,6,10948,1,1,1,0,0,58,265,26503,0,0,0,3
37,butterknife.internal.UtilsTest,84,finderThrowsNiceError/0,85,Long Statement,1,4,2,0,5,0,0,0,0,0,0,0,0,0,0,0,0,0,0,0,0,0,0,0,11,0,0,0,0,0,3,0,2,1,0,1,0,0,0,29,34,34,0,2,0,11040,1183,280,1924,0,0,270,1,19,0,0,0,3
255,okhttp3.internal.http.HttpEngine,1711,HttpEngine/8[okhttp3.OkHttpClient,10810,Long Statement,1,0,0,0,0,0,0,0,0,0,0,0,0,0,0,0,0,0,0,0,0,0,0,0,0,0,2,0,0,0,0,8,167,0,0,0,0,0,0,0,0,6,0,0,167,11040,1183,280,1924,0,0,270,1,19,0,0,0,3
37,butterknife.internal.UtilsTest,84,finderThrowsNiceError/0,85,Long Statement,1,4,2,0,5,0,0,0,0,0,0,0,0,0,0,0,0,0,0,0,0,0,0,0,11,0,0,0,0,0,3,0,2,1,0,1,0,0,0,29,34,34,0,2,0,11431,1074,133,243,0,0,654,1,12,0,0,0,3
255,okhttp3.internal.http.HttpEngine,1711,HttpEngine/8[okhttp3.OkHttpClient,10810,Long Statement,1,0,0,0,0,0,0,0,0,0,0,0,0,0,0,0,0,0,0,0,0,0,0,0,0,0,2,0,0,0,0,8,167,0,0,0,0,0,0,0,0,6,0,0,167,11431,1074,133,243,0,0,654,1,12,0,0,0,3
896,okhttp3.internal.http2.Http2ExchangeCodec,11020,readHttp2HeadersList/2[okhttp3.Headers,46924,Long Statement,1,168,6,0,5,0,0,0,0,0,0,0,0,0,0,0,0,0,0,0,0,0,0,0,12,0,168,0,0,0,0,2,1,7,0,1,2,0,0,0,0,2,16,1,6,11040,1183,280,1924,0,0,270,1,19,0,0,0,3
896,okhttp3.internal.http2.Http2ExchangeCodec,11020,readHttp2HeadersList/2[okhttp3.Headers,46924,Long Statement,1,168,6,0,5,0,0,0,0,0,0,0,0,0,0,0,0,0,0,0,0,0,0,0,12,0,168,0,0,0,0,2,1,7,0,1,2,0,0,0,0,2,16,1,6,11431,1074,133,243,0,0,654,1,12,0,0,0,3
37,butterknife.internal.UtilsTest,84,finderThrowsNiceError/0,85,Long Statement,1,4,2,0,5,0,0,0,0,0,0,0,0,0,0,0,0,0,0,0,0,0,0,0,11,0,0,0,0,0,3,0,2,1,0,1,0,0,0,29,34,34,0,2,0,12264,1068,259,2113,0,0,611,1,15,0,0,0,3
255,okhttp3.internal.http.HttpEngine,1711,HttpEngine/8[okhttp3.OkHttpClient,10810,Long Statement,1,0,0,0,0,0,0,0,0,0,0,0,0,0,0,0,0,0,0,0,0,0,0,0,0,0,2,0,0,0,0,8,167,0,0,0,0,0,0,0,0,6,0,0,167,12264,1068,259,2113,0,0,611,1,15,0,0,0,3
896,okhttp3.internal.http2.Http2ExchangeCodec,11020,readHttp2HeadersList/2[okhttp3.Headers,46924,Long Statement,1,168,6,0,5,0,0,0,0,0,0,0,0,0,0,0,0,0,0,0,0,0,0,0,12,0,168,0,0,0,0,2,1,7,0,1,2,0,0,0,0,2,16,1,6,12264,1068,259,2113,0,0,611,1,15,0,0,0,3
37,butterknife.internal.UtilsTest,84,finderThrowsNiceError/0,85,Long Statement,1,4,2,0,5,0,0,0,0,0,0,0,0,0,0,0,0,0,0,0,0,0,0,0,11,0,0,0,0,0,3,0,2,1,0,1,0,0,0,29,34,34,0,2,0,12405,5,3,4,0,0,0,1,1,0,0,0,3
255,okhttp3.internal.http.HttpEngine,1711,HttpEngine/8[okhttp3.OkHttpClient,10810,Long Statement,1,0,0,0,0,0,0,0,0,0,0,0,0,0,0,0,0,0,0,0,0,0,0,0,0,0,2,0,0,0,0,8,167,0,0,0,0,0,0,0,0,6,0,0,167,12405,5,3,4,0,0,0,1,1,0,0,0,3
896,okhttp3.internal.http2.Http2ExchangeCodec,11020,readHttp2HeadersList/2[okhttp3.Headers,46924,Long Statement,1,168,6,0,5,0,0,0,0,0,0,0,0,0,0,0,0,0,0,0,0,0,0,0,12,0,168,0,0,0,0,2,1,7,0,1,2,0,0,0,0,2,16,1,6,12405,5,3,4,0,0,0,1,1,0,0,0,3
37,butterknife.internal.UtilsTest,84,finderThrowsNiceError/0,85,Long Statement,1,4,2,0,5,0,0,0,0,0,0,0,0,0,0,0,0,0,0,0,0,0,0,0,11,0,0,0,0,0,3,0,2,1,0,1,0,0,0,29,34,34,0,2,0,12726,168,51,4704,0,0,11,1,2,0,0,0,3
255,okhttp3.internal.http.HttpEngine,1711,HttpEngine/8[okhttp3.OkHttpClient,10810,Long Statement,1,0,0,0,0,0,0,0,0,0,0,0,0,0,0,0,0,0,0,0,0,0,0,0,0,0,2,0,0,0,0,8,167,0,0,0,0,0,0,0,0,6,0,0,167,12726,168,51,4704,0,0,11,1,2,0,0,0,3
896,okhttp3.internal.http2.Http2ExchangeCodec,11020,readHttp2HeadersList/2[okhttp3.Headers,46924,Long Statement,1,168,6,0,5,0,0,0,0,0,0,0,0,0,0,0,0,0,0,0,0,0,0,0,12,0,168,0,0,0,0,2,1,7,0,1,2,0,0,0,0,2,16,1,6,12726,168,51,4704,0,0,11,1,2,0,0,0,3
808,okhttp3.internal.tls.BasicTrustRootIndex,9739,equals/1[java.lang.Object],30004,Long Statement,1,1,2,0,1,0,0,0,0,0,0,0,0,0,0,0,0,0,0,0,0,0,0,0,4,0,0,0,0,1,0,0,0,0,0,0,0,0,0,8,60,60,2,0,1,11431,1074,133,243,0,0,654,1,12,0,0,0,1
169,com.example.butterknife.functional.BindArrayFailureTest,1061,typeMustBeSupported/0,4703,Long Statement,1,5,2,1,6,0,1,0,1,0,0,0,0,0,0,1,0,0,1,0,0,1,0,0,25,0,0,0,0,0,3,1,2,1,0,2,1,0,1,0,0,0,0,0,0,9695,25,18,296,0,0,120,1,2,0,0,0,1
3715,org.springframework.boot.test.context.runner.WebApplicationContextRunner,28846,newInstance/7[java.util.function.Supplier<org.springframework.boot.test.context.runner.ConfigurableWebApplicationContext>,247308,Long Statement,1,9,6,2,1,10,5,1,3,1,1,0,0,0,0,0,0,0,0,0,0,0,0,0,50,0,0,0,0,1,0,0,0,0,0,0,0,0,0,1,0,0,0,0,0,107,1,1,1,0,0,0,0,0,0,0,0,1
2426,org.springframework.boot.actuate.autoconfigure.metrics.export.graphite.GraphiteMetricsExportAutoConfigurationTests,22287,autoConfiguresUseTagsAsPrefix/0,240749,Long Statement,1,3,1,0,3,0,0,0,0,0,0,0,0,0,0,0,0,0,0,0,0,0,0,0,9,0,0,0,0,0,1,0,0,0,0,0,0,0,1,15,58,58,0,0,0,10948,1,1,1,0,0,58,265,26503,0,0,0,1
2956,org.springframework.boot.autoconfigure.jdbc.EmbeddedDataSourceConfiguration,24224,EmbeddedDataSourceConfiguration/1[org.springframework.boot.autoconfigure.jdbc.DataSourceProperties],242686,Long Statement,1,1,1,0,0,0,0,0,0,0,0,0,0,0,0,0,0,0,0,0,0,0,0,0,3,0,0,0,0,0,0,0,1,0,0,0,0,0,0,6,46,46,0,0,1,10704,557,242,2816,0,0,447,2,26,0,0,0,1
2461,org.springframework.boot.actuate.autoconfigure.cloudfoundry.TokenTests,22450,emptyJwtSignatureShouldThrowException/0,240912,Long Statement,1,3,1,0,2,0,0,0,0,0,0,0,0,0,0,0,0,0,0,0,0,0,0,0,5,0,0,0,0,0,2,0,1,1,0,0,0,0,0,8,66,66,0,1,0,1300,5,3,243,0,0,1,1,8,0,0,0,1
1391,org.springframework.boot.actuate.metrics.web.reactive.client.MetricsWebClientCustomizerTests,15606,setup/0,234068,Long Statement,1,4,1,0,2,0,0,0,0,0,0,0,0,0,0,0,0,0,0,0,0,0,0,0,4,0,0,0,0,0,1,0,2,0,0,0,0,0,0,6,41,41,0,0,0,939,1,1,1,0,0,0,0,0,0,0,0,1
14130,org.springframework.boot.convert.NumberToDataSizeConverterTests,103837,NumberToDataSizeConverterTests/2[java.lang.String,332913,Long Statement,1,13,7,1,16,9,6,1,4,2,0,0,0,0,0,1,0,0,1,0,0,1,0,0,54,0,0,0,0,0,4,12,3,0,0,3,1,0,0,0,0,0,0,0,0,35,368,112,1586,0,0,666,2,12,0,0,0,1
1998,org.springframework.boot.diagnostics.analyzer.UnboundConfigurationPropertyFailureAnalyzerTests,19811,bindExceptionDueToUnboundElements/0,238273,Long Statement,1,4,1,0,5,0,0,0,0,0,0,0,0,0,0,0,0,0,0,0,0,0,0,0,4,0,0,0,0,0,6,0,1,0,0,0,0,0,0,19,57,57,0,1,0,365,11,5,15,0,0,0,2,16,0,0,0,1
3612,org.springframework.boot.cli.command.shell.PromptCommand,28206,PromptCommand/1[org.springframework.boot.cli.command.shell.ShellPrompts],246668,Long Statement,1,3,4,2,2,0,2,0,2,0,0,0,0,0,0,1,0,0,1,0,0,1,0,0,24,0,1,0,0,0,4,1,1,2,0,1,2,0,0,0,0,0,0,0,0,107,1,1,1,0,0,0,0,0,0,0,0,1
2462,org.springframework.boot.actuate.autoconfigure.cloudfoundry.reactive.CloudFoundryReactiveHealthEndpointWebExtensionTests,22456,healthDetailsAlwaysPresent/0,240918,Long Statement,1,18,1,1,4,0,1,0,1,0,0,0,0,0,0,1,0,0,1,0,0,0,0,0,42,0,0,0,0,0,1,0,1,0,0,1,0,0,0,1,0,0,0,0,0,460,391,161,1611,0,0,581,3,62,0,0,0,1
1400,org.springframework.boot.actuate.metrics.export.prometheus.PrometheusScrapeEndpointIntegrationTests,15666,scrapeHasContentTypeText004/0,234128,Long Statement,1,1,1,0,8,0,0,0,0,0,0,0,0,0,0,0,0,0,0,0,0,0,0,0,3,0,0,0,0,0,1,0,0,0,0,0,0,0,0,6,44,44,0,0,0,365,11,5,15,0,0,0,2,16,0,0,0,1
573,com.squareup.okhttp.recipes.PostString,5761,run/0,14860,Long Statement,1,9,3,1,12,1,2,1,2,0,0,0,0,0,0,2,1,1,1,0,0,2,0,0,31,0,0,0,0,0,10,0,5,2,0,5,0,0,0,0,0,0,0,0,0,11431,1074,133,243,0,0,654,1,12,0,0,0,1
3001,org.springframework.boot.autoconfigure.web.servlet.error.BasicErrorController,24447,errorHtml/2[HttpServletRequest,242909,Long Statement,1,87,8,0,2,0,0,0,0,0,0,0,0,0,0,0,0,0,0,0,0,0,0,0,7,0,87,0,0,0,1,2,0,3,0,0,0,0,0,0,0,2,7,1,3,365,11,5,15,0,0,0,2,16,0,0,0,1
2374,org.springframework.boot.actuate.autoconfigure.context.ShutdownEndpointAutoConfigurationTests,22039,runShouldHaveEndpointBean/0,240501,Long Statement,1,2,1,0,2,0,0,0,0,0,0,0,0,0,0,0,0,0,0,0,0,0,0,0,3,0,0,0,0,0,1,0,0,0,0,0,0,0,1,8,39,39,0,0,0,10704,557,242,2816,0,0,447,2,26,0,0,0,1
18082,org.springframework.boot.actuate.autoconfigure.cloudfoundry.CloudFoundryWebEndpointServletHandlerMapping,141020,links/2[HttpServletRequest,515693,Long Statement,1,92,10,0,3,0,0,0,0,0,0,0,0,0,0,0,0,0,0,0,0,0,0,0,15,0,92,0,0,0,0,3,0,5,0,0,1,0,0,1,0,2,14,2,4,3862,722,158,748,0,0,679,2,15,0,0,0,1
3652,org.springframework.boot.cli.command.run.RunCommand,28395,RunCommand/0,246857,Long Statement,1,5,4,6,2,3,3,0,3,0,0,0,0,0,0,0,0,0,0,0,0,0,0,0,103,0,0,0,0,1,3,0,0,0,0,0,1,0,2,0,0,0,0,0,0,3862,722,158,748,0,0,679,2,15,0,0,0,1
13654,org.springframework.boot.actuate.endpoint.mvc.EnvironmentMvcEndpointTests,100653,home/0,319141,Long Statement,1,12,3,1,12,0,3,0,3,0,0,0,0,0,0,2,0,0,2,0,0,0,0,0,64,0,0,0,0,0,5,0,1,0,0,2,0,0,1,0,0,0,0,0,0,107,1,1,1,0,0,0,0,0,0,0,0,1
174,com.example.butterknife.functional.BindIntFailureTest,1066,typeMustBeInt/0,4708,Long Statement,1,5,2,1,6,0,1,0,1,0,0,0,0,0,0,1,0,0,1,0,0,1,0,0,24,0,0,0,0,0,2,1,2,1,0,2,1,0,1,0,0,0,0,0,0,7678,4381,907,2061,0,0,2825,1,13,0,0,0,1
20649,com.xxmassdeveloper.mpchartexample.ScrollViewActivity,167700,onOptionsItemSelected/1[MenuItem],879953,Long Statement,1,2,2,0,4,0,0,0,0,0,0,0,0,0,0,0,0,0,0,0,0,0,0,0,12,0,0,0,0,0,1,0,1,0,0,1,0,0,0,24,85,85,1,1,1,3862,722,158,748,0,0,679,2,15,0,0,0,1
1501,org.springframework.boot.actuate.flyway.FlywayEndpointTests,16314,flywayReportIsProduced/0,234776,Long Statement,1,4,1,1,2,0,1,0,1,0,0,0,0,0,0,0,0,0,0,0,0,0,0,0,27,0,0,0,0,0,0,0,0,0,0,0,0,0,1,1,0,0,0,0,0,460,391,161,1611,0,0,581,3,62,0,0,0,1
2787,org.springframework.boot.autoconfigure.session.SessionStoreMappings,23637,getType/2[org.springframework.boot.WebApplicationType,242099,Long Statement,1,65,2,0,1,0,0,0,0,0,0,0,0,0,0,0,0,0,0,0,0,0,0,0,6,0,65,0,0,0,0,0,0,0,0,0,0,0,0,2,0,2,3,1,0,460,391,161,1611,0,0,581,3,62,0,0,0,1
14180,org.springframework.boot.autoconfigure.task.TaskExecutionAutoConfiguration,104039,applicationTaskExecutor/1[org.springframework.boot.task.TaskExecutorBuilder],432611,Long Statement,1,16,3,1,20,1,3,0,3,0,0,0,0,0,0,4,1,1,3,0,0,4,0,0,49,0,0,0,0,0,1,0,5,0,0,5,0,0,0,0,0,0,0,0,0,3862,722,158,748,0,0,679,2,15,0,0,0,1
2993,org.springframework.boot.autoconfigure.web.embedded.JettyWebServerFactoryCustomizer,24390,customizeMaxHttpHeaderSize/2[org.springframework.boot.web.embedded.jetty.ConfigurableJettyWebServerFactory,242852,Long Statement,1,116,2,0,1,0,0,0,0,0,0,0,0,0,0,0,0,0,0,0,0,0,0,0,1,0,116,0,0,0,0,0,0,0,0,0,0,1,0,0,0,2,19,0,0,1521,367,70,315,0,0,28,1,23,0,0,0,1
3910,org.springframework.boot.maven.ExcludeFilter,103544,matchExclude/1[Artifact],326955,Long Statement,1,5,10,2,10,4,4,0,2,2,0,0,0,0,0,1,0,0,1,0,0,1,0,0,43,0,2,0,0,1,1,0,3,0,0,3,2,0,0,0,0,0,0,0,0,107,1,1,1,0,0,0,0,0,0,0,0,1
1614,org.springframework.boot.diagnostics.analyzer.InvalidConfigurationPropertyNameFailureAnalyzer,16942,buildDescription/2[org.springframework.boot.context.properties.source.InvalidConfigurationPropertyNameException,235404,Long Statement,1,47,2,0,2,0,0,0,0,0,0,0,0,0,0,0,0,0,0,0,0,0,0,0,11,0,47,0,0,0,0,7,0,2,0,1,1,0,0,0,0,2,10,1,2,10948,1,1,1,0,0,58,265,26503,0,0,0,1
868,okhttp3.unixdomainsockets.ClientAndServer,10708,run/0,47996,Long Statement,1,11,1,0,18,0,0,0,0,0,0,0,0,0,0,0,0,0,0,0,0,0,0,0,16,0,0,0,0,0,3,0,5,0,0,1,0,0,0,21,32,32,0,5,0,1300,5,3,243,0,0,1,1,8,0,0,0,1
172,com.example.butterknife.functional.BindStringFailureTest,1064,typeMustBeString/0,4706,Long Statement,1,5,2,1,6,0,1,0,1,0,0,0,0,0,0,1,0,0,1,0,0,1,0,0,24,0,0,0,0,0,2,1,2,1,0,2,1,0,1,0,0,0,0,0,0,939,1,1,1,0,0,0,0,0,0,0,0,1
717,com.squareup.okhttp.internal.ConnectionSpecSelector,8163,configureSecureSocket/1[javax.net.ssl.SSLSocket],24338,Long Statement,1,3,14,1,8,0,4,0,3,1,0,0,0,0,0,4,0,0,4,0,0,1,0,0,70,0,2,0,0,2,3,2,11,2,0,9,2,0,0,0,0,0,0,0,0,5676,106,40,1012,0,0,0,1,14,0,0,0,1
14047,org.springframework.boot.autoconfigure.elasticsearch.ElasticsearchDataAutoConfigurationTests,103313,templateExists/0,325633,Long Statement,1,6,1,0,2,0,0,0,0,0,0,0,0,0,0,0,0,0,0,0,0,0,0,0,4,0,0,0,0,0,0,1,1,0,0,0,0,0,0,8,44,44,0,0,0,107,1,1,1,0,0,0,0,0,0,0,0,1
13708,org.springframework.boot.context.embedded.FilterRegistrationBean,101014,configure/1[FilterRegistration],319511,Long Statement,1,4,8,0,10,0,0,0,0,0,0,0,0,0,0,0,0,0,0,0,0,0,0,0,23,0,1,0,0,1,0,2,3,0,0,2,0,0,0,36,236,236,0,2,1,1300,5,3,243,0,0,1,1,8,0,0,0,1
1585,org.springframework.boot.context.config.DelegatingApplicationListener,16816,onApplicationEvent/1[ApplicationEvent],235278,Long Statement,1,6,5,0,5,0,0,0,0,0,0,0,0,0,0,0,0,0,0,0,0,0,0,0,15,0,1,0,0,1,0,0,2,0,0,2,0,0,0,13,55,55,1,1,1,1521,367,70,315,0,0,28,1,23,0,0,0,1
21170,com.google.common.collect.ImmutableEnumMapTest,174429,suite/0,1013951,Long Statement,1,9,1,0,6,0,0,0,0,0,0,0,0,0,0,0,0,0,0,0,0,0,0,0,6,0,0,0,0,0,1,0,1,0,0,0,0,0,0,7,58,58,1,1,0,3862,722,158,748,0,0,679,2,15,0,0,0,1
2163,org.springframework.boot.jackson.JsonComponentModuleTests,21147,moduleShouldAllowInnerAbstractClasses/0,239609,Long Statement,1,5,1,0,3,0,0,0,0,0,0,0,0,0,0,0,0,0,0,0,0,0,0,0,6,0,0,0,0,0,0,0,2,0,0,0,0,0,0,17,68,68,0,2,0,939,1,1,1,0,0,0,0,0,0,0,0,1
1855,org.springframework.boot.logging.LoggingSystem,18585,getSupportedLogLevels/0,237047,Long Statement,1,6,14,2,17,45,10,2,9,1,0,0,1,0,0,4,4,3,1,0,0,4,0,0,86,0,0,0,0,0,11,0,7,0,0,7,2,0,1,3,0,0,0,0,0,1521,367,70,315,0,0,28,1,23,0,0,0,1
335,okhttp3.benchmarks.OkHttp,2625,prepare/1[okhttp3.benchmarks.Benchmark],17795,Long Statement,1,9,3,2,9,0,2,0,2,0,0,0,0,0,0,2,1,0,2,0,0,1,0,0,59,0,0,0,0,0,0,0,7,0,0,6,1,1,1,0,0,0,0,0,0,9695,25,18,296,0,0,120,1,2,0,0,0,1
3778,org.springframework.boot.test.context.assertj.ApplicationContextAssertTests,29267,createWhenApplicationContextIsNullShouldThrowException/0,636832,Long Statement,1,1,1,0,3,0,0,0,0,0,0,0,0,0,0,0,0,0,0,0,0,0,0,0,3,0,0,0,0,0,1,0,0,0,0,0,0,0,1,16,63,63,0,0,0,3862,722,158,748,0,0,679,2,15,0,0,0,1
82,butterknife.compiler.FieldTypefaceBinding,377,render/1[int],378,Long Statement,1,2,3,0,3,0,0,0,0,0,0,0,0,0,0,0,0,0,0,0,0,0,0,0,7,0,0,0,0,0,4,1,2,0,0,1,0,0,0,6,53,53,1,1,1,1521,367,70,315,0,0,28,1,23,0,0,0,1
3520,org.springframework.boot.autoconfigure.mustache.MustacheAutoConfigurationReactiveIntegrationTests,27658,testHomePage/0,246120,Long Statement,1,1,1,0,10,0,0,0,0,0,0,0,0,0,0,0,0,0,0,0,0,0,0,0,4,0,0,0,0,0,3,0,1,0,0,0,0,0,0,6,61,61,0,1,0,107,1,1,1,0,0,0,0,0,0,0,0,1
3316,org.springframework.boot.autoconfigure.security.oauth2.client.reactive.ReactiveOAuth2WebSecurityConfigurationTests,26118,authorizedClientServiceBeanIsConditionalOnClientRegistrationRepository/0,244580,Long Statement,1,3,1,0,2,0,0,0,0,0,0,0,0,0,0,0,0,0,0,0,0,0,0,0,3,0,0,0,0,0,0,0,0,0,0,0,0,0,1,12,46,46,0,0,0,1521,367,70,315,0,0,28,1,23,0,0,0,1
2215,org.springframework.boot.actuate.autoconfigure.metrics.MeterRegistryConfigurer,21399,customize/1[MeterRegistry],239861,Long Statement,1,4,1,0,3,0,0,0,0,0,0,0,0,0,0,0,0,0,0,0,0,0,0,0,3,0,0,0,0,0,1,0,0,0,0,0,0,0,1,5,72,72,0,0,1,3862,722,158,748,0,0,679,2,15,0,0,0,1
1152,org.springframework.boot.actuate.metrics.cache.CacheMetricsRegistrar,14622,getMeterBinder/2[Cache,233084,Long Statement,1,73,7,0,1,0,0,0,0,0,0,0,0,0,0,0,0,0,0,0,0,0,0,0,8,0,73,0,0,0,0,1,0,1,0,0,0,0,0,1,0,2,4,1,1,1521,367,70,315,0,0,28,1,23,0,0,0,1
18087,org.springframework.boot.actuate.autoconfigure.endpoint.EndpointEnablementProvider,141058,getEndpointEnablement/2[java.lang.String,515752,Long Statement,1,50,3,0,1,0,0,0,0,0,0,0,0,0,0,0,0,0,0,0,0,0,0,0,1,0,50,0,0,0,0,0,0,0,0,0,0,0,0,0,0,2,3,1,0,35,368,112,1586,0,0,666,2,12,0,0,0,1
1004,com.squareup.okhttp.internal.framed.HttpOverSpdyTest,12928,authenticate/0,85435,Long Statement,1,7,1,0,14,0,0,0,0,0,0,0,0,0,0,0,0,0,0,0,0,0,0,0,12,0,0,0,0,0,9,0,3,1,0,0,0,0,0,20,215,215,0,2,0,8955,2841,573,4338,0,0,4926,2,17,0,0,0,1
46,butterknife.OnTextChangedTest,143,textChangedWithWrongParameter/0,144,Long Statement,1,2,4,1,10,6,4,0,4,0,0,0,0,0,0,0,0,0,0,0,0,0,0,0,211,0,0,0,0,0,176,0,7,7,0,7,0,0,0,0,0,0,0,0,0,1300,5,3,243,0,0,1,1,8,0,0,0,1
1438,org.springframework.boot.actuate.endpoint.web.EndpointServletTests,15906,withInitParameterWhenHasExistingShouldMergeParameters/0,234368,Long Statement,1,3,1,0,5,0,0,0,0,0,0,0,0,0,0,0,0,0,0,0,0,0,0,0,4,0,0,0,0,0,14,0,1,0,0,0,0,0,0,15,97,97,0,1,0,9695,25,18,296,0,0,120,1,2,0,0,0,1
3731,org.springframework.boot.test.mock.mockito.MockDefinition,28959,toString/0,247421,Long Statement,1,2,1,0,4,0,0,0,0,0,0,0,0,0,0,0,0,0,0,0,0,0,0,0,3,0,0,0,0,0,6,0,0,0,0,0,0,0,0,4,132,132,1,0,0,35,368,112,1586,0,0,666,2,12,0,0,0,1
2505,org.springframework.boot.actuate.autoconfigure.endpoint.web.documentation.IntegrationGraphEndpointDocumentationTests,22701,graph/0,241163,Long Statement,1,2,2,3,9,1,2,0,2,0,0,0,0,0,0,0,0,0,0,0,0,0,0,0,39,0,0,0,0,0,4,0,0,0,0,0,0,0,1,0,0,0,0,0,0,939,1,1,1,0,0,0,0,0,0,0,0,1
6719,sample.webservices.SampleWsApplicationTests,34327,testSendingHolidayRequest/0,252789,Long Statement,1,2,1,0,4,0,0,0,0,0,0,0,0,0,0,0,0,0,0,0,0,0,0,0,7,0,0,0,0,0,12,0,3,1,0,0,0,0,0,16,57,57,0,3,0,939,1,1,1,0,0,0,0,0,0,0,0,1
138,butterknife.internal.OnItemClickTest,733,onClickInjection/0,1658,Long Statement,1,2,4,1,20,6,4,0,4,0,0,0,0,0,0,0,0,0,0,0,0,0,0,0,175,0,0,0,0,0,131,1,7,0,0,7,0,0,0,0,0,0,0,0,0,460,391,161,1611,0,0,581,3,62,0,0,0,1
14037,org.springframework.boot.autoconfigure.mobile.DeviceDelegatingViewResolverAutoConfigurationTests,103230,deviceDelegatingInternalResourceViewResolverEnabled/0,325456,Long Statement,1,12,2,0,9,0,0,0,0,0,0,0,0,0,0,0,0,0,0,0,0,0,0,0,17,0,0,0,0,0,2,1,3,1,0,1,0,0,0,26,75,75,0,2,0,1300,5,3,243,0,0,1,1,8,0,0,0,1
137,butterknife.internal.InjectViewTest,732,injectingView/0,1657,Long Statement,1,2,1,0,12,0,0,0,0,0,0,0,0,0,0,0,0,0,0,0,0,0,0,0,5,0,0,0,0,0,25,0,2,0,0,0,0,0,0,33,15,15,0,2,0,8955,2841,573,4338,0,0,4926,2,17,0,0,0,1
3215,org.springframework.boot.autoconfigure.session.NonUniqueSessionRepositoryFailureAnalyzerTests,25600,failureAnalysisWithMultipleCandidates/0,244062,Long Statement,1,5,1,0,10,0,0,0,0,0,0,0,0,0,0,0,0,0,0,0,0,0,0,0,6,0,0,0,0,0,1,0,1,0,0,0,0,0,0,11,42,42,0,1,0,1521,367,70,315,0,0,28,1,23,0,0,0,1
174,com.example.butterknife.functional.BindIntFailureTest,1066,typeMustBeInt/0,4708,Long Statement,1,5,2,1,6,0,1,0,1,0,0,0,0,0,0,1,0,0,1,0,0,1,0,0,24,0,0,0,0,0,2,1,2,1,0,2,1,0,1,0,0,0,0,0,0,1521,367,70,315,0,0,28,1,23,0,0,0,1
3411,org.springframework.boot.autoconfigure.web.ResourcePropertiesBindingTests,26874,staticLocationsExpandArray/0,245336,Long Statement,1,3,1,0,3,0,0,0,0,0,0,0,0,0,0,0,0,0,0,0,0,0,0,0,3,0,0,0,0,0,6,0,0,0,0,0,0,0,1,15,42,42,0,0,0,107,1,1,1,0,0,0,0,0,0,0,0,1
4068,org.springframework.boot.loader.tools.LogbackInitializer,31134,initialize/0,249596,Long Statement,1,1,3,1,2,0,1,1,1,0,0,0,0,0,0,0,0,0,0,0,0,0,0,0,21,0,0,0,0,0,2,0,0,0,0,0,1,0,1,0,0,0,0,0,0,9695,25,18,296,0,0,120,1,2,0,0,0,1
2439,org.springframework.boot.actuate.autoconfigure.management.ThreadDumpEndpointAutoConfigurationTests,22371,runWhenEnabledPropertyIsFalseShouldNotHaveEndpointBean/0,240833,Long Statement,1,2,1,0,2,0,0,0,0,0,0,0,0,0,0,0,0,0,0,0,0,0,0,0,3,0,0,0,0,0,1,0,0,0,0,0,0,0,1,14,45,45,0,0,0,939,1,1,1,0,0,0,0,0,0,0,0,1
2450,org.springframework.boot.actuate.autoconfigure.cassandra.CassandraHealthIndicatorAutoConfigurationTests,22412,runShouldCreateIndicator/0,240874,Long Statement,1,2,1,0,1,0,0,0,0,0,0,0,0,0,0,0,0,0,0,0,0,0,0,0,3,0,0,0,0,0,0,0,0,0,0,0,0,0,1,7,47,47,0,0,0,5676,106,40,1012,0,0,0,1,14,0,0,0,1
2439,org.springframework.boot.actuate.autoconfigure.management.ThreadDumpEndpointAutoConfigurationTests,22371,runWhenEnabledPropertyIsFalseShouldNotHaveEndpointBean/0,240833,Long Statement,1,5,2,1,4,0,2,0,2,0,0,0,0,0,0,1,0,0,1,0,0,1,0,0,23,0,0,0,0,0,1,0,1,0,0,1,0,0,0,2,0,0,0,0,0,3862,722,158,748,0,0,679,2,15,0,0,0,1
14131,org.springframework.boot.convert.StringToDataSizeConverterTests,103843,convertWhenSimpleWithoutSuffixButWithAnnotationShouldReturnDataSize/0,332926,Long Statement,1,2,1,0,4,0,0,0,0,0,0,0,0,0,0,0,0,0,0,0,0,0,0,0,5,0,0,0,0,0,3,3,0,0,0,0,0,0,0,14,95,95,0,0,0,35,368,112,1586,0,0,666,2,12,0,0,0,1
1970,org.springframework.boot.context.config.ConfigFileApplicationListenerTests,19584,loadTwoPropertiesFile/0,238046,Long Statement,1,2,1,0,5,0,0,0,0,0,0,0,0,0,0,0,0,0,0,0,0,0,0,0,6,0,0,0,0,0,4,0,1,1,0,0,0,0,0,7,146,146,0,1,0,10948,1,1,1,0,0,58,265,26503,0,0,0,1
3937,org.springframework.boot.maven.ExcludeFilterTests,30107,excludeMulti/0,248569,Long Statement,1,6,1,0,10,0,0,0,0,0,0,0,0,0,0,0,0,0,0,0,0,0,0,0,11,0,0,0,0,0,12,1,4,0,0,0,0,0,0,15,100,100,0,4,0,460,391,161,1611,0,0,581,3,62,0,0,0,1
312,okhttp3.apache.OkApacheClientTest,2232,success/0,158395,,0,7,1,0,9,0,0,0,0,0,0,0,0,0,0,0,0,0,0,0,0,0,0,0,7,0,0,0,0,0,3,0,3,0,0,0,0,0,0,12,47,47,0,3,0,35,368,112,1586,0,0,666,2,12,0,0,0,0
3649,org.springframework.boot.cli.command.Command,28376,getExamples/0,563913,,0,1,1,0,0,0,0,0,0,0,0,0,0,0,0,0,0,0,0,0,0,0,0,0,1,0,0,0,0,0,0,0,0,0,0,-1,0,0,0,6,67,67,0,0,0,365,11,5,15,0,0,0,2,16,0,0,0,0
217,okhttp3.mockwebserver.MockResponse,1342,clearHeaders/0,208769,,0,2,1,0,0,0,0,0,0,0,0,0,0,0,0,0,0,0,0,0,0,0,0,0,4,0,0,0,0,0,0,0,1,0,0,0,0,0,0,17,112,112,1,0,0,460,391,161,1611,0,0,581,3,62,0,0,0,0
23382,org.mockito.internal.progress.ThreadSafeMockingProgressTest,199912,shouldShareState/0,1603246,,0,4,1,0,4,0,0,0,0,0,0,0,0,0,0,0,0,0,0,0,0,0,0,0,6,0,0,0,0,0,0,0,2,0,0,0,0,0,0,14,27,27,0,1,0,3862,722,158,748,0,0,679,2,15,0,0,0,0
1215,org.springframework.boot.actuate.audit.listener.AuditApplicationEvent,14881,AuditApplicationEvent/3[java.lang.String,466950,,0,0,55,0,1,0,0,0,0,0,0,0,0,0,0,0,0,0,0,0,0,0,0,0,1,0,3,0,0,0,0,0,0,0,0,0,0,0,0,0,0,0,0,3,0,365,11,5,15,0,0,0,2,16,0,0,0,0
297,okhttp3.Cookie,2089,name/0,80210,,0,0,1,0,0,0,0,0,0,0,0,0,0,0,0,0,0,0,0,0,0,0,0,0,3,0,0,0,0,0,0,0,0,0,0,0,0,0,0,7,94,94,1,0,0,9695,25,18,296,0,0,120,1,2,0,0,0,0
12751,org.springframework.web.portlet.context.PortletConfigAware,93694,setPortletConfig/1[PortletConfig],312156,,0,2,1,1,0,0,1,0,0,0,0,0,0,0,0,0,0,0,0,0,0,0,0,0,6,0,0,0,0,0,0,0,0,0,0,0,-1,0,0,0,0,0,0,0,0,939,1,1,1,0,0,0,0,0,0,0,0,0
15847,org.springframework.web.socket.sockjs.client.AbstractXhrTransport,121600,executeInfoRequestInternal/1[java.net.URI],387688,,0,1,1,0,0,0,0,0,0,0,0,0,0,0,0,0,0,0,0,0,0,0,0,0,1,0,0,0,0,0,0,0,0,0,0,-1,0,0,0,9,132,132,0,0,1,9695,25,18,296,0,0,120,1,2,0,0,0,0
16421,org.springframework.beans.factory.config.YamlProcessorTests,127734,integerDeepKeyBehaves/0,419891,,0,4,1,0,3,0,0,0,0,0,0,0,0,0,0,0,0,0,0,0,0,0,0,0,10,0,0,0,0,0,1,0,0,0,0,0,1,0,0,14,126,126,0,0,0,107,1,1,1,0,0,0,0,0,0,0,0,0
152,butterknife.internal.AllTheThingsTest,877,itemLongClick/3[AdapterView,6583,,0,0,190,0,3,0,0,0,0,0,0,0,0,0,0,0,0,0,0,0,0,0,0,0,1,0,3,0,0,0,0,0,0,1,0,0,0,0,0,0,0,0,0,3,1,365,11,5,15,0,0,0,2,16,0,0,0,0
589,com.squareup.okhttp.guide.PostExample,9168,run/0,183606,,0,2,1,0,4,0,0,0,0,0,0,0,0,0,0,0,0,0,0,0,0,0,0,0,5,0,0,0,0,0,4,0,2,0,0,0,0,0,0,12,15,15,0,2,0,5713,373,162,2010,0,0,57,1,14,0,0,0,0
3379,org.springframework.boot.autoconfigure.web.reactive.WebFluxAutoConfigurationTests,26554,validatorWithConfigurerShouldUseSpringValidator/0,560713,,0,3,1,0,2,0,0,0,0,0,0,0,0,0,0,0,0,0,0,0,0,0,0,0,9,0,0,0,0,0,0,0,0,0,0,0,0,0,1,10,260,260,0,0,0,107,1,1,1,0,0,0,0,0,0,0,0,0
11132,org.springframework.context.access.ContextBeanFactoryReference,88217,getFactory/0,408342,,0,4,7,1,1,0,3,0,3,0,0,0,0,0,0,1,0,0,1,0,0,0,0,0,32,0,0,0,0,1,1,0,3,0,0,2,2,0,0,0,0,0,0,0,0,35,368,112,1586,0,0,666,2,12,0,0,0,0
620,com.squareup.okhttp.internal.http.RouteSelectorTest,6717,singleRoute/0,100741,,0,5,2,0,11,0,0,0,0,0,0,0,0,0,0,0,0,0,0,0,0,0,0,0,15,0,0,0,0,0,0,3,2,0,0,1,0,0,0,21,81,81,0,2,0,1300,5,3,243,0,0,1,1,8,0,0,0,0
1832,org.springframework.boot.env.OriginTrackedMapPropertySource,18415,getOrigin/1[java.lang.String],236877,,0,2,2,0,2,0,0,0,0,0,0,0,0,0,0,0,0,0,0,0,0,0,0,0,7,0,0,0,0,1,0,0,1,0,0,1,0,0,0,8,53,53,2,1,1,460,391,161,1611,0,0,581,3,62,0,0,0,0
10910,org.springframework.orm.hibernate3.HibernateTemplateTests,87566,testLoadWithLockMode/0,406695,,0,3,1,0,8,0,0,0,0,0,0,0,0,0,0,0,0,0,0,0,0,0,0,0,8,0,0,0,0,0,3,0,2,0,0,0,0,0,0,17,592,592,0,2,0,939,1,1,1,0,0,0,0,0,0,0,0,0
451,okhttp3.AddressTest,4446,differentProxySelectorsAreDifferent/0,23388,,0,3,1,0,2,0,0,0,0,0,0,0,0,0,0,0,0,0,0,0,0,0,0,0,5,0,0,0,0,0,2,2,2,0,0,0,0,0,0,13,44,44,0,2,0,11431,1074,133,243,0,0,654,1,12,0,0,0,0
399,okhttp3.UrlConnectionCacheTest,3132,clientSuppliedIfNoneMatchSinceWithCachedResult/0,108407,,0,4,1,0,6,0,0,0,0,0,0,0,0,0,0,0,0,0,0,0,0,0,0,0,7,0,0,0,0,0,8,2,3,2,0,0,0,0,0,27,1028,1028,0,3,0,939,1,1,1,0,0,0,0,0,0,0,0,0
606,com.squareup.okhttp.CacheTest,6359,maxAgeInTheFutureWithDateAndLastModifiedHeaders/0,61374,,0,3,1,0,3,0,0,0,0,0,0,0,0,0,0,0,0,0,0,0,0,0,0,0,3,0,0,0,0,0,3,2,0,2,0,0,0,0,0,19,658,658,0,0,0,5713,373,162,2010,0,0,57,1,14,0,0,0,0
654,okhttp3.internal.cache.DiskLruCache,7339,getMaxSize/0,157752,,0,0,1,0,0,0,0,0,0,0,0,0,0,0,0,0,0,0,0,0,0,0,0,0,3,0,0,0,0,0,0,0,0,0,0,0,0,0,0,17,510,510,1,0,0,3862,722,158,748,0,0,679,2,15,0,0,0,0
255,okhttp3.internal.http.HttpEngine,1702,followUpRequest/0,189451,,0,11,23,0,24,0,0,0,0,0,0,0,0,0,0,0,0,0,0,0,0,0,0,0,50,0,0,0,0,0,9,0,9,0,0,2,0,0,0,61,874,874,8,9,0,365,11,5,15,0,0,0,2,16,0,0,0,0
3135,org.springframework.boot.autoconfigure.condition.ConditionOutcome,25129,noMatch/1[java.lang.String],704611,,0,1,1,0,0,0,0,0,0,0,0,0,0,0,0,0,0,0,0,0,0,0,0,0,3,0,0,0,0,0,0,0,0,0,0,0,0,0,0,15,88,88,1,0,1,1521,367,70,315,0,0,28,1,23,0,0,0,0
670,okhttp3.internal.connection.RealConnection,7490,createTunnel/4[int,201611,,0,0,0,0,375,0,0,0,0,0,0,0,0,0,0,0,0,0,0,0,0,0,0,0,11,0,5,0,0,1,2,0,0,7,0,2,7,2,2,0,0,2,9,22,34,10948,1,1,1,0,0,58,265,26503,0,0,0,0
387,okhttp3.internal.ws.RealWebSocketTest,2865,textMessage/0,77421,,0,4,1,0,4,0,0,0,0,0,0,0,0,0,0,0,0,0,0,0,0,0,0,0,5,0,0,0,0,0,2,0,0,0,0,0,0,0,0,5,106,106,0,0,0,12264,1068,259,2113,0,0,611,1,15,0,0,0,0
7189,org.springframework.mock.web.portlet.MockPortletSession,53682,setAttribute/2[java.lang.String,272144,,0,193,0,0,2,0,0,0,0,0,0,0,0,0,0,0,0,0,0,0,0,0,0,0,2,0,193,0,0,0,0,0,0,0,0,0,1,0,0,0,0,2,8,0,0,939,1,1,1,0,0,0,0,0,0,0,0,0
3135,org.springframework.boot.autoconfigure.condition.ConditionOutcome,25125,hashCode/0,632252,,0,0,1,0,2,0,0,0,0,0,0,0,0,0,0,0,0,0,0,0,0,0,0,0,3,0,0,0,0,0,0,1,0,2,0,0,0,0,0,2,142,142,1,0,0,107,1,1,1,0,0,0,0,0,0,0,0,0
643,com.squareup.okhttp.DispatcherTest,7143,enqueuedJobsRunImmediately/0,71532,,0,5,1,0,4,0,0,0,0,0,0,0,0,0,0,0,0,0,0,0,0,0,0,0,4,0,0,0,0,0,2,0,0,0,0,0,0,0,0,9,43,43,0,0,0,939,1,1,1,0,0,0,0,0,0,0,0,0
746,com.squareup.okhttp.internal.ws.RealWebSocketTest,12650,socketClosedDuringMessageKillsWebSocket/0,84414,,0,5,4,0,8,0,0,0,0,0,0,0,0,0,0,0,0,0,0,0,0,0,0,0,23,0,0,0,0,0,5,0,0,0,0,1,0,0,0,20,245,245,0,0,0,5713,373,162,2010,0,0,57,1,14,0,0,0,0
3421,org.springframework.boot.autoconfigure.elasticsearch.rest.RestClientAutoConfigurationTests,26974,configureShouldCreateBothRestClientVariants/0,1395381,,0,2,1,0,1,0,0,0,0,0,0,0,0,0,0,0,0,0,0,0,0,0,0,0,3,0,0,0,0,0,0,0,0,0,0,0,0,0,1,10,51,51,0,0,0,3862,722,158,748,0,0,679,2,15,0,0,0,0
3150,org.springframework.boot.autoconfigure.condition.BeanTypeRegistry,25208,getBeanDefinition/1[java.lang.String],434067,,0,3,2,0,2,0,0,0,0,0,0,0,0,0,0,0,0,0,0,0,0,0,0,0,9,0,0,0,0,0,1,0,0,0,0,1,0,0,0,15,164,164,2,0,1,107,1,1,1,0,0,0,0,0,0,0,0,0
1827,org.springframework.boot.env.YamlPropertySourceLoader,101221,load/3[java.lang.String,471397,,0,0,54,0,5,0,0,0,0,0,0,0,0,0,0,0,0,0,0,0,0,0,0,0,3,0,3,0,0,0,0,0,1,0,0,2,0,2,0,0,0,2,3,10,2,939,1,1,1,0,0,0,0,0,0,0,0,0
11896,org.springframework.jmx.export.SpringModelMBean,90592,setManagedResource/2[java.lang.Object,410865,,0,71,0,0,1,0,0,0,0,0,0,0,0,0,0,0,0,0,0,0,0,0,0,0,3,0,71,0,0,0,0,0,0,1,0,0,0,0,0,0,0,2,4,0,0,107,1,1,1,0,0,0,0,0,0,0,0,0
23637,org.mockito.internal.stubbing.answers.AnswersValidatorTest,201793,should_fail_if_index_is_not_in_range_for_example_with_no_arg_invocation/0,1639551,,0,4,2,0,7,0,0,0,0,0,0,0,0,0,0,0,0,0,0,0,0,0,0,0,9,0,0,0,0,0,4,0,0,0,0,1,0,0,0,27,159,159,0,0,0,3862,722,158,748,0,0,679,2,15,0,0,0,0
465,okhttp3.OkHttpClientTest,12196,noSslSocketFactoryConfigured/0,221973,,0,2,2,0,5,0,0,0,0,0,0,0,0,0,0,0,0,0,0,0,0,0,0,0,9,0,0,0,0,0,0,0,1,0,0,1,0,0,0,16,233,233,0,1,0,3862,722,158,748,0,0,679,2,15,0,0,0,0
468,okhttp3.CallTest,4824,unspecifiedRequestBodyContentTypeDoesNotGetDefault/0,68825,,0,9,1,0,13,0,0,0,0,0,0,0,0,0,0,0,0,0,0,0,0,0,0,0,9,0,0,0,0,0,7,1,2,0,0,0,0,0,0,19,530,530,0,2,0,5676,106,40,1012,0,0,0,1,14,0,0,0,0
84,butterknife.compiler.ViewBinding,383,ViewBinding/3[butterknife.compiler.Id,2065,,0,0,0,0,0,0,0,0,0,0,0,0,0,0,0,0,0,0,0,0,0,0,0,0,19,0,0,0,0,19,0,0,0,0,0,0,0,3,0,0,0,5,6,1,0,5676,106,40,1012,0,0,0,1,14,0,0,0,0
3049,org.springframework.boot.autoconfigure.ldap.LdapAutoConfiguration,24728,ldapContextSource/0,1272064,,0,6,1,0,11,0,0,0,0,0,0,0,0,0,0,0,0,0,0,0,0,0,0,0,9,0,0,0,0,0,0,0,1,0,0,0,0,0,0,7,53,53,1,1,0,3862,722,158,748,0,0,679,2,15,0,0,0,0
7990,org.springframework.core.annotation.AnnotationAwareOrderComparator,63376,getOrder/1[java.lang.Object],281838,,0,3,5,0,4,0,0,0,0,0,0,0,0,0,0,0,0,0,0,0,0,0,0,0,13,0,0,0,0,2,0,0,2,0,0,2,0,0,0,9,48,48,3,2,1,107,1,1,1,0,0,0,0,0,0,0,0,0
3651,org.springframework.boot.cli.command.OptionParsingCommand,28392,getHelp/0,321341,,0,1,1,0,1,0,0,0,0,0,0,0,0,0,0,0,0,0,0,0,0,0,0,0,3,0,0,0,0,0,0,0,0,0,0,0,0,0,0,2,41,41,1,0,0,1521,367,70,315,0,0,28,1,23,0,0,0,0
480,com.squareup.okhttp.mockwebserver.MockWebServerTest,8049,headersToList/1[com.squareup.okhttp.mockwebserver.MockResponse],68964,,0,2,2,0,5,0,0,0,0,0,0,0,0,0,0,0,0,0,0,0,0,0,0,0,9,0,1,0,0,0,1,1,4,1,0,1,0,0,0,10,258,258,1,4,1,12405,5,3,4,0,0,0,1,1,0,0,0,0
463,okhttp3.InterceptorTest,4647,networkInterceptorsRewriteResponseFromServer/0,82734,,0,2,1,0,1,0,0,0,0,0,0,0,0,0,0,0,0,0,0,0,0,0,0,0,3,0,0,0,0,0,0,0,0,0,0,0,0,0,0,9,297,297,0,0,0,1300,5,3,243,0,0,1,1,8,0,0,0,0
888,okhttp3.tls.HandshakeCertificatesTest,10935,platformTrustedCertificates/0,106412,,0,3,2,0,12,0,0,0,0,0,0,0,0,0,0,0,0,0,0,0,0,0,0,0,9,0,1,0,0,0,2,1,3,0,0,1,0,0,0,12,130,130,0,3,0,5713,373,162,2010,0,0,57,1,14,0,0,0,0
396,okhttp3.internal.huc.DelegatingHttpsURLConnection,3024,usingProxy/0,21875,,0,0,1,0,1,0,0,0,0,0,0,0,0,0,0,0,0,0,0,0,0,0,0,0,3,0,0,0,0,0,0,0,0,0,0,0,0,0,0,2,116,116,1,0,0,10704,557,242,2816,0,0,447,2,26,0,0,0,0
10383,org.springframework.jdbc.support.xml.SqlXmlHandler,84977,newSqlXmlValue/1[java.lang.String],401976,,0,1,1,0,0,0,0,0,0,0,0,0,0,0,0,0,0,0,0,0,0,0,0,0,1,0,0,0,0,0,0,0,0,0,0,-1,0,0,0,24,171,171,0,0,1,35,368,112,1586,0,0,666,2,12,0,0,0,0
600,com.squareup.okhttp.UrlConnectionCacheTest,6081,notModifiedSpecifiesEncoding/0,185398,,0,5,1,0,12,0,0,0,0,0,0,0,0,0,0,0,0,0,0,0,0,0,0,0,8,0,0,0,0,0,12,2,0,2,0,0,0,0,0,12,816,816,0,0,0,8955,2841,573,4338,0,0,4926,2,17,0,0,0,0
513,com.squareup.okhttp.internal.Util,11561,readFully/2[java.io.InputStream,200043,,0,200,2,0,1,0,0,0,0,0,0,0,0,0,0,0,0,0,0,0,0,0,0,0,1,0,200,0,0,0,0,0,1,0,0,0,0,0,0,0,0,2,3,0,0,10704,557,242,2816,0,0,447,2,26,0,0,0,0
1773,org.springframework.boot.web.embedded.undertow.FileSessionPersistence,17975,save/2[java.util.Map<java.lang.String,782645,,0,0,70,0,1,0,0,0,0,0,0,0,0,0,0,0,0,0,0,0,0,0,0,0,1,0,2,0,0,0,0,0,0,0,0,1,0,0,0,0,0,1,2,5,0,365,11,5,15,0,0,0,2,16,0,0,0,0
4659,sample.data.jpa.domain.ReviewDetails,33923,getDetails/0,1282030,,0,0,1,0,0,0,0,0,0,0,0,0,0,0,0,0,0,0,0,0,0,0,0,0,3,0,0,0,0,0,0,0,0,0,0,0,0,0,0,2,71,71,1,0,0,3862,722,158,748,0,0,679,2,15,0,0,0,0
867,okhttp3.internal.sse.EventSourceRecorder,10705,onEvent/4[okhttp3.sse.EventSource,158904,,0,0,0,0,41,0,0,0,0,0,0,0,0,0,0,0,0,0,0,0,0,0,0,0,4,0,0,0,0,0,0,0,0,1,0,0,0,0,0,0,0,0,1,3,4,11040,1183,280,1924,0,0,270,1,19,0,0,0,0
8846,org.springframework.test.web.client.MockRestServiceServer,77601,createServer/1[org.springframework.web.client.RestTemplate],675629,,0,5,1,0,2,0,0,0,0,0,0,0,0,0,0,0,0,0,0,0,0,0,0,0,7,0,0,0,0,0,1,0,2,0,0,0,0,0,0,29,107,107,1,2,1,365,11,5,15,0,0,0,2,16,0,0,0,0
412,okhttp3.HttpUrlTest,3520,fromUri/0,124061,,0,2,1,0,3,0,0,0,0,0,0,0,0,0,0,0,0,0,0,0,0,0,0,0,5,0,0,0,0,0,2,0,2,0,0,0,0,0,0,12,1258,1258,0,2,0,107,1,1,1,0,0,0,0,0,0,0,0,0
820,okhttp3.slack.SlackClient,9843,awaitAccessToken/1[Timeout],139651,,0,1,2,0,1,0,0,0,0,0,0,0,0,0,0,0,0,0,0,0,0,0,0,0,5,0,1,0,0,0,0,0,0,0,0,1,0,0,0,17,60,60,0,0,1,365,11,5,15,0,0,0,2,16,0,0,0,0
2043,org.springframework.boot.jta.narayana.DataSourceXAResourceRecoveryHelperTests,20047,shouldDelegateEndCall/0,238509,,0,2,1,0,5,0,0,0,0,0,0,0,0,0,0,0,0,0,0,0,0,0,0,0,5,0,0,0,0,0,0,3,0,0,0,0,0,0,0,8,120,120,0,0,0,1300,5,3,243,0,0,1,1,8,0,0,0,0
463,okhttp3.InterceptorTest,4621,interceptorThrowsRuntimeExceptionAsynchronous/1[boolean],176006,,0,10,1,0,12,0,0,0,0,0,0,0,0,0,0,0,0,0,0,0,0,0,0,0,13,0,0,0,0,0,2,0,3,0,0,0,1,0,0,37,559,559,0,2,1,9695,25,18,296,0,0,120,1,2,0,0,0,0
498,com.squareup.okhttp.internal.http.RetryableSink,5154,RetryableSink/1[int],133673,,0,0,1,0,0,0,0,0,0,0,0,0,0,0,0,0,0,0,0,0,0,0,0,0,3,0,0,0,0,0,0,0,1,0,0,0,0,0,0,3,37,37,0,0,1,5713,373,162,2010,0,0,57,1,14,0,0,0,0
152,butterknife.internal.AllTheThingsTest,928,itemClick/4[AdapterView,9243,,0,0,0,0,159,0,0,0,0,0,0,0,0,0,0,0,0,0,0,0,0,0,0,0,4,0,0,0,0,0,0,0,0,0,0,1,0,0,0,0,0,0,1,0,2,365,11,5,15,0,0,0,2,16,0,0,0,0
606,com.squareup.okhttp.CacheTest,6275,getHeadersRetainsCached200LevelWarnings/0,45421,,0,5,1,0,10,0,0,0,0,0,0,0,0,0,0,0,0,0,0,0,0,0,0,0,10,0,0,0,0,0,12,1,2,1,0,0,0,0,0,22,1588,1588,0,2,0,8955,2841,573,4338,0,0,4926,2,17,0,0,0,0
6926,org.elasticsearch.index.get.ShardGetService,110932,ShardGetService/5[org.elasticsearch.index.shard.ShardId,364331,,0,0,0,0,0,0,0,0,0,0,0,0,0,0,0,0,0,0,0,0,0,0,0,0,84,0,0,0,0,84,0,0,0,0,0,0,0,3,0,0,0,6,7,1,0,35,368,112,1586,0,0,666,2,12,0,0,0,0
938,com.squareup.okhttp.internal.http.HttpResponseCacheTest,11727,defaultUseCachesSetsInitialValueOnly/0,127303,,0,2,1,0,6,0,0,0,0,0,0,0,0,0,0,0,0,0,0,0,0,0,0,0,16,0,0,0,0,0,1,0,4,0,0,1,0,0,0,23,1299,1299,0,4,0,5713,373,162,2010,0,0,57,1,14,0,0,0,0
2690,org.springframework.boot.test.autoconfigure.web.servlet.mockmvc.ExampleArgument,23305,ExampleArgument/1[java.lang.String],701453,,0,0,1,0,0,0,0,0,0,0,0,0,0,0,0,0,0,0,0,0,0,0,0,0,3,0,0,0,0,0,0,0,1,0,0,0,0,0,0,3,26,26,0,0,1,3862,722,158,748,0,0,679,2,15,0,0,0,0
5023,org.elasticsearch.common.xcontent.json.JsonXContentParser,36534,doBooleanValue/0,602682,,0,0,1,0,1,0,0,0,0,0,0,0,0,0,0,0,0,0,0,0,0,0,0,0,3,0,0,0,0,0,0,0,0,0,0,0,0,0,0,6,77,77,1,0,0,107,1,1,1,0,0,0,0,0,0,0,0,0
456,okhttp3.RecordedResponse,4496,assertNotSuccessful/0,141614,,0,2,1,0,2,0,0,0,0,0,0,0,0,0,0,0,0,0,0,0,0,0,0,0,4,0,0,0,0,0,0,0,0,0,0,0,0,0,0,6,73,73,1,0,0,11040,1183,280,1924,0,0,270,1,19,0,0,0,0
468,okhttp3.CallTest,4741,postRedirectsToGet/0,64874,,0,5,1,0,19,0,0,0,0,0,0,0,0,0,0,0,0,0,0,0,0,0,0,0,11,0,0,0,0,0,10,0,3,0,0,0,0,0,0,20,1788,1788,0,3,0,939,1,1,1,0,0,0,0,0,0,0,0,2
896,okhttp3.internal.http2.Http2ExchangeCodec,11023,finishRequest/0,46927,,0,1,1,0,2,0,0,0,0,0,0,0,0,0,0,0,0,0,0,0,0,0,0,0,3,0,0,0,0,0,0,0,0,0,0,0,0,0,0,5,131,131,0,0,0,35,368,112,1586,0,0,666,2,12,0,0,0,2
468,okhttp3.CallTest,10905,preemptiveProxyAuthentication/0,50304,,0,13,1,0,26,0,0,0,0,0,0,0,0,0,0,0,0,0,0,0,0,0,0,0,25,0,0,0,0,0,10,0,5,0,0,0,0,0,1,35,3062,3062,0,4,0,10948,1,1,1,0,0,58,265,26503,0,0,0,2
468,okhttp3.CallTest,4712,cancelImmediatelyAfterEnqueue/0,50342,,0,9,1,0,13,0,0,0,0,0,0,0,0,0,0,0,0,0,0,0,0,0,0,0,19,0,0,0,0,0,4,1,3,0,0,0,0,0,1,20,2219,2219,0,2,0,107,1,1,1,0,0,0,0,0,0,0,0,2
468,okhttp3.CallTest,4706,serverSendsUnnecessaryWhitespace/0,50477,,0,5,1,0,4,0,0,0,0,0,0,0,0,0,0,0,0,0,0,0,0,0,0,0,4,0,0,0,0,0,3,0,0,0,0,0,0,0,0,13,3196,3196,0,0,0,10704,557,242,2816,0,0,447,2,26,0,0,0,2
468,okhttp3.CallTest,4803,tearDown/0,50432,,0,2,1,0,2,0,0,0,0,0,0,0,0,0,0,0,0,0,0,0,0,0,0,0,4,0,0,0,0,0,0,0,0,0,0,0,0,0,0,5,122,122,0,0,0,10948,1,1,1,0,0,58,265,26503,0,0,0,2
468,okhttp3.CallTest,4754,repeatedHeaderNames_HTTP_2/0,50391,,0,2,1,0,2,0,0,0,0,0,0,0,0,0,0,0,0,0,0,0,0,0,0,0,4,0,0,0,0,0,0,0,0,0,0,0,0,0,0,11,212,212,0,0,0,460,391,161,1611,0,0,581,3,62,0,0,0,2
832,okhttp3.RecordingEventListener,9931,recordedEventTypes/0,62929,,0,1,2,0,2,0,0,0,0,0,0,0,0,0,0,0,0,0,0,0,0,0,0,0,7,0,1,0,0,0,0,0,1,0,0,1,0,0,0,6,58,58,1,1,0,5676,106,40,1012,0,0,0,1,14,0,0,0,2
20553,com.github.mikephil.charting.charts.BarLineChartBase,167959,setHighlightPerDragEnabled/1[boolean],881341,,0,0,1,0,0,0,0,0,0,0,0,0,0,0,0,0,0,0,0,0,0,0,0,0,3,0,0,0,0,0,0,0,1,0,0,0,0,0,0,23,1068,1068,0,0,1,3862,722,158,748,0,0,679,2,15,0,0,0,2
449,okhttp3.URLConnectionTest,4220,postBodyRetransmittedOnFailureRecovery/0,64150,,0,6,1,0,16,0,0,0,0,0,0,0,0,0,0,0,0,0,0,0,0,0,0,0,16,0,0,0,0,0,9,3,4,0,0,0,0,0,0,32,2989,2989,0,4,0,35,368,112,1586,0,0,666,2,12,0,0,0,2
449,okhttp3.URLConnectionTest,4407,postFailsWithChunkedRequestForLargeRequest/0,64165,,0,2,1,0,1,0,0,0,0,0,0,0,0,0,0,0,0,0,0,0,0,0,0,0,3,0,0,0,0,0,0,1,0,0,0,0,0,0,0,11,2935,2935,0,0,0,5676,106,40,1012,0,0,0,1,14,0,0,0,2
468,okhttp3.CallTest,4777,recoverFromTlsHandshakeFailure_tlsFallbackScsvEnabled/0,50476,,0,11,3,0,26,0,0,0,0,0,0,0,0,0,0,0,0,0,0,0,0,0,0,0,23,0,0,0,0,0,2,2,8,0,0,1,0,0,0,31,1124,1124,1,7,0,460,391,161,1611,0,0,581,3,62,0,0,0,2
853,okhttp3.EventListenerTest,10471,responseBodyFailHttp1OverHttps/0,64446,,0,2,1,0,4,0,0,0,0,0,0,0,0,0,0,0,0,0,0,0,0,0,0,0,5,0,0,0,0,0,0,0,0,0,0,0,0,0,0,16,857,857,0,0,0,12264,1068,259,2113,0,0,611,1,15,0,0,0,2
468,okhttp3.CallTest,4816,put_HTTPS/0,64735,,0,2,1,0,2,0,0,0,0,0,0,0,0,0,0,0,0,0,0,0,0,0,0,0,4,0,0,0,0,0,0,0,0,0,0,0,0,0,0,9,552,552,0,0,0,5713,373,162,2010,0,0,57,1,14,0,0,0,2
468,okhttp3.CallTest,10525,maxUnavailableTimeoutRetries/0,50360,,0,9,1,0,16,0,0,0,0,0,0,0,0,0,0,0,0,0,0,0,0,0,0,0,9,0,0,0,0,0,12,4,2,0,0,0,0,0,0,16,1826,1826,0,2,0,365,11,5,15,0,0,0,2,16,0,0,0,2
382,okhttp3.internal.ws.RealWebSocket,9465,writeOneFrame/0,46870,,0,9,10,0,13,0,0,0,0,0,0,0,0,0,0,0,0,0,0,0,0,0,0,0,61,0,0,0,0,3,0,2,16,0,0,4,0,0,0,110,456,456,3,9,0,11040,1183,280,1924,0,0,270,1,19,0,0,0,2
449,okhttp3.URLConnectionTest,4306,postBodyRetransmittedAfterAuthorizationFail/1[java.lang.String],64212,,0,6,1,0,22,0,0,0,0,0,0,0,0,0,0,0,0,0,0,0,0,0,0,0,17,0,0,0,0,0,7,2,5,0,0,0,0,0,0,24,1589,1589,0,4,1,939,1,1,1,0,0,0,0,0,0,0,0,2
853,okhttp3.EventListenerTest,10489,requestBodySuccessHttp2OverHttps/0,64441,,0,2,1,0,8,0,0,0,0,0,0,0,0,0,0,0,0,0,0,0,0,0,0,0,6,0,0,0,0,0,2,2,0,0,0,0,0,0,0,19,1082,1082,0,0,0,35,368,112,1586,0,0,666,2,12,0,0,0,2
468,okhttp3.CallTest,4794,conditionalCacheHit_Async/0,50350,,0,11,1,0,22,0,0,0,0,0,0,0,0,0,0,0,0,0,0,0,0,0,0,0,13,0,0,0,0,0,9,2,3,0,0,0,0,0,0,17,1544,1544,0,2,0,11040,1183,280,1924,0,0,270,1,19,0,0,0,2
449,okhttp3.URLConnectionTest,4187,clientConfiguredCustomContentEncoding/0,64160,,0,6,1,0,14,0,0,0,0,0,0,0,0,0,0,0,0,0,0,0,0,0,0,0,7,0,0,0,0,0,8,0,2,0,0,0,0,0,0,17,1361,1361,0,2,0,3862,722,158,748,0,0,679,2,15,0,0,0,2
449,okhttp3.URLConnectionTest,11251,serverSendsInvalidStatusLine/0,64096,,0,4,2,0,5,0,0,0,0,0,0,0,0,0,0,0,0,0,0,0,0,0,0,0,10,0,0,0,0,0,2,0,1,0,0,1,0,0,0,16,226,226,0,1,0,12405,5,3,4,0,0,0,1,1,0,0,0,2
834,okhttp3.internal.ws.WebSocketHttpTest,9997,readTimeoutAppliesWithinFrames/0,48794,,0,6,1,0,7,0,0,0,0,0,0,0,0,0,0,0,0,0,0,0,0,0,0,0,12,0,0,0,0,0,2,1,1,0,0,0,1,0,0,43,535,535,0,1,0,10704,557,242,2816,0,0,447,2,26,0,0,0,2
449,okhttp3.URLConnectionTest,4173,serverSendsUnnecessaryWhitespace/0,64206,,0,4,2,0,5,0,0,0,0,0,0,0,0,0,0,0,0,0,0,0,0,0,0,0,10,0,0,0,0,0,2,0,1,0,0,1,0,0,0,18,261,261,0,1,0,460,391,161,1611,0,0,581,3,62,0,0,0,2
853,okhttp3.EventListenerTest,10487,successfulChunkedHttpsCallEventSequence/0,64425,,0,3,1,0,11,0,0,0,0,0,0,0,0,0,0,0,0,0,0,0,0,0,0,0,7,0,0,0,0,0,1,4,0,0,0,0,0,0,0,28,351,351,0,0,0,1521,367,70,315,0,0,28,1,23,0,0,0,2
834,okhttp3.internal.ws.WebSocketHttpTest,10024,overflowOutgoingQueue/0,48798,,0,8,4,0,14,0,0,0,0,0,0,0,0,0,0,0,0,0,0,0,0,0,0,0,24,0,2,0,0,0,4,11,7,2,0,1,0,0,0,22,411,411,0,7,0,35,368,112,1586,0,0,666,2,12,0,0,0,2
853,okhttp3.EventListenerTest,10470,failedConnect/0,64402,,0,8,2,0,20,0,0,0,0,0,0,0,0,0,0,0,0,0,0,0,0,0,0,0,22,0,0,0,0,0,1,1,5,0,0,1,0,0,0,27,514,514,0,5,0,10704,557,242,2816,0,0,447,2,26,0,0,0,2
832,okhttp3.RecordingEventListener,9929,forbidLock/1[java.lang.Object],62945,,0,0,1,0,1,0,0,0,0,0,0,0,0,0,0,0,0,0,0,0,0,0,0,0,3,0,0,0,0,0,0,0,0,0,0,0,0,0,0,14,37,37,0,0,1,12405,5,3,4,0,0,0,1,1,0,0,0,2
838,okhttp3.internal.http2.MockHttp2Peer,10149,setClient/1[boolean],63395,,0,1,2,0,0,0,0,0,0,0,0,0,0,0,0,0,0,0,0,0,0,0,0,0,7,0,0,0,0,0,0,0,2,0,0,1,0,0,0,5,58,58,1,0,1,5676,106,40,1012,0,0,0,1,14,0,0,0,2
449,okhttp3.URLConnectionTest,4191,responseHeaders/0,64062,,0,6,2,0,19,0,0,0,0,0,0,0,0,0,0,0,0,0,0,0,0,0,0,0,23,0,0,0,0,0,19,8,3,0,0,1,0,0,0,17,195,195,0,3,0,365,11,5,15,0,0,0,2,16,0,0,0,2
853,okhttp3.EventListenerTest,10448,pooledConnectionFound/0,64450,,0,7,1,0,13,0,0,0,0,0,0,0,0,0,0,0,0,0,0,0,0,0,0,0,16,0,0,0,0,0,2,2,6,0,0,0,0,0,0,19,812,812,0,6,0,365,11,5,15,0,0,0,2,16,0,0,0,2
468,okhttp3.CallTest,11281,anonCipherSuiteUnsupported/0,64696,,0,7,1,0,17,0,0,0,0,0,0,0,0,0,0,0,0,0,0,0,0,0,0,0,12,0,0,0,0,0,7,0,4,0,0,0,0,0,0,53,1314,1314,0,3,0,8955,2841,573,4338,0,0,4926,2,17,0,0,0,2
449,okhttp3.URLConnectionTest,4392,response308WithPost/0,64069,,0,2,1,0,1,0,0,0,0,0,0,0,0,0,0,0,0,0,0,0,0,0,0,0,3,0,0,0,0,0,1,0,0,0,0,0,0,0,0,6,2357,2357,0,0,0,10704,557,242,2816,0,0,447,2,26,0,0,0,2
22819,org.mockito.internal.creation.bytebuddy.MockMethodAdvice,196747,tryInvoke/3[java.lang.reflect.Method,1076444,,0,0,175,0,2,0,0,0,0,0,0,0,0,0,0,0,0,0,0,0,0,0,0,0,2,0,3,0,0,0,1,0,0,0,0,1,0,1,0,0,0,1,6,10,1,3862,722,158,748,0,0,679,2,15,0,0,0,2
468,okhttp3.CallTest,4792,emptyResponseBody/0,64852,,0,4,1,0,6,0,0,0,0,0,0,0,0,0,0,0,0,0,0,0,0,0,0,0,4,0,0,0,0,0,6,1,0,0,0,0,0,0,0,7,3481,3481,0,0,0,1521,367,70,315,0,0,28,1,23,0,0,0,2
468,okhttp3.CallTest,10537,getClientRequestTimeoutWithBackPressure/0,50385,,0,9,1,0,14,0,0,0,0,0,0,0,0,0,0,0,0,0,0,0,0,0,0,0,6,0,0,0,0,0,7,1,2,0,0,0,0,0,0,16,1744,1744,0,2,0,1521,367,70,315,0,0,28,1,23,0,0,0,2
834,okhttp3.internal.ws.WebSocketHttpTest,9998,wsUppercaseScheme/0,48773,,0,2,1,0,1,0,0,0,0,0,0,0,0,0,0,0,0,0,0,0,0,0,0,0,3,0,0,0,0,0,1,0,0,0,0,0,0,0,0,4,494,494,0,0,0,12264,1068,259,2113,0,0,611,1,15,0,0,0,2
888,okhttp3.tls.HandshakeCertificatesTest,10937,clientAndServer/0,65269,,0,6,1,0,18,0,0,0,0,0,0,0,0,0,0,0,0,0,0,0,0,0,0,0,20,0,0,0,0,0,1,4,13,0,0,0,0,0,0,27,59,59,0,13,0,107,1,1,1,0,0,0,0,0,0,0,0,2
834,okhttp3.internal.ws.WebSocketHttpTest,10009,webSocketsDontTriggerEventListener/0,48777,,0,9,1,0,15,0,0,0,0,0,0,0,0,0,0,0,0,0,0,0,0,0,0,0,17,0,0,0,0,0,8,6,4,0,0,0,0,0,0,18,678,678,0,3,0,9695,25,18,296,0,0,120,1,2,0,0,0,2
853,okhttp3.EventListenerTest,10485,successfulSocksProxyConnect/0,64415,,0,9,1,0,19,0,0,0,0,0,0,0,0,0,0,0,0,0,0,0,0,0,0,0,20,0,0,0,0,0,2,1,8,1,0,0,0,0,0,22,594,594,0,6,0,9695,25,18,296,0,0,120,1,2,0,0,0,2
468,okhttp3.CallTest,4794,conditionalCacheHit_Async/0,64823,,0,4,1,0,19,0,0,0,0,0,0,0,0,0,0,0,0,0,0,0,0,0,0,0,13,0,0,0,0,0,9,2,3,0,0,0,0,0,0,17,1625,1625,0,2,0,5713,373,162,2010,0,0,57,1,14,0,0,0,2
834,okhttp3.internal.ws.WebSocketHttpTest,10008,missingUpgradeHeader/0,48800,,0,5,1,0,5,0,0,0,0,0,0,0,0,0,0,0,0,0,0,0,0,0,0,0,5,0,0,0,0,0,5,2,0,0,0,0,0,0,0,15,322,322,0,0,0,5713,373,162,2010,0,0,57,1,14,0,0,0,2
449,okhttp3.URLConnectionTest,4261,zeroLengthPut_HTTP_2/0,64005,,0,2,1,0,2,0,0,0,0,0,0,0,0,0,0,0,0,0,0,0,0,0,0,0,4,0,0,0,0,0,0,0,0,0,0,0,0,0,0,11,3351,3351,0,0,0,11040,1183,280,1924,0,0,270,1,19,0,0,0,2
468,okhttp3.CallTest,4756,cancelAll/0,64808,,0,4,1,0,8,0,0,0,0,0,0,0,0,0,0,0,0,0,0,0,0,0,0,0,6,0,0,0,0,0,4,0,1,0,0,0,0,0,0,6,2324,2324,0,1,0,12264,1068,259,2113,0,0,611,1,15,0,0,0,2
694,okhttp3.internal.connection.RouteSelectorTest,7830,proxyDnsFailureContinuesToNextProxy/0,63741,,0,6,2,0,17,0,0,0,0,0,0,0,0,0,0,0,0,0,0,0,0,0,0,0,30,0,0,0,0,0,0,4,4,0,0,1,0,0,0,24,277,277,0,4,0,3862,722,158,748,0,0,679,2,15,0,0,0,2
468,okhttp3.CallTest,4749,connectTimeoutsAttemptsAlternateRoute/0,50331,,0,10,1,0,14,0,0,0,0,0,0,0,0,0,0,0,0,0,0,0,0,0,0,0,9,0,0,0,0,0,3,3,3,0,0,0,0,0,0,36,892,892,0,2,0,5713,373,162,2010,0,0,57,1,14,0,0,0,2
836,okhttp3.internal.http2.HttpOverHttp2Test,10074,serverSendsPushPromise_GET/0,63312,,0,7,1,0,20,0,0,0,0,0,0,0,0,0,0,0,0,0,0,0,0,0,0,0,16,0,0,0,0,1,18,1,5,1,0,0,0,0,0,26,1092,1092,0,5,0,3862,722,158,748,0,0,679,2,15,0,0,0,2
834,okhttp3.internal.ws.WebSocketHttpTest,10008,missingUpgradeHeader/0,48800,,0,5,1,0,5,0,0,0,0,0,0,0,0,0,0,0,0,0,0,0,0,0,0,0,5,0,0,0,0,0,5,2,0,0,0,0,0,0,0,15,322,322,0,0,0,35,368,112,1586,0,0,666,2,12,0,0,0,2
468,okhttp3.CallTest,4720,timeoutsUpdatedOnReusedConnections/0,64816,,0,7,2,0,21,0,0,0,0,0,0,0,0,0,0,0,0,0,0,0,0,0,0,0,24,0,0,0,0,0,5,5,8,1,0,1,0,0,0,27,835,835,0,6,0,11040,1183,280,1924,0,0,270,1,19,0,0,0,2
468,okhttp3.CallTest,4757,invalidPort/0,50487,,0,2,2,0,5,0,0,0,0,0,0,0,0,0,0,0,0,0,0,0,0,0,0,0,10,0,0,0,0,0,2,0,1,0,0,1,0,0,0,14,171,171,0,1,0,1300,5,3,243,0,0,1,1,8,0,0,0,2
423,okhttp3.internal.http.ExternalHttp2Example,3697,main/1[java.lang.String[]],63707,,0,4,2,0,16,0,0,0,0,0,0,0,0,0,0,0,0,0,0,0,0,0,0,0,17,0,1,0,0,1,2,0,4,1,0,2,0,0,0,16,28,28,0,4,1,3862,722,158,748,0,0,679,2,15,0,0,0,2
449,okhttp3.URLConnectionTest,4367,response307WithGet/0,64124,,0,2,1,0,1,0,0,0,0,0,0,0,0,0,0,0,0,0,0,0,0,0,0,0,3,0,0,0,0,0,1,0,0,0,0,0,0,0,0,6,2329,2329,0,0,0,10948,1,1,1,0,0,58,265,26503,0,0,0,2
449,okhttp3.URLConnectionTest,4430,doUpload/2[okhttp3.URLConnectionTest.TransferKind,64028,,0,449,8,0,2,0,0,0,0,0,0,0,0,0,0,0,0,0,0,0,0,0,0,0,14,0,449,0,0,0,0,1,4,4,0,1,1,1,0,0,0,2,38,0,4,7628,1,1,1,0,0,0,2,214,0,0,0,2
468,okhttp3.CallTest,10548,recoverWhenRetryOnConnectionFailureIsFalse_HTTP2/0,50329,,0,2,1,0,2,0,0,0,0,0,0,0,0,0,0,0,0,0,0,0,0,0,0,0,4,0,0,0,0,0,0,0,0,0,0,0,0,0,0,17,1090,1090,0,0,0,939,1,1,1,0,0,0,0,0,0,0,0,2
834,okhttp3.internal.ws.WebSocketHttpTest,10015,throwingOnClosingClosesImmediatelyAndFails/0,48769,,0,7,1,0,9,0,0,0,0,0,0,0,0,0,0,0,0,0,0,0,0,0,0,0,17,0,0,0,0,0,1,1,2,0,0,0,1,0,0,19,214,214,0,2,0,107,1,1,1,0,0,0,0,0,0,0,0,2
836,okhttp3.internal.http2.HttpOverHttp2Test,10069,connectionShutdownAfterHealthCheck/0,63310,,0,7,1,0,15,0,0,0,0,0,0,0,0,0,0,0,0,0,0,0,0,0,0,0,24,0,0,0,0,0,4,2,3,0,0,0,1,0,0,54,1360,1360,0,3,0,1300,5,3,243,0,0,1,1,8,0,0,0,2
449,okhttp3.URLConnectionTest,4245,redirectedFromHttpToHttpsFollowingProtocolRedirects/0,64115,,0,5,1,0,17,0,0,0,0,0,0,0,0,0,0,0,0,0,0,0,0,0,0,0,8,0,0,0,0,0,6,0,2,1,0,0,0,0,0,31,2115,2115,0,1,0,1521,367,70,315,0,0,28,1,23,0,0,0,2
449,okhttp3.URLConnectionTest,4309,getContentTypeConnects/0,64205,,0,4,1,0,11,0,0,0,0,0,0,0,0,0,0,0,0,0,0,0,0,0,0,0,6,0,0,0,0,0,4,0,1,0,0,0,0,0,0,13,2853,2853,0,1,0,1300,5,3,243,0,0,1,1,8,0,0,0,2
468,okhttp3.CallTest,4734,getClientRequestTimeout/0,64743,,0,4,1,0,13,0,0,0,0,0,0,0,0,0,0,0,0,0,0,0,0,0,0,0,7,0,0,0,0,0,6,1,2,0,0,0,0,0,0,13,1809,1809,0,2,0,11431,1074,133,243,0,0,654,1,12,0,0,0,2
468,okhttp3.CallTest,4735,redirect_Async/0,64809,,0,4,1,0,17,0,0,0,0,0,0,0,0,0,0,0,0,0,0,0,0,0,0,0,11,0,0,0,0,0,16,8,1,0,0,0,0,0,0,17,2128,2128,0,1,0,10704,557,242,2816,0,0,447,2,26,0,0,0,2
834,okhttp3.internal.ws.WebSocketHttpTest,9987,unplannedCloseHandledByCloseWithoutFailure/0,48776,,0,7,1,0,9,0,0,0,0,0,0,0,0,0,0,0,0,0,0,0,0,0,0,0,18,0,0,0,0,0,4,4,1,0,0,0,1,0,0,16,234,234,0,1,0,11431,1074,133,243,0,0,654,1,12,0,0,0,2
449,okhttp3.URLConnectionTest,4367,response307WithGet/0,64124,,0,2,1,0,1,0,0,0,0,0,0,0,0,0,0,0,0,0,0,0,0,0,0,0,3,0,0,0,0,0,1,0,0,0,0,0,0,0,0,6,2329,2329,0,0,0,12264,1068,259,2113,0,0,611,1,15,0,0,0,2
468,okhttp3.CallTest,4739,delete_HTTPS/0,50449,,0,2,1,0,2,0,0,0,0,0,0,0,0,0,0,0,0,0,0,0,0,0,0,0,4,0,0,0,0,0,0,0,0,0,0,0,0,0,0,9,502,502,0,0,0,12726,168,51,4704,0,0,11,1,2,0,0,0,2
