id_class,name_class,id_method,name_method,version_id,smell_name,has_smell,cbo,wmc,dit,rfc,lcom,total_methods,static_methods,public_methods,private_methods,protected_methods,default_methods,abstract_methods,final_methods,synchronized_methods,total_fields,static_fields,public_fields,private_fields,protected_fields,default_fields,final_fields,synchronized_fields,nosi,loc,return_qty,loop_qty,comparison_qty,try_catch_qty,parenthesized_exps_qty,string_literals_qty,numbers_qty,assignments_qty,math_operations_qty,variables_qty,max_nested_blocks,annonymous_classes_qty,sub_classes_qty,lambdas_qty,unique_words_qty,line,start_line,returns,variables,parameters,dev_id,number_commits,active_days,number_days,number_issues,number_pull_requests,number_tests,median_files,median_lines,number_followers,number_public_repositories,number_public_gists,severity
896,okhttp3.internal.http2.Http2ExchangeCodec,11020,readHttp2HeadersList/2[okhttp3.Headers,46924,Long Identifier,1,168,6,0,5,0,0,0,0,0,0,0,0,0,0,0,0,0,0,0,0,0,0,0,12,0,168,0,0,0,0,2,1,7,0,1,2,0,0,0,0,2,16,1,6,35,368,112,1586,0,0,666,2,12,0,0,0,3
896,okhttp3.internal.http2.Http2ExchangeCodec,11020,readHttp2HeadersList/2[okhttp3.Headers,46924,Long Identifier,1,168,6,0,5,0,0,0,0,0,0,0,0,0,0,0,0,0,0,0,0,0,0,0,12,0,168,0,0,0,0,2,1,7,0,1,2,0,0,0,0,2,16,1,6,107,1,1,1,0,0,0,0,0,0,0,0,3
896,okhttp3.internal.http2.Http2ExchangeCodec,11020,readHttp2HeadersList/2[okhttp3.Headers,46924,Long Identifier,1,168,6,0,5,0,0,0,0,0,0,0,0,0,0,0,0,0,0,0,0,0,0,0,12,0,168,0,0,0,0,2,1,7,0,1,2,0,0,0,0,2,16,1,6,365,11,5,15,0,0,0,2,16,0,0,0,3
896,okhttp3.internal.http2.Http2ExchangeCodec,11020,readHttp2HeadersList/2[okhttp3.Headers,46924,Long Identifier,1,168,6,0,5,0,0,0,0,0,0,0,0,0,0,0,0,0,0,0,0,0,0,0,12,0,168,0,0,0,0,2,1,7,0,1,2,0,0,0,0,2,16,1,6,460,391,161,1611,0,0,581,3,62,0,0,0,3
896,okhttp3.internal.http2.Http2ExchangeCodec,11020,readHttp2HeadersList/2[okhttp3.Headers,46924,Long Identifier,1,168,6,0,5,0,0,0,0,0,0,0,0,0,0,0,0,0,0,0,0,0,0,0,12,0,168,0,0,0,0,2,1,7,0,1,2,0,0,0,0,2,16,1,6,1300,5,3,243,0,0,1,1,8,0,0,0,3
896,okhttp3.internal.http2.Http2ExchangeCodec,11020,readHttp2HeadersList/2[okhttp3.Headers,46924,Long Identifier,1,168,6,0,5,0,0,0,0,0,0,0,0,0,0,0,0,0,0,0,0,0,0,0,12,0,168,0,0,0,0,2,1,7,0,1,2,0,0,0,0,2,16,1,6,1521,367,70,315,0,0,28,1,23,0,0,0,3
896,okhttp3.internal.http2.Http2ExchangeCodec,11020,readHttp2HeadersList/2[okhttp3.Headers,46924,Long Identifier,1,168,6,0,5,0,0,0,0,0,0,0,0,0,0,0,0,0,0,0,0,0,0,0,12,0,168,0,0,0,0,2,1,7,0,1,2,0,0,0,0,2,16,1,6,939,1,1,1,0,0,0,0,0,0,0,0,3
896,okhttp3.internal.http2.Http2ExchangeCodec,11020,readHttp2HeadersList/2[okhttp3.Headers,46924,Long Identifier,1,168,6,0,5,0,0,0,0,0,0,0,0,0,0,0,0,0,0,0,0,0,0,0,12,0,168,0,0,0,0,2,1,7,0,1,2,0,0,0,0,2,16,1,6,3862,722,158,748,0,0,679,2,15,0,0,0,3
20566,com.github.mikephil.charting.data.PieDataSet,168184,setAutomaticallyDisableSliceSpacing/1[boolean],882526,Long Identifier,1,0,1,0,0,0,0,0,0,0,0,0,0,0,0,0,0,0,0,0,0,0,0,0,3,0,0,0,0,0,0,0,1,0,0,0,0,0,0,21,89,89,0,0,1,3862,722,158,748,0,0,679,2,15,0,0,0,3
20690,com.github.mikephil.charting.data.LineScatterCandleRadarDataSet,168204,setDrawHorizontalHighlightIndicator/1[boolean],882594,Long Identifier,1,0,1,0,0,0,0,0,0,0,0,0,0,0,0,0,0,0,0,0,0,0,0,0,3,0,0,0,0,0,0,0,1,0,0,0,0,0,0,15,34,34,0,0,1,3862,722,158,748,0,0,679,2,15,0,0,0,3
20696,com.github.mikephil.charting.data.BarLineScatterCandleBubbleDataSet,168462,copy/1[com.github.mikephil.charting.data.BarLineScatterCandleBubbleDataSet],883662,Long Identifier,1,1,1,0,1,0,0,0,0,0,0,0,0,0,0,0,0,0,0,0,0,0,0,0,4,0,0,0,0,0,0,0,1,0,0,0,0,0,0,13,44,44,0,0,1,3862,722,158,748,0,0,679,2,15,0,0,0,3
896,okhttp3.internal.http2.Http2ExchangeCodec,11020,readHttp2HeadersList/2[okhttp3.Headers,46924,Long Identifier,1,168,6,0,5,0,0,0,0,0,0,0,0,0,0,0,0,0,0,0,0,0,0,0,12,0,168,0,0,0,0,2,1,7,0,1,2,0,0,0,0,2,16,1,6,5676,106,40,1012,0,0,0,1,14,0,0,0,3
896,okhttp3.internal.http2.Http2ExchangeCodec,11020,readHttp2HeadersList/2[okhttp3.Headers,46924,Long Identifier,1,168,6,0,5,0,0,0,0,0,0,0,0,0,0,0,0,0,0,0,0,0,0,0,12,0,168,0,0,0,0,2,1,7,0,1,2,0,0,0,0,2,16,1,6,5713,373,162,2010,0,0,57,1,14,0,0,0,3
896,okhttp3.internal.http2.Http2ExchangeCodec,11020,readHttp2HeadersList/2[okhttp3.Headers,46924,Long Identifier,1,168,6,0,5,0,0,0,0,0,0,0,0,0,0,0,0,0,0,0,0,0,0,0,12,0,168,0,0,0,0,2,1,7,0,1,2,0,0,0,0,2,16,1,6,7628,1,1,1,0,0,0,2,214,0,0,0,3
896,okhttp3.internal.http2.Http2ExchangeCodec,11020,readHttp2HeadersList/2[okhttp3.Headers,46924,Long Identifier,1,168,6,0,5,0,0,0,0,0,0,0,0,0,0,0,0,0,0,0,0,0,0,0,12,0,168,0,0,0,0,2,1,7,0,1,2,0,0,0,0,2,16,1,6,8955,2841,573,4338,0,0,4926,2,17,0,0,0,3
896,okhttp3.internal.http2.Http2ExchangeCodec,11020,readHttp2HeadersList/2[okhttp3.Headers,46924,Long Identifier,1,168,6,0,5,0,0,0,0,0,0,0,0,0,0,0,0,0,0,0,0,0,0,0,12,0,168,0,0,0,0,2,1,7,0,1,2,0,0,0,0,2,16,1,6,9695,25,18,296,0,0,120,1,2,0,0,0,3
896,okhttp3.internal.http2.Http2ExchangeCodec,11020,readHttp2HeadersList/2[okhttp3.Headers,46924,Long Identifier,1,168,6,0,5,0,0,0,0,0,0,0,0,0,0,0,0,0,0,0,0,0,0,0,12,0,168,0,0,0,0,2,1,7,0,1,2,0,0,0,0,2,16,1,6,10704,557,242,2816,0,0,447,2,26,0,0,0,3
896,okhttp3.internal.http2.Http2ExchangeCodec,11020,readHttp2HeadersList/2[okhttp3.Headers,46924,Long Identifier,1,168,6,0,5,0,0,0,0,0,0,0,0,0,0,0,0,0,0,0,0,0,0,0,12,0,168,0,0,0,0,2,1,7,0,1,2,0,0,0,0,2,16,1,6,10948,1,1,1,0,0,58,265,26503,0,0,0,3
896,okhttp3.internal.http2.Http2ExchangeCodec,11020,readHttp2HeadersList/2[okhttp3.Headers,46924,Long Identifier,1,168,6,0,5,0,0,0,0,0,0,0,0,0,0,0,0,0,0,0,0,0,0,0,12,0,168,0,0,0,0,2,1,7,0,1,2,0,0,0,0,2,16,1,6,11040,1183,280,1924,0,0,270,1,19,0,0,0,3
896,okhttp3.internal.http2.Http2ExchangeCodec,11020,readHttp2HeadersList/2[okhttp3.Headers,46924,Long Identifier,1,168,6,0,5,0,0,0,0,0,0,0,0,0,0,0,0,0,0,0,0,0,0,0,12,0,168,0,0,0,0,2,1,7,0,1,2,0,0,0,0,2,16,1,6,11431,1074,133,243,0,0,654,1,12,0,0,0,3
896,okhttp3.internal.http2.Http2ExchangeCodec,11020,readHttp2HeadersList/2[okhttp3.Headers,46924,Long Identifier,1,168,6,0,5,0,0,0,0,0,0,0,0,0,0,0,0,0,0,0,0,0,0,0,12,0,168,0,0,0,0,2,1,7,0,1,2,0,0,0,0,2,16,1,6,12264,1068,259,2113,0,0,611,1,15,0,0,0,3
896,okhttp3.internal.http2.Http2ExchangeCodec,11020,readHttp2HeadersList/2[okhttp3.Headers,46924,Long Identifier,1,168,6,0,5,0,0,0,0,0,0,0,0,0,0,0,0,0,0,0,0,0,0,0,12,0,168,0,0,0,0,2,1,7,0,1,2,0,0,0,0,2,16,1,6,12405,5,3,4,0,0,0,1,1,0,0,0,3
896,okhttp3.internal.http2.Http2ExchangeCodec,11020,readHttp2HeadersList/2[okhttp3.Headers,46924,Long Identifier,1,168,6,0,5,0,0,0,0,0,0,0,0,0,0,0,0,0,0,0,0,0,0,0,12,0,168,0,0,0,0,2,1,7,0,1,2,0,0,0,0,2,16,1,6,12726,168,51,4704,0,0,11,1,2,0,0,0,3
446,okhttp3.internal.OptionalMethodTest,4115,isSupported/0,13214,Long Identifier,1,5,1,0,3,0,0,0,0,0,0,0,0,0,0,0,0,0,0,0,0,0,0,0,41,0,0,0,0,0,0,0,3,0,0,1,0,0,0,13,106,106,0,3,0,5713,373,162,2010,0,0,57,1,14,0,0,0,1
3711,org.springframework.boot.test.context.SpringBootTestContextBootstrapper,28806,deduceWebApplicationType/0,247268,Long Identifier,1,1,6,0,1,0,0,0,0,0,0,0,0,0,0,0,0,0,0,0,0,0,0,0,11,0,1,0,0,0,0,0,0,0,0,2,0,0,0,21,195,195,3,0,0,365,11,5,15,0,0,0,2,16,0,0,0,1
354,okhttp3.recipes.RewriteResponseCacheControl,2694,run/0,11793,Long Identifier,1,10,6,1,16,1,3,1,3,0,0,0,0,0,0,2,1,0,2,0,0,2,0,0,52,0,1,0,0,1,7,5,8,4,0,7,2,1,0,0,0,0,0,0,0,12726,168,51,4704,0,0,11,1,2,0,0,0,1
706,okhttp3.internal.AndroidPlatform,7989,isCleartextTrafficPermitted/0,20873,Long Identifier,1,0,3,0,4,0,0,0,0,0,0,0,0,0,0,0,0,0,0,0,0,0,0,0,16,0,0,0,0,0,3,0,5,0,0,1,0,0,0,27,129,129,2,5,0,12405,5,3,4,0,0,0,1,1,0,0,0,1
354,okhttp3.recipes.RewriteResponseCacheControl,2694,run/0,11793,Long Identifier,1,10,6,1,16,1,3,1,3,0,0,0,0,0,0,2,1,0,2,0,0,2,0,0,52,0,1,0,0,1,7,5,8,4,0,7,2,1,0,0,0,0,0,0,0,5713,373,162,2010,0,0,57,1,14,0,0,0,1
3548,org.springframework.boot.cli.app.SpringApplicationLauncher,27826,getSpringApplicationClassName/0,246288,Long Identifier,1,1,3,0,2,0,0,0,0,0,0,0,0,0,0,0,0,0,0,0,0,0,0,0,10,0,0,0,0,0,2,0,3,0,0,1,0,0,0,25,72,72,1,1,0,10948,1,1,1,0,0,58,265,26503,0,0,0,1
896,okhttp3.internal.http2.Http2ExchangeCodec,11020,readHttp2HeadersList/2[okhttp3.Headers,46924,Long Identifier,1,22,28,1,41,18,13,2,13,0,0,0,0,0,0,16,10,0,16,0,0,14,0,0,163,0,2,0,0,0,13,3,33,2,0,32,2,0,0,0,0,0,0,0,0,12264,1068,259,2113,0,0,611,1,15,0,0,0,1
730,com.squareup.okhttp.recipes.CustomTrust,8364,trustedCertificatesInputStream/0,25129,Long Identifier,1,10,12,1,39,13,6,1,4,2,0,0,0,0,0,1,0,0,1,0,0,1,0,0,148,0,2,0,0,0,70,2,19,4,0,19,2,0,0,0,0,0,0,0,0,12264,1068,259,2113,0,0,611,1,15,0,0,0,1
2763,org.springframework.boot.autoconfigure.orm.jpa.HibernateJpaConfiguration,23509,HibernateJpaConfiguration/10[javax.sql.DataSource,241971,Long Identifier,1,0,0,0,0,0,0,0,0,0,0,0,0,0,0,0,0,0,0,0,0,0,0,0,0,0,102,0,0,3,7,0,0,10,0,102,0,0,0,0,0,0,0,0,0,365,11,5,15,0,0,0,2,16,0,0,0,1
18034,org.springframework.boot.system.ApplicationPidFileWriter,139922,failOnWriteError/1[org.springframework.boot.context.event.SpringApplicationEvent],696326,Long Identifier,1,2,2,0,2,0,0,0,0,0,0,0,0,0,0,0,0,0,0,0,0,0,0,0,4,0,0,0,0,1,0,0,1,0,0,0,0,0,0,13,164,164,1,1,1,3862,722,158,748,0,0,679,2,15,0,0,0,1
17714,org.springframework.boot.test.SpringBootMockServletContext,137660,getResourceLocation/1[java.lang.String],472109,Long Identifier,1,1,5,0,4,0,0,0,0,0,0,0,0,0,0,0,0,0,0,0,0,0,0,0,16,0,1,0,0,0,2,0,3,2,0,2,0,0,0,24,56,56,3,1,1,939,1,1,1,0,0,0,0,0,0,0,0,1
2865,org.springframework.boot.autoconfigure.data.redis.RedisReactiveAutoConfiguration,23923,reactiveRedisTemplate/2[ReactiveRedisConnectionFactory,242385,Long Identifier,1,53,11,0,1,0,0,0,0,0,0,0,0,0,0,0,0,0,0,0,0,0,0,0,7,0,53,0,0,0,0,1,0,2,0,0,0,0,0,0,0,2,5,1,2,35,368,112,1586,0,0,666,2,12,0,0,0,1
4145,org.springframework.boot.configurationprocessor.MetadataStore,31839,locateGradleResourcesFolder/1[java.io.File],250301,Long Identifier,1,0,2,0,5,0,0,0,0,0,0,0,0,0,0,0,0,0,0,0,0,0,0,0,10,0,0,0,0,0,0,2,4,1,0,1,0,0,0,28,135,135,1,4,1,35,368,112,1586,0,0,666,2,12,0,0,0,1
3914,org.springframework.boot.maven.RepackageMojo,29957,buildLaunchScriptProperties/0,248419,Long Identifier,1,1,2,0,6,0,0,0,0,0,0,0,0,0,0,0,0,0,0,0,0,0,0,0,10,0,0,0,0,0,3,0,1,0,0,1,0,0,0,9,300,300,1,1,0,8955,2841,573,4338,0,0,4926,2,17,0,0,0,1
960,com.squareup.okhttp.internal.http.Http2xStream,12323,spdy3HeadersList/1[com.squareup.okhttp.Request],83257,Long Identifier,1,9,6,0,20,0,0,0,0,0,0,0,0,0,0,0,0,0,0,0,0,0,0,0,27,0,2,0,0,0,1,3,9,1,0,3,0,0,0,43,159,159,1,9,1,10948,1,1,1,0,0,58,265,26503,0,0,0,1
2912,org.springframework.boot.autoconfigure.security.oauth2.client.ClientsConfiguredCondition,24044,getRegistrations/1[Environment],337387,Long Identifier,1,15,3,2,20,1,2,0,1,1,0,0,0,0,0,2,2,0,2,0,0,2,0,0,51,0,0,0,0,0,6,0,7,1,0,7,1,0,0,0,0,0,0,0,0,939,1,1,1,0,0,0,0,0,0,0,0,1
1625,org.springframework.boot.diagnostics.analyzer.ValidationExceptionFailureAnalyzer,16982,analyze/2[java.lang.Throwable,235444,Long Identifier,1,38,2,0,2,0,0,0,0,0,0,0,0,0,0,0,0,0,0,0,0,0,0,0,2,0,38,0,0,0,0,4,0,0,0,2,1,0,0,0,0,2,6,2,0,3862,722,158,748,0,0,679,2,15,0,0,0,1
446,okhttp3.internal.OptionalMethodTest,4115,isSupported/0,13214,Long Identifier,1,5,1,0,3,0,0,0,0,0,0,0,0,0,0,0,0,0,0,0,0,0,0,0,41,0,0,0,0,0,0,0,3,0,0,1,0,0,0,13,106,106,0,3,0,1300,5,3,243,0,0,1,1,8,0,0,0,1
1851,org.springframework.boot.EnvironmentConverter,18575,isWebEnvironment/2[ConfigurableEnvironment,237037,Long Identifier,1,81,1,0,2,0,0,0,0,0,0,0,0,0,0,0,0,0,0,0,0,0,0,0,2,0,81,0,0,1,1,0,0,1,0,0,1,0,0,0,0,2,9,2,1,107,1,1,1,0,0,0,0,0,0,0,0,1
698,okhttp3.internal.platform.OptionalMethodTest,7859,isSupported/0,19287,Long Identifier,1,5,1,0,3,0,0,0,0,0,0,0,0,0,0,0,0,0,0,0,0,0,0,0,41,0,0,0,0,0,0,0,3,0,0,1,0,0,0,13,106,106,0,3,0,1300,5,3,243,0,0,1,1,8,0,0,0,1
354,okhttp3.recipes.RewriteResponseCacheControl,2694,run/0,11793,Long Identifier,1,10,6,1,16,1,3,1,3,0,0,0,0,0,0,2,1,0,2,0,0,2,0,0,52,0,1,0,0,1,7,5,8,4,0,7,2,1,0,0,0,0,0,0,0,10948,1,1,1,0,0,58,265,26503,0,0,0,1
21358,com.google.common.util.concurrent.AbstractFutureFallbackAtomicHelperTest,177422,runTestMethod/1[java.lang.ClassLoader],1016944,Long Identifier,1,10,8,2,36,10,5,2,2,3,0,0,0,0,0,2,2,0,2,0,0,2,0,0,79,0,1,0,0,1,5,0,9,0,0,9,2,1,0,0,0,0,0,0,0,3862,722,158,748,0,0,679,2,15,0,0,0,1
2895,org.springframework.boot.autoconfigure.BackgroundPreinitializer,23996,onApplicationEvent/1[org.springframework.boot.context.event.SpringApplicationEvent],337328,Long Identifier,1,5,8,0,7,0,0,0,0,0,0,0,0,0,0,0,0,0,0,0,0,0,0,0,13,0,0,0,0,1,0,0,0,0,0,2,0,0,0,32,71,71,0,0,1,460,391,161,1611,0,0,581,3,62,0,0,0,1
468,okhttp3.CallTest,4718,canceledBeforeResponseReadSignalsOnFailure/0,50470,,0,10,1,0,13,0,0,0,0,0,0,0,0,0,0,0,0,0,0,0,0,0,0,0,14,0,0,0,0,0,5,0,2,0,0,0,1,0,0,21,2373,2373,0,2,0,1300,5,3,243,0,0,1,1,8,0,0,0,0
979,com.squareup.okhttp.internal.framed.FramedStream,12529,getRequestHeaders/0,115328,,0,1,1,0,0,0,0,0,0,0,0,0,0,0,0,0,0,0,0,0,0,0,0,0,3,0,0,0,0,0,0,0,0,0,0,0,0,0,0,4,128,128,1,0,0,1521,367,70,315,0,0,28,1,23,0,0,0,0
3226,org.springframework.boot.autoconfigure.cache.support.MockCachingProvider,25654,getCacheManager/3[java.net.URI,244116,,0,0,46,0,4,0,0,0,0,0,0,0,0,0,0,0,0,0,0,0,0,0,0,0,1,0,3,0,0,0,0,0,1,0,0,2,0,0,0,0,0,2,13,21,1,939,1,1,1,0,0,0,0,0,0,0,0,0
14408,org.elasticsearch.client.support.AbstractIndicesAdminClient,106420,deleteWarmer/1[org.elasticsearch.action.admin.indices.warmer.delete.DeleteWarmerRequest],649324,,0,4,1,0,1,0,0,0,0,0,0,0,0,0,0,0,0,0,0,0,0,0,0,0,3,0,0,0,0,0,0,0,0,0,0,0,0,0,0,6,726,726,1,0,1,1521,367,70,315,0,0,28,1,23,0,0,0,0
702,okhttp3.CipherSuiteTest,7926,hashCode_usesIdentityHashCode_regularCase/0,178121,,0,2,1,0,6,0,0,0,0,0,0,0,0,0,0,0,0,0,0,0,0,0,0,0,4,0,0,0,0,0,0,0,1,0,0,0,0,0,0,26,44,44,0,1,0,9695,25,18,296,0,0,120,1,2,0,0,0,0
43,butterknife.ButterKnife,1188,castView/3[View,9783,,0,18,52,1,26,305,26,19,21,3,1,0,2,0,0,4,4,0,2,0,0,3,0,0,241,0,5,0,0,2,32,7,29,11,0,24,2,4,3,0,0,0,0,0,0,939,1,1,1,0,0,0,0,0,0,0,0,0
456,okhttp3.RecordedResponse,4494,assertCode/1[int],19744,,0,2,1,0,2,0,0,0,0,0,0,0,0,0,0,0,0,0,0,0,0,0,0,0,4,0,0,0,0,0,0,0,0,0,0,0,0,0,0,6,64,64,1,0,1,11431,1074,133,243,0,0,654,1,12,0,0,0,0
327,okhttp3.AbstractResponseCache,2383,toUri/1[java.net.URL],21273,,0,0,2,0,1,0,0,0,0,0,0,0,0,0,0,0,0,0,0,0,0,0,0,0,8,0,0,0,0,0,0,0,0,0,0,1,0,0,0,13,39,39,1,0,1,1521,367,70,315,0,0,28,1,23,0,0,0,0
7265,org.springframework.test.AbstractTransactionalSpringContextTests,55429,onSetUpBeforeTransaction/0,711070,,0,0,1,0,0,0,0,0,0,0,0,0,0,0,0,0,0,0,0,0,0,0,0,0,2,0,0,0,0,0,0,0,0,0,0,0,0,0,0,38,223,223,0,0,0,365,11,5,15,0,0,0,2,16,0,0,0,0
458,okhttp3.DelegatingSSLSocket,4519,getLocalAddress/0,39961,,0,0,1,0,1,0,0,0,0,0,0,0,0,0,0,0,0,0,0,0,0,0,0,0,3,0,0,0,0,0,0,0,0,0,0,0,0,0,0,4,148,148,1,0,0,939,1,1,1,0,0,0,0,0,0,0,0,0
12740,test.mixin.DefaultLockable,93616,locked/0,414460,,0,0,1,0,0,0,0,0,0,0,0,0,0,0,0,0,0,0,0,0,0,0,0,0,3,0,0,0,0,0,0,0,0,0,0,0,0,0,0,1,40,40,1,0,0,365,11,5,15,0,0,0,2,16,0,0,0,0
331,okhttp3.internal.huc.ResponseCacheTest,2506,requestMinFresh/0,158695,,0,5,1,0,10,0,0,0,0,0,0,0,0,0,0,0,0,0,0,0,0,0,0,0,8,0,0,0,0,0,10,1,1,1,0,0,0,0,0,21,1012,1012,0,1,0,939,1,1,1,0,0,0,0,0,0,0,0,0
810,okhttp3.internal.cache2.Relay,9752,Relay/5[java.io.RandomAccessFile,41206,,0,0,0,0,0,0,0,0,0,0,0,0,0,0,0,0,0,0,0,0,0,0,0,0,107,0,0,0,0,107,0,1,0,0,0,0,0,6,0,0,0,8,2,1,0,35,368,112,1586,0,0,666,2,12,0,0,0,0
413,okhttp3.CertificatePinnerTest,9967,checkSubstringMatch/0,31709,,0,4,1,0,6,0,0,0,0,0,0,0,0,0,0,0,0,0,0,0,0,0,0,0,13,0,0,0,0,0,11,0,2,0,0,0,0,0,0,14,280,280,0,2,0,7628,1,1,1,0,0,0,2,214,0,0,0,0
702,okhttp3.CipherSuiteTest,7922,nullCipherName/0,49969,,0,2,2,0,2,0,0,0,0,0,0,0,0,0,0,0,0,0,0,0,0,0,0,0,8,0,0,0,0,0,1,0,0,0,0,1,0,0,0,11,29,29,0,0,0,8955,2841,573,4338,0,0,4926,2,17,0,0,0,0
429,okhttp3.internal.framed.Spdy3ConnectionTest,3785,clientCreatesStreamAndServerReplies/0,67759,,0,10,1,0,22,0,0,0,0,0,0,0,0,0,0,0,0,0,0,0,0,0,0,0,25,0,0,0,0,0,13,6,5,0,0,0,0,0,0,24,72,72,0,5,0,11431,1074,133,243,0,0,654,1,12,0,0,0,0
3706,org.springframework.boot.test.context.assertj.ApplicationContextAssertProvider,28793,getSourceApplicationContext/1[java.lang.Class<T>],247255,,0,1,1,0,0,0,0,0,0,0,0,0,0,0,0,0,0,0,0,0,0,0,0,0,1,0,0,0,0,0,0,0,0,0,0,-1,0,0,0,24,70,70,0,0,1,939,1,1,1,0,0,0,0,0,0,0,0,0
14454,org.elasticsearch.action.admin.indices.status.IndexStatus,107205,getStoreSize/0,652145,,0,2,5,0,2,0,0,0,0,0,0,0,0,0,0,0,0,0,0,0,0,0,0,0,15,0,1,0,0,0,0,4,3,0,0,3,0,0,0,21,97,97,2,1,0,107,1,1,1,0,0,0,0,0,0,0,0,0
640,com.squareup.okhttp.MultipartBuilderTest,7113,stringEscapingIsWeird/0,26749,,0,5,1,0,9,0,0,0,0,0,0,0,0,0,0,0,0,0,0,0,0,0,0,0,7,0,0,0,0,0,34,0,3,1,0,0,0,0,0,26,142,142,0,3,0,35,368,112,1586,0,0,666,2,12,0,0,0,0
6465,org.elasticsearch.index.query.TermsQueryBuilder,47770,disableCoord/1[boolean],488474,,0,1,1,0,0,0,0,0,0,0,0,0,0,0,0,0,0,0,0,0,0,0,0,0,4,0,0,0,0,0,0,0,1,0,0,0,0,0,0,13,134,134,1,0,1,1521,367,70,315,0,0,28,1,23,0,0,0,0
13274,org.springframework.beans.factory.config.SmartInstantiationAwareBeanPostProcessor,97593,determineCandidateConstructors/2[java.lang.Class<?>,316055,,0,49,0,0,1,0,0,0,0,0,0,0,0,0,0,0,0,0,0,0,0,0,0,0,0,0,49,0,0,0,0,0,0,0,0,0,-1,0,0,0,0,2,1,0,0,1521,367,70,315,0,0,28,1,23,0,0,0,0
3557,org.springframework.boot.cli.compiler.grape.RepositoryConfiguration,27885,getName/0,246347,,0,0,1,0,0,0,0,0,0,0,0,0,0,0,0,0,0,0,0,0,0,0,0,0,3,0,0,0,0,0,0,0,0,0,0,0,0,0,0,7,53,53,1,0,0,460,391,161,1611,0,0,581,3,62,0,0,0,0
449,okhttp3.URLConnectionTest,4246,flushAfterStreamTransmittedWithNoLengthHeaders/0,221316,,0,2,1,0,1,0,0,0,0,0,0,0,0,0,0,0,0,0,0,0,0,0,0,0,3,0,0,0,0,0,0,0,0,0,0,0,0,0,0,13,2715,2715,0,0,0,8955,2841,573,4338,0,0,4926,2,17,0,0,0,0
468,okhttp3.CallTest,4701,proxyAuthenticateOnConnect/0,50393,,0,14,1,0,28,0,0,0,0,0,0,0,0,0,0,0,0,0,0,0,0,0,0,0,19,0,0,0,0,0,13,1,6,0,0,0,0,0,0,32,2892,2892,0,5,0,12726,168,51,4704,0,0,11,1,2,0,0,0,2
20691,com.github.mikephil.charting.data.BaseDataSet,168253,isDrawIconsEnabled/0,882747,,0,0,1,0,0,0,0,0,0,0,0,0,0,0,0,0,0,0,0,0,0,0,0,0,3,0,0,0,0,0,0,0,0,0,0,0,0,0,0,5,429,429,1,0,0,3862,722,158,748,0,0,679,2,15,0,0,0,2
834,okhttp3.internal.ws.WebSocketHttpTest,10021,nullStringThrows/0,48770,,0,6,2,0,10,0,0,0,0,0,0,0,0,0,0,0,0,0,0,0,0,0,0,0,14,0,0,0,0,0,1,0,2,0,0,1,0,0,0,20,111,111,0,2,0,460,391,161,1611,0,0,581,3,62,0,0,0,2
836,okhttp3.internal.http2.HttpOverHttp2Test,10063,settingsLimitsMaxConcurrentStreams/0,63330,,0,6,1,0,14,0,0,0,0,0,0,0,0,0,0,0,0,0,0,0,0,0,0,0,24,0,0,0,0,0,11,5,9,0,0,0,0,0,0,37,1286,1286,0,9,0,12405,5,3,4,0,0,0,1,1,0,0,0,2
694,okhttp3.internal.connection.RouteSelectorTest,10305,failedRouteWithMultipleProxies/0,63752,,0,6,1,0,12,0,0,0,0,0,0,0,0,0,0,0,0,0,0,0,0,0,0,0,23,0,0,0,0,0,0,5,7,0,0,0,0,0,0,22,372,372,0,6,0,12264,1068,259,2113,0,0,611,1,15,0,0,0,2
423,okhttp3.internal.http.ExternalHttp2Example,3697,main/1[java.lang.String[]],63707,,0,4,2,0,16,0,0,0,0,0,0,0,0,0,0,0,0,0,0,0,0,0,0,0,17,0,1,0,0,1,2,0,4,1,0,2,0,0,0,16,28,28,0,4,1,10704,557,242,2816,0,0,447,2,26,0,0,0,2
468,okhttp3.CallTest,4823,suppressTlsFallbackClientSocketFactory/0,64828,,0,1,1,0,1,0,0,0,0,0,0,0,0,0,0,0,0,0,0,0,0,0,0,0,3,0,0,0,0,0,0,0,0,0,0,0,0,0,0,31,3902,3902,1,0,0,5676,106,40,1012,0,0,0,1,14,0,0,0,2
853,okhttp3.EventListenerTest,10482,successfulConnectionFound/0,64407,,0,7,1,0,13,0,0,0,0,0,0,0,0,0,0,0,0,0,0,0,0,0,0,0,10,0,0,0,0,0,1,1,3,0,0,0,0,0,0,15,778,778,0,3,0,10948,1,1,1,0,0,58,265,26503,0,0,0,2
853,okhttp3.EventListenerTest,10454,successfulHttpProxyConnect/0,64412,,0,8,1,0,21,0,0,0,0,0,0,0,0,0,0,0,0,0,0,0,0,0,0,0,18,0,0,0,0,0,1,2,7,0,0,0,0,0,0,23,566,566,0,6,0,365,11,5,15,0,0,0,2,16,0,0,0,2
449,okhttp3.URLConnectionTest,4183,readAscii/2[java.io.InputStream,64131,,0,1186,0,0,3,0,0,0,0,0,0,0,0,0,0,0,0,0,0,0,0,0,0,0,4,0,1186,0,0,0,0,0,2,3,0,0,2,0,0,0,0,2,12,1,3,1300,5,3,243,0,0,1,1,8,0,0,0,2
468,okhttp3.CallTest,4716,gzipResponseAfterAuthenticationChallenge/0,50406,,0,8,1,0,10,0,0,0,0,0,0,0,0,0,0,0,0,0,0,0,0,0,0,0,6,0,0,0,0,0,5,1,1,0,0,0,0,0,0,16,2493,2493,0,0,0,10948,1,1,1,0,0,58,265,26503,0,0,0,2
468,okhttp3.CallTest,10522,propfindRedirectsToPropfindAndMaintainsRequestBody/0,64760,,0,5,1,0,19,0,0,0,0,0,0,0,0,0,0,0,0,0,0,0,0,0,0,0,12,0,0,0,0,0,12,0,3,0,0,0,0,0,0,23,2014,2014,0,3,0,12405,5,3,4,0,0,0,1,1,0,0,0,2
20575,com.github.mikephil.charting.data.CombinedData,168398,removeEntry/2[float,883305,,0,259,0,0,1,0,0,0,0,0,0,0,0,0,0,0,0,0,0,0,0,0,0,0,1,0,259,0,0,0,0,2,0,0,0,0,0,0,0,0,0,2,4,1,0,3862,722,158,748,0,0,679,2,15,0,0,0,2
468,okhttp3.CallTest,4833,delete_HTTP_2/0,50443,,0,2,1,0,2,0,0,0,0,0,0,0,0,0,0,0,0,0,0,0,0,0,0,0,4,0,0,0,0,0,0,0,0,0,0,0,0,0,0,9,507,507,0,0,0,11431,1074,133,243,0,0,654,1,12,0,0,0,2
449,okhttp3.URLConnectionTest,4330,transparentGzipWorksAfterExceptionRecovery/0,64078,,0,3,1,0,13,0,0,0,0,0,0,0,0,0,0,0,0,0,0,0,0,0,0,0,9,0,0,0,0,0,7,3,0,0,0,0,0,0,0,27,1419,1419,0,0,0,460,391,161,1611,0,0,581,3,62,0,0,0,2
449,okhttp3.URLConnectionTest,4196,connectionCloseWithRedirect/0,64203,,0,4,1,0,14,0,0,0,0,0,0,0,0,0,0,0,0,0,0,0,0,0,0,0,8,0,0,0,0,0,6,2,1,0,0,0,0,0,0,24,2645,2645,0,1,0,1300,5,3,243,0,0,1,1,8,0,0,0,2
468,okhttp3.CallTest,10907,failedAuthenticatorReleasesConnection/0,50444,,0,10,1,0,14,0,0,0,0,0,0,0,0,0,0,0,0,0,0,0,0,0,0,0,10,0,0,0,0,0,1,2,2,0,0,0,0,0,1,16,3455,3455,0,1,0,12405,5,3,4,0,0,0,1,1,0,0,0,2
468,okhttp3.CallTest,4741,postRedirectsToGet/0,64874,,0,5,1,0,19,0,0,0,0,0,0,0,0,0,0,0,0,0,0,0,0,0,0,0,11,0,0,0,0,0,10,0,3,0,0,0,0,0,0,20,1788,1788,0,3,0,11431,1074,133,243,0,0,654,1,12,0,0,0,2
911,okhttp3.DuplexTest,11199,trueDuplexClientWritesFirst/0,62861,,0,9,1,0,24,0,0,0,0,0,0,0,0,0,0,0,0,0,0,0,0,0,0,0,21,0,0,0,0,1,13,0,5,0,0,1,0,0,0,25,74,74,0,5,0,939,1,1,1,0,0,0,0,0,0,0,0,2
20690,com.github.mikephil.charting.data.LineScatterCandleRadarDataSet,168207,isDashedHighlightLineEnabled/0,882605,,0,0,2,0,0,0,0,0,0,0,0,0,0,0,0,0,0,0,0,0,0,0,0,0,3,0,0,0,0,0,0,0,0,0,0,0,0,0,0,20,104,104,1,0,0,3862,722,158,748,0,0,679,2,15,0,0,0,2
836,okhttp3.internal.http2.HttpOverHttp2Test,10073,noRecoveryFromInternalErrorWithRetryDisabled/0,63299,,0,2,1,0,1,0,0,0,0,0,0,0,0,0,0,0,0,0,0,0,0,0,0,0,3,0,0,0,0,0,0,0,0,0,0,0,0,0,0,9,985,985,0,0,0,11431,1074,133,243,0,0,654,1,12,0,0,0,2
468,okhttp3.CallTest,4728,asyncCallEngineInitialized/0,50362,,0,9,1,0,12,0,0,0,0,0,0,0,0,0,0,0,0,0,0,0,0,0,0,0,10,0,0,0,0,0,1,0,3,0,0,0,0,0,1,23,940,940,0,3,0,11040,1183,280,1924,0,0,270,1,19,0,0,0,2
20566,com.github.mikephil.charting.data.PieDataSet,168194,setValueLineColor/1[int],882563,,0,0,1,0,0,0,0,0,0,0,0,0,0,0,0,0,0,0,0,0,0,0,0,0,3,0,0,0,0,0,0,0,1,0,0,0,0,0,0,5,157,157,0,0,1,3862,722,158,748,0,0,679,2,15,0,0,0,2
