id_class,name_class,id_method,name_method,version_id,smell_name,has_smell,cbo,wmc,dit,rfc,lcom,total_methods,static_methods,public_methods,private_methods,protected_methods,default_methods,abstract_methods,final_methods,synchronized_methods,total_fields,static_fields,public_fields,private_fields,protected_fields,default_fields,final_fields,synchronized_fields,nosi,loc,return_qty,loop_qty,comparison_qty,try_catch_qty,parenthesized_exps_qty,string_literals_qty,numbers_qty,assignments_qty,math_operations_qty,variables_qty,max_nested_blocks,annonymous_classes_qty,sub_classes_qty,lambdas_qty,unique_words_qty,line,start_line,returns,variables,parameters,dev_id,number_commits,active_days,number_days,number_issues,number_pull_requests,number_tests,median_files,median_lines,number_followers,number_public_repositories,number_public_gists,severity
447,okhttp3.RequestTest,4127,stringWithNonDefaultCharsetSpecified/0,13226,Magic Number,1,4,1,0,6,0,0,0,0,0,0,0,0,0,0,0,0,0,0,0,0,0,0,0,7,0,0,0,0,0,3,1,2,0,0,0,0,0,0,18,50,50,0,2,0,35,368,112,1586,0,0,666,2,12,0,0,0,3
535,com.squareup.okhttp.internal.spdy.Ping,5476,roundTripTime/2[long,14575,Magic Number,1,64,0,0,2,0,0,0,0,0,0,0,0,0,0,0,0,0,0,0,0,0,0,0,1,0,64,0,0,0,0,0,1,0,0,1,1,0,0,0,0,2,8,2,0,35,368,112,1586,0,0,666,2,12,0,0,0,3
896,okhttp3.internal.http2.Http2ExchangeCodec,11020,readHttp2HeadersList/2[okhttp3.Headers,46924,Magic Number,1,168,6,0,5,0,0,0,0,0,0,0,0,0,0,0,0,0,0,0,0,0,0,0,12,0,168,0,0,0,0,2,1,7,0,1,2,0,0,0,0,2,16,1,6,35,368,112,1586,0,0,666,2,12,0,0,0,3
447,okhttp3.RequestTest,4127,stringWithNonDefaultCharsetSpecified/0,13226,Magic Number,1,4,1,0,6,0,0,0,0,0,0,0,0,0,0,0,0,0,0,0,0,0,0,0,7,0,0,0,0,0,3,1,2,0,0,0,0,0,0,18,50,50,0,2,0,107,1,1,1,0,0,0,0,0,0,0,0,3
535,com.squareup.okhttp.internal.spdy.Ping,5476,roundTripTime/2[long,14575,Magic Number,1,64,0,0,2,0,0,0,0,0,0,0,0,0,0,0,0,0,0,0,0,0,0,0,1,0,64,0,0,0,0,0,1,0,0,1,1,0,0,0,0,2,8,2,0,107,1,1,1,0,0,0,0,0,0,0,0,3
896,okhttp3.internal.http2.Http2ExchangeCodec,11020,readHttp2HeadersList/2[okhttp3.Headers,46924,Magic Number,1,168,6,0,5,0,0,0,0,0,0,0,0,0,0,0,0,0,0,0,0,0,0,0,12,0,168,0,0,0,0,2,1,7,0,1,2,0,0,0,0,2,16,1,6,107,1,1,1,0,0,0,0,0,0,0,0,3
3981,org.springframework.boot.loader.archive.ExplodedArchiveTests,30463,copy/2[java.io.InputStream,248925,Magic Number,1,93,1,0,2,0,0,0,0,0,0,0,0,0,0,0,0,0,0,0,0,0,0,0,2,0,93,0,0,0,0,0,3,3,0,0,1,0,0,0,0,2,8,0,2,35,368,112,1586,0,0,666,2,12,0,0,0,3
3981,org.springframework.boot.loader.archive.ExplodedArchiveTests,30463,copy/2[java.io.InputStream,248925,Magic Number,1,93,1,0,2,0,0,0,0,0,0,0,0,0,0,0,0,0,0,0,0,0,0,0,2,0,93,0,0,0,0,0,3,3,0,0,1,0,0,0,0,2,8,0,2,107,1,1,1,0,0,0,0,0,0,0,0,3
447,okhttp3.RequestTest,4127,stringWithNonDefaultCharsetSpecified/0,13226,Magic Number,1,4,1,0,6,0,0,0,0,0,0,0,0,0,0,0,0,0,0,0,0,0,0,0,7,0,0,0,0,0,3,1,2,0,0,0,0,0,0,18,50,50,0,2,0,365,11,5,15,0,0,0,2,16,0,0,0,3
535,com.squareup.okhttp.internal.spdy.Ping,5476,roundTripTime/2[long,14575,Magic Number,1,64,0,0,2,0,0,0,0,0,0,0,0,0,0,0,0,0,0,0,0,0,0,0,1,0,64,0,0,0,0,0,1,0,0,1,1,0,0,0,0,2,8,2,0,365,11,5,15,0,0,0,2,16,0,0,0,3
896,okhttp3.internal.http2.Http2ExchangeCodec,11020,readHttp2HeadersList/2[okhttp3.Headers,46924,Magic Number,1,168,6,0,5,0,0,0,0,0,0,0,0,0,0,0,0,0,0,0,0,0,0,0,12,0,168,0,0,0,0,2,1,7,0,1,2,0,0,0,0,2,16,1,6,365,11,5,15,0,0,0,2,16,0,0,0,3
447,okhttp3.RequestTest,4127,stringWithNonDefaultCharsetSpecified/0,13226,Magic Number,1,4,1,0,6,0,0,0,0,0,0,0,0,0,0,0,0,0,0,0,0,0,0,0,7,0,0,0,0,0,3,1,2,0,0,0,0,0,0,18,50,50,0,2,0,460,391,161,1611,0,0,581,3,62,0,0,0,3
535,com.squareup.okhttp.internal.spdy.Ping,5476,roundTripTime/2[long,14575,Magic Number,1,64,0,0,2,0,0,0,0,0,0,0,0,0,0,0,0,0,0,0,0,0,0,0,1,0,64,0,0,0,0,0,1,0,0,1,1,0,0,0,0,2,8,2,0,460,391,161,1611,0,0,581,3,62,0,0,0,3
896,okhttp3.internal.http2.Http2ExchangeCodec,11020,readHttp2HeadersList/2[okhttp3.Headers,46924,Magic Number,1,168,6,0,5,0,0,0,0,0,0,0,0,0,0,0,0,0,0,0,0,0,0,0,12,0,168,0,0,0,0,2,1,7,0,1,2,0,0,0,0,2,16,1,6,460,391,161,1611,0,0,581,3,62,0,0,0,3
3981,org.springframework.boot.loader.archive.ExplodedArchiveTests,30463,copy/2[java.io.InputStream,248925,Magic Number,1,93,1,0,2,0,0,0,0,0,0,0,0,0,0,0,0,0,0,0,0,0,0,0,2,0,93,0,0,0,0,0,3,3,0,0,1,0,0,0,0,2,8,0,2,365,11,5,15,0,0,0,2,16,0,0,0,3
3981,org.springframework.boot.loader.archive.ExplodedArchiveTests,30463,copy/2[java.io.InputStream,248925,Magic Number,1,93,1,0,2,0,0,0,0,0,0,0,0,0,0,0,0,0,0,0,0,0,0,0,2,0,93,0,0,0,0,0,3,3,0,0,1,0,0,0,0,2,8,0,2,460,391,161,1611,0,0,581,3,62,0,0,0,3
447,okhttp3.RequestTest,4127,stringWithNonDefaultCharsetSpecified/0,13226,Magic Number,1,4,1,0,6,0,0,0,0,0,0,0,0,0,0,0,0,0,0,0,0,0,0,0,7,0,0,0,0,0,3,1,2,0,0,0,0,0,0,18,50,50,0,2,0,939,1,1,1,0,0,0,0,0,0,0,0,3
535,com.squareup.okhttp.internal.spdy.Ping,5476,roundTripTime/2[long,14575,Magic Number,1,64,0,0,2,0,0,0,0,0,0,0,0,0,0,0,0,0,0,0,0,0,0,0,1,0,64,0,0,0,0,0,1,0,0,1,1,0,0,0,0,2,8,2,0,939,1,1,1,0,0,0,0,0,0,0,0,3
447,okhttp3.RequestTest,4127,stringWithNonDefaultCharsetSpecified/0,13226,Magic Number,1,4,1,0,6,0,0,0,0,0,0,0,0,0,0,0,0,0,0,0,0,0,0,0,7,0,0,0,0,0,3,1,2,0,0,0,0,0,0,18,50,50,0,2,0,1300,5,3,243,0,0,1,1,8,0,0,0,3
535,com.squareup.okhttp.internal.spdy.Ping,5476,roundTripTime/2[long,14575,Magic Number,1,64,0,0,2,0,0,0,0,0,0,0,0,0,0,0,0,0,0,0,0,0,0,0,1,0,64,0,0,0,0,0,1,0,0,1,1,0,0,0,0,2,8,2,0,1300,5,3,243,0,0,1,1,8,0,0,0,3
896,okhttp3.internal.http2.Http2ExchangeCodec,11020,readHttp2HeadersList/2[okhttp3.Headers,46924,Magic Number,1,168,6,0,5,0,0,0,0,0,0,0,0,0,0,0,0,0,0,0,0,0,0,0,12,0,168,0,0,0,0,2,1,7,0,1,2,0,0,0,0,2,16,1,6,1300,5,3,243,0,0,1,1,8,0,0,0,3
447,okhttp3.RequestTest,4127,stringWithNonDefaultCharsetSpecified/0,13226,Magic Number,1,4,1,0,6,0,0,0,0,0,0,0,0,0,0,0,0,0,0,0,0,0,0,0,7,0,0,0,0,0,3,1,2,0,0,0,0,0,0,18,50,50,0,2,0,1521,367,70,315,0,0,28,1,23,0,0,0,3
535,com.squareup.okhttp.internal.spdy.Ping,5476,roundTripTime/2[long,14575,Magic Number,1,64,0,0,2,0,0,0,0,0,0,0,0,0,0,0,0,0,0,0,0,0,0,0,1,0,64,0,0,0,0,0,1,0,0,1,1,0,0,0,0,2,8,2,0,1521,367,70,315,0,0,28,1,23,0,0,0,3
896,okhttp3.internal.http2.Http2ExchangeCodec,11020,readHttp2HeadersList/2[okhttp3.Headers,46924,Magic Number,1,168,6,0,5,0,0,0,0,0,0,0,0,0,0,0,0,0,0,0,0,0,0,0,12,0,168,0,0,0,0,2,1,7,0,1,2,0,0,0,0,2,16,1,6,1521,367,70,315,0,0,28,1,23,0,0,0,3
3981,org.springframework.boot.loader.archive.ExplodedArchiveTests,30463,copy/2[java.io.InputStream,248925,Magic Number,1,93,1,0,2,0,0,0,0,0,0,0,0,0,0,0,0,0,0,0,0,0,0,0,2,0,93,0,0,0,0,0,3,3,0,0,1,0,0,0,0,2,8,0,2,1300,5,3,243,0,0,1,1,8,0,0,0,3
3981,org.springframework.boot.loader.archive.ExplodedArchiveTests,30463,copy/2[java.io.InputStream,248925,Magic Number,1,93,1,0,2,0,0,0,0,0,0,0,0,0,0,0,0,0,0,0,0,0,0,0,2,0,93,0,0,0,0,0,3,3,0,0,1,0,0,0,0,2,8,0,2,1521,367,70,315,0,0,28,1,23,0,0,0,3
896,okhttp3.internal.http2.Http2ExchangeCodec,11020,readHttp2HeadersList/2[okhttp3.Headers,46924,Magic Number,1,168,6,0,5,0,0,0,0,0,0,0,0,0,0,0,0,0,0,0,0,0,0,0,12,0,168,0,0,0,0,2,1,7,0,1,2,0,0,0,0,2,16,1,6,939,1,1,1,0,0,0,0,0,0,0,0,3
896,okhttp3.internal.http2.Http2ExchangeCodec,11020,readHttp2HeadersList/2[okhttp3.Headers,46924,Magic Number,1,168,6,0,5,0,0,0,0,0,0,0,0,0,0,0,0,0,0,0,0,0,0,0,12,0,168,0,0,0,0,2,1,7,0,1,2,0,0,0,0,2,16,1,6,3862,722,158,748,0,0,679,2,15,0,0,0,3
3981,org.springframework.boot.loader.archive.ExplodedArchiveTests,30463,copy/2[java.io.InputStream,248925,Magic Number,1,93,1,0,2,0,0,0,0,0,0,0,0,0,0,0,0,0,0,0,0,0,0,0,2,0,93,0,0,0,0,0,3,3,0,0,1,0,0,0,0,2,8,0,2,3862,722,158,748,0,0,679,2,15,0,0,0,3
20690,com.github.mikephil.charting.data.LineScatterCandleRadarDataSet,168201,LineScatterCandleRadarDataSet/2[java.util.List<T>,882587,Magic Number,1,25,2,0,1,0,0,0,0,0,0,0,0,0,0,0,0,0,0,0,0,0,0,0,1,0,25,0,0,0,0,0,1,1,0,0,0,0,0,0,0,2,4,0,0,3862,722,158,748,0,0,679,2,15,0,0,0,3
20691,com.github.mikephil.charting.data.BaseDataSet,168217,copy/1[com.github.mikephil.charting.data.BaseDataSet],882637,Magic Number,1,1,1,0,0,0,0,0,0,0,0,0,0,0,0,0,0,0,0,0,0,0,0,0,19,0,0,0,0,0,0,0,17,0,0,0,0,0,0,27,528,528,0,0,1,3862,722,158,748,0,0,679,2,15,0,0,0,3
21098,com.google.common.cache.CacheLoaderTest,172905,testAsyncReload/0,1012427,Magic Number,1,4,1,0,8,0,0,0,0,0,0,0,0,0,0,0,0,0,0,0,0,0,0,0,41,0,0,0,0,0,2,12,8,0,0,0,1,0,0,28,51,51,0,8,0,3862,722,158,748,0,0,679,2,15,0,0,0,3
3981,org.springframework.boot.loader.archive.ExplodedArchiveTests,30463,copy/2[java.io.InputStream,248925,Magic Number,1,93,1,0,2,0,0,0,0,0,0,0,0,0,0,0,0,0,0,0,0,0,0,0,2,0,93,0,0,0,0,0,3,3,0,0,1,0,0,0,0,2,8,0,2,939,1,1,1,0,0,0,0,0,0,0,0,3
447,okhttp3.RequestTest,4127,stringWithNonDefaultCharsetSpecified/0,13226,Magic Number,1,4,1,0,6,0,0,0,0,0,0,0,0,0,0,0,0,0,0,0,0,0,0,0,7,0,0,0,0,0,3,1,2,0,0,0,0,0,0,18,50,50,0,2,0,5676,106,40,1012,0,0,0,1,14,0,0,0,3
535,com.squareup.okhttp.internal.spdy.Ping,5476,roundTripTime/2[long,14575,Magic Number,1,64,0,0,2,0,0,0,0,0,0,0,0,0,0,0,0,0,0,0,0,0,0,0,1,0,64,0,0,0,0,0,1,0,0,1,1,0,0,0,0,2,8,2,0,5676,106,40,1012,0,0,0,1,14,0,0,0,3
447,okhttp3.RequestTest,4127,stringWithNonDefaultCharsetSpecified/0,13226,Magic Number,1,4,1,0,6,0,0,0,0,0,0,0,0,0,0,0,0,0,0,0,0,0,0,0,7,0,0,0,0,0,3,1,2,0,0,0,0,0,0,18,50,50,0,2,0,5713,373,162,2010,0,0,57,1,14,0,0,0,3
535,com.squareup.okhttp.internal.spdy.Ping,5476,roundTripTime/2[long,14575,Magic Number,1,64,0,0,2,0,0,0,0,0,0,0,0,0,0,0,0,0,0,0,0,0,0,0,1,0,64,0,0,0,0,0,1,0,0,1,1,0,0,0,0,2,8,2,0,5713,373,162,2010,0,0,57,1,14,0,0,0,3
896,okhttp3.internal.http2.Http2ExchangeCodec,11020,readHttp2HeadersList/2[okhttp3.Headers,46924,Magic Number,1,168,6,0,5,0,0,0,0,0,0,0,0,0,0,0,0,0,0,0,0,0,0,0,12,0,168,0,0,0,0,2,1,7,0,1,2,0,0,0,0,2,16,1,6,5676,106,40,1012,0,0,0,1,14,0,0,0,3
896,okhttp3.internal.http2.Http2ExchangeCodec,11020,readHttp2HeadersList/2[okhttp3.Headers,46924,Magic Number,1,168,6,0,5,0,0,0,0,0,0,0,0,0,0,0,0,0,0,0,0,0,0,0,12,0,168,0,0,0,0,2,1,7,0,1,2,0,0,0,0,2,16,1,6,5713,373,162,2010,0,0,57,1,14,0,0,0,3
447,okhttp3.RequestTest,4127,stringWithNonDefaultCharsetSpecified/0,13226,Magic Number,1,4,1,0,6,0,0,0,0,0,0,0,0,0,0,0,0,0,0,0,0,0,0,0,7,0,0,0,0,0,3,1,2,0,0,0,0,0,0,18,50,50,0,2,0,7628,1,1,1,0,0,0,2,214,0,0,0,3
896,okhttp3.internal.http2.Http2ExchangeCodec,11020,readHttp2HeadersList/2[okhttp3.Headers,46924,Magic Number,1,168,6,0,5,0,0,0,0,0,0,0,0,0,0,0,0,0,0,0,0,0,0,0,12,0,168,0,0,0,0,2,1,7,0,1,2,0,0,0,0,2,16,1,6,7628,1,1,1,0,0,0,2,214,0,0,0,3
447,okhttp3.RequestTest,4127,stringWithNonDefaultCharsetSpecified/0,13226,Magic Number,1,4,1,0,6,0,0,0,0,0,0,0,0,0,0,0,0,0,0,0,0,0,0,0,7,0,0,0,0,0,3,1,2,0,0,0,0,0,0,18,50,50,0,2,0,8955,2841,573,4338,0,0,4926,2,17,0,0,0,3
535,com.squareup.okhttp.internal.spdy.Ping,5476,roundTripTime/2[long,14575,Magic Number,1,64,0,0,2,0,0,0,0,0,0,0,0,0,0,0,0,0,0,0,0,0,0,0,1,0,64,0,0,0,0,0,1,0,0,1,1,0,0,0,0,2,8,2,0,8955,2841,573,4338,0,0,4926,2,17,0,0,0,3
896,okhttp3.internal.http2.Http2ExchangeCodec,11020,readHttp2HeadersList/2[okhttp3.Headers,46924,Magic Number,1,168,6,0,5,0,0,0,0,0,0,0,0,0,0,0,0,0,0,0,0,0,0,0,12,0,168,0,0,0,0,2,1,7,0,1,2,0,0,0,0,2,16,1,6,8955,2841,573,4338,0,0,4926,2,17,0,0,0,3
3981,org.springframework.boot.loader.archive.ExplodedArchiveTests,30463,copy/2[java.io.InputStream,248925,Magic Number,1,93,1,0,2,0,0,0,0,0,0,0,0,0,0,0,0,0,0,0,0,0,0,0,2,0,93,0,0,0,0,0,3,3,0,0,1,0,0,0,0,2,8,0,2,8955,2841,573,4338,0,0,4926,2,17,0,0,0,3
447,okhttp3.RequestTest,4127,stringWithNonDefaultCharsetSpecified/0,13226,Magic Number,1,4,1,0,6,0,0,0,0,0,0,0,0,0,0,0,0,0,0,0,0,0,0,0,7,0,0,0,0,0,3,1,2,0,0,0,0,0,0,18,50,50,0,2,0,9695,25,18,296,0,0,120,1,2,0,0,0,3
896,okhttp3.internal.http2.Http2ExchangeCodec,11020,readHttp2HeadersList/2[okhttp3.Headers,46924,Magic Number,1,168,6,0,5,0,0,0,0,0,0,0,0,0,0,0,0,0,0,0,0,0,0,0,12,0,168,0,0,0,0,2,1,7,0,1,2,0,0,0,0,2,16,1,6,9695,25,18,296,0,0,120,1,2,0,0,0,3
3981,org.springframework.boot.loader.archive.ExplodedArchiveTests,30463,copy/2[java.io.InputStream,248925,Magic Number,1,93,1,0,2,0,0,0,0,0,0,0,0,0,0,0,0,0,0,0,0,0,0,0,2,0,93,0,0,0,0,0,3,3,0,0,1,0,0,0,0,2,8,0,2,9695,25,18,296,0,0,120,1,2,0,0,0,3
447,okhttp3.RequestTest,4127,stringWithNonDefaultCharsetSpecified/0,13226,Magic Number,1,4,1,0,6,0,0,0,0,0,0,0,0,0,0,0,0,0,0,0,0,0,0,0,7,0,0,0,0,0,3,1,2,0,0,0,0,0,0,18,50,50,0,2,0,10704,557,242,2816,0,0,447,2,26,0,0,0,3
535,com.squareup.okhttp.internal.spdy.Ping,5476,roundTripTime/2[long,14575,Magic Number,1,64,0,0,2,0,0,0,0,0,0,0,0,0,0,0,0,0,0,0,0,0,0,0,1,0,64,0,0,0,0,0,1,0,0,1,1,0,0,0,0,2,8,2,0,10704,557,242,2816,0,0,447,2,26,0,0,0,3
896,okhttp3.internal.http2.Http2ExchangeCodec,11020,readHttp2HeadersList/2[okhttp3.Headers,46924,Magic Number,1,168,6,0,5,0,0,0,0,0,0,0,0,0,0,0,0,0,0,0,0,0,0,0,12,0,168,0,0,0,0,2,1,7,0,1,2,0,0,0,0,2,16,1,6,10704,557,242,2816,0,0,447,2,26,0,0,0,3
447,okhttp3.RequestTest,4127,stringWithNonDefaultCharsetSpecified/0,13226,Magic Number,1,4,1,0,6,0,0,0,0,0,0,0,0,0,0,0,0,0,0,0,0,0,0,0,7,0,0,0,0,0,3,1,2,0,0,0,0,0,0,18,50,50,0,2,0,10948,1,1,1,0,0,58,265,26503,0,0,0,3
896,okhttp3.internal.http2.Http2ExchangeCodec,11020,readHttp2HeadersList/2[okhttp3.Headers,46924,Magic Number,1,168,6,0,5,0,0,0,0,0,0,0,0,0,0,0,0,0,0,0,0,0,0,0,12,0,168,0,0,0,0,2,1,7,0,1,2,0,0,0,0,2,16,1,6,10948,1,1,1,0,0,58,265,26503,0,0,0,3
447,okhttp3.RequestTest,4127,stringWithNonDefaultCharsetSpecified/0,13226,Magic Number,1,4,1,0,6,0,0,0,0,0,0,0,0,0,0,0,0,0,0,0,0,0,0,0,7,0,0,0,0,0,3,1,2,0,0,0,0,0,0,18,50,50,0,2,0,11040,1183,280,1924,0,0,270,1,19,0,0,0,3
535,com.squareup.okhttp.internal.spdy.Ping,5476,roundTripTime/2[long,14575,Magic Number,1,64,0,0,2,0,0,0,0,0,0,0,0,0,0,0,0,0,0,0,0,0,0,0,1,0,64,0,0,0,0,0,1,0,0,1,1,0,0,0,0,2,8,2,0,11040,1183,280,1924,0,0,270,1,19,0,0,0,3
447,okhttp3.RequestTest,4127,stringWithNonDefaultCharsetSpecified/0,13226,Magic Number,1,4,1,0,6,0,0,0,0,0,0,0,0,0,0,0,0,0,0,0,0,0,0,0,7,0,0,0,0,0,3,1,2,0,0,0,0,0,0,18,50,50,0,2,0,11431,1074,133,243,0,0,654,1,12,0,0,0,3
535,com.squareup.okhttp.internal.spdy.Ping,5476,roundTripTime/2[long,14575,Magic Number,1,64,0,0,2,0,0,0,0,0,0,0,0,0,0,0,0,0,0,0,0,0,0,0,1,0,64,0,0,0,0,0,1,0,0,1,1,0,0,0,0,2,8,2,0,11431,1074,133,243,0,0,654,1,12,0,0,0,3
896,okhttp3.internal.http2.Http2ExchangeCodec,11020,readHttp2HeadersList/2[okhttp3.Headers,46924,Magic Number,1,168,6,0,5,0,0,0,0,0,0,0,0,0,0,0,0,0,0,0,0,0,0,0,12,0,168,0,0,0,0,2,1,7,0,1,2,0,0,0,0,2,16,1,6,11040,1183,280,1924,0,0,270,1,19,0,0,0,3
896,okhttp3.internal.http2.Http2ExchangeCodec,11020,readHttp2HeadersList/2[okhttp3.Headers,46924,Magic Number,1,168,6,0,5,0,0,0,0,0,0,0,0,0,0,0,0,0,0,0,0,0,0,0,12,0,168,0,0,0,0,2,1,7,0,1,2,0,0,0,0,2,16,1,6,11431,1074,133,243,0,0,654,1,12,0,0,0,3
3981,org.springframework.boot.loader.archive.ExplodedArchiveTests,30463,copy/2[java.io.InputStream,248925,Magic Number,1,93,1,0,2,0,0,0,0,0,0,0,0,0,0,0,0,0,0,0,0,0,0,0,2,0,93,0,0,0,0,0,3,3,0,0,1,0,0,0,0,2,8,0,2,10948,1,1,1,0,0,58,265,26503,0,0,0,3
447,okhttp3.RequestTest,4127,stringWithNonDefaultCharsetSpecified/0,13226,Magic Number,1,4,1,0,6,0,0,0,0,0,0,0,0,0,0,0,0,0,0,0,0,0,0,0,7,0,0,0,0,0,3,1,2,0,0,0,0,0,0,18,50,50,0,2,0,12264,1068,259,2113,0,0,611,1,15,0,0,0,3
535,com.squareup.okhttp.internal.spdy.Ping,5476,roundTripTime/2[long,14575,Magic Number,1,64,0,0,2,0,0,0,0,0,0,0,0,0,0,0,0,0,0,0,0,0,0,0,1,0,64,0,0,0,0,0,1,0,0,1,1,0,0,0,0,2,8,2,0,12264,1068,259,2113,0,0,611,1,15,0,0,0,3
896,okhttp3.internal.http2.Http2ExchangeCodec,11020,readHttp2HeadersList/2[okhttp3.Headers,46924,Magic Number,1,168,6,0,5,0,0,0,0,0,0,0,0,0,0,0,0,0,0,0,0,0,0,0,12,0,168,0,0,0,0,2,1,7,0,1,2,0,0,0,0,2,16,1,6,12264,1068,259,2113,0,0,611,1,15,0,0,0,3
447,okhttp3.RequestTest,4127,stringWithNonDefaultCharsetSpecified/0,13226,Magic Number,1,4,1,0,6,0,0,0,0,0,0,0,0,0,0,0,0,0,0,0,0,0,0,0,7,0,0,0,0,0,3,1,2,0,0,0,0,0,0,18,50,50,0,2,0,12405,5,3,4,0,0,0,1,1,0,0,0,3
535,com.squareup.okhttp.internal.spdy.Ping,5476,roundTripTime/2[long,14575,Magic Number,1,64,0,0,2,0,0,0,0,0,0,0,0,0,0,0,0,0,0,0,0,0,0,0,1,0,64,0,0,0,0,0,1,0,0,1,1,0,0,0,0,2,8,2,0,12405,5,3,4,0,0,0,1,1,0,0,0,3
896,okhttp3.internal.http2.Http2ExchangeCodec,11020,readHttp2HeadersList/2[okhttp3.Headers,46924,Magic Number,1,168,6,0,5,0,0,0,0,0,0,0,0,0,0,0,0,0,0,0,0,0,0,0,12,0,168,0,0,0,0,2,1,7,0,1,2,0,0,0,0,2,16,1,6,12405,5,3,4,0,0,0,1,1,0,0,0,3
447,okhttp3.RequestTest,4127,stringWithNonDefaultCharsetSpecified/0,13226,Magic Number,1,4,1,0,6,0,0,0,0,0,0,0,0,0,0,0,0,0,0,0,0,0,0,0,7,0,0,0,0,0,3,1,2,0,0,0,0,0,0,18,50,50,0,2,0,12726,168,51,4704,0,0,11,1,2,0,0,0,3
535,com.squareup.okhttp.internal.spdy.Ping,5476,roundTripTime/2[long,14575,Magic Number,1,64,0,0,2,0,0,0,0,0,0,0,0,0,0,0,0,0,0,0,0,0,0,0,1,0,64,0,0,0,0,0,1,0,0,1,1,0,0,0,0,2,8,2,0,12726,168,51,4704,0,0,11,1,2,0,0,0,3
896,okhttp3.internal.http2.Http2ExchangeCodec,11020,readHttp2HeadersList/2[okhttp3.Headers,46924,Magic Number,1,168,6,0,5,0,0,0,0,0,0,0,0,0,0,0,0,0,0,0,0,0,0,0,12,0,168,0,0,0,0,2,1,7,0,1,2,0,0,0,0,2,16,1,6,12726,168,51,4704,0,0,11,1,2,0,0,0,3
579,com.squareup.okhttp.recipes.CacheResponse,5774,CacheResponse/1[java.io.File],14873,Magic Number,1,8,5,1,13,1,3,1,3,0,0,0,0,0,0,1,0,0,1,0,0,1,0,0,37,0,0,0,0,0,11,3,8,10,0,8,0,0,0,0,0,0,0,0,0,1300,5,3,243,0,0,1,1,8,0,0,0,1
2045,org.springframework.boot.jta.narayana.NarayanaXADataSourceWrapperTests,20068,wrapWithCredentials/0,238530,Magic Number,1,6,2,1,14,0,2,0,2,0,0,0,0,0,0,4,0,0,4,0,0,0,0,0,38,0,0,0,0,0,2,6,6,0,0,6,0,0,0,0,0,0,0,0,0,939,1,1,1,0,0,0,0,0,0,0,0,1
1491,org.springframework.boot.actuate.health.DefaultHealthIndicatorRegistryTests,16266,registerAlreadyUsedName/0,234728,Magic Number,1,2,1,0,3,0,0,0,0,0,0,0,0,0,0,0,0,0,0,0,0,0,0,0,6,0,0,0,0,0,3,0,0,0,0,0,0,0,0,7,66,66,0,0,0,3862,722,158,748,0,0,679,2,15,0,0,0,1
1416,org.springframework.boot.actuate.elasticsearch.ElasticsearchHealthIndicatorTests,15747,setUp/0,234209,Magic Number,1,2,1,0,5,0,0,0,0,0,0,0,0,0,0,0,0,0,0,0,0,0,0,0,6,0,0,0,0,0,0,1,1,0,0,0,0,0,0,6,66,66,0,0,0,35,368,112,1586,0,0,666,2,12,0,0,0,1
3848,org.springframework.boot.test.mock.mockito.example.SimpleExampleIntegerGenericService,29493,greeting/0,247955,Magic Number,1,1,1,1,0,0,1,0,1,0,0,0,0,0,0,0,0,0,0,0,0,0,0,0,8,0,0,0,0,0,0,1,0,0,0,0,0,0,0,0,0,0,0,0,0,35,368,112,1586,0,0,666,2,12,0,0,0,1
778,com.squareup.okhttp.internal.BitArrayTest,9192,hpackUseCase/0,28262,Magic Number,1,3,3,0,6,0,0,0,0,0,0,0,0,0,0,0,0,0,0,0,0,0,0,0,22,0,1,0,0,1,0,12,3,0,0,1,0,0,0,22,30,30,0,2,0,939,1,1,1,0,0,0,0,0,0,0,0,1
1044,com.squareup.okhttp.internal.spdy.Http20Draft09,13823,newReader/2[com.squareup.okhttp.internal.okio.BufferedSource,126711,Magic Number,1,59,3,0,1,0,0,0,0,0,0,0,0,0,0,0,0,0,0,0,0,0,0,0,0,0,59,0,0,0,0,0,1,0,0,0,0,0,0,0,0,2,3,1,0,5713,373,162,2010,0,0,57,1,14,0,0,0,1
4362,org.springframework.boot.devtools.tunnel.client.TunnelClientTests,32985,listenPortMustNotBeNegative/0,251447,Magic Number,1,2,1,0,2,0,0,0,0,0,0,0,0,0,0,0,0,0,0,0,0,0,0,0,5,0,0,0,0,0,1,1,0,0,0,0,0,0,0,15,50,50,0,0,0,3862,722,158,748,0,0,679,2,15,0,0,0,1
1491,org.springframework.boot.actuate.health.DefaultHealthIndicatorRegistryTests,16266,registerAlreadyUsedName/0,234728,Magic Number,1,2,1,0,3,0,0,0,0,0,0,0,0,0,0,0,0,0,0,0,0,0,0,0,6,0,0,0,0,0,3,0,0,0,0,0,0,0,0,7,66,66,0,0,0,5713,373,162,2010,0,0,57,1,14,0,0,0,1
3197,org.springframework.boot.autoconfigure.context.MessageSourceAutoConfigurationTests,25432,testCacheDurationNoUnit/0,243894,Magic Number,1,3,1,0,3,0,0,0,0,0,0,0,0,0,0,0,0,0,0,0,0,0,0,0,3,0,0,0,0,0,2,2,0,1,0,0,0,0,0,7,88,88,0,0,0,10704,557,242,2816,0,0,447,2,26,0,0,0,1
588,com.squareup.okhttp.guide.GetExample,11876,readFully/1[java.io.InputStream],51672,Magic Number,1,1,2,0,3,0,0,0,0,0,0,0,0,0,0,0,0,0,0,0,0,0,0,0,8,0,1,0,0,1,0,3,3,0,0,1,0,0,0,14,31,31,1,3,1,939,1,1,1,0,0,0,0,0,0,0,0,1
117,com.example.butterknife.functional.OnClickTest,495,multipleBindings/0,1006,Magic Number,1,6,1,0,8,0,0,0,0,0,0,0,0,0,0,0,0,0,0,0,0,0,0,0,13,0,0,0,0,0,2,5,4,0,0,0,0,0,0,15,59,59,0,4,0,1521,367,70,315,0,0,28,1,23,0,0,0,1
3695,org.springframework.boot.cli.command.install.GroovyGrabDependencyResolverTests,28705,resolveArtifactWithDependencies/0,247167,Magic Number,1,3,1,0,6,0,0,0,0,0,0,0,0,0,0,0,0,0,0,0,0,0,0,0,5,0,0,0,0,0,3,1,1,0,0,0,0,0,0,12,102,102,0,1,0,9695,25,18,296,0,0,120,1,2,0,0,0,1
3838,org.springframework.boot.test.mock.mockito.MockBeanWithGenericsOnTestFieldForNewBeanIntegrationTests,29467,testMocking/0,247929,Magic Number,1,8,1,1,7,0,1,0,1,0,0,0,0,0,0,3,0,0,3,0,0,0,0,0,30,0,0,0,0,0,2,1,0,0,0,3,0,0,1,0,0,0,0,0,0,1521,367,70,315,0,0,28,1,23,0,0,0,1
506,com.squareup.okhttp.internal.http.HttpEngine,5224,sendRequest/0,14323,Magic Number,1,13,17,0,28,0,0,0,0,0,0,0,0,0,0,0,0,0,0,0,0,0,0,0,57,0,0,0,0,0,3,2,15,1,0,4,0,0,0,76,210,210,1,5,0,12405,5,3,4,0,0,0,1,1,0,0,0,1
269,okhttp3.internal.framed.FramedConnection,1811,FramedConnection/1[okhttp3.internal.framed.FramedConnection.Builder],10910,Magic Number,1,7,8,0,7,0,0,0,0,0,0,0,0,0,0,0,0,0,0,0,0,0,0,0,33,0,0,0,0,0,1,12,16,0,0,1,0,0,0,50,130,130,0,0,1,7678,4381,907,2061,0,0,2825,1,13,0,0,0,1
3466,org.springframework.boot.autoconfigure.jms.artemis.ArtemisEmbeddedConfigurationFactoryTests,27250,generatedClusterPassword/0,245712,Magic Number,1,4,1,0,5,0,0,0,0,0,0,0,0,0,0,0,0,0,0,0,0,0,0,0,5,0,0,0,0,0,0,1,2,0,0,0,0,0,0,12,61,61,0,2,0,10948,1,1,1,0,0,58,265,26503,0,0,0,1
606,com.squareup.okhttp.CacheTest,6296,responseCachingByResponseCode/0,15395,Magic Number,1,2,5,0,1,0,0,0,0,0,0,0,0,0,0,0,0,0,0,0,0,0,0,0,29,0,4,0,0,0,0,23,4,0,0,1,0,0,0,21,105,105,0,4,0,1521,367,70,315,0,0,28,1,23,0,0,0,1
3980,org.springframework.boot.loader.data.RandomAccessDataFileTests,30460,readWithOffsetAndLengthShouldRead/0,248922,Magic Number,1,3,1,0,3,0,0,0,0,0,0,0,0,0,0,0,0,0,0,0,0,0,0,0,4,0,0,0,0,0,0,5,1,0,0,0,0,0,0,10,101,101,0,1,0,460,391,161,1611,0,0,581,3,62,0,0,0,1
14109,org.springframework.boot.dependency.tools.PropertiesFileDependencies,103669,parse/1[java.lang.String],327629,Magic Number,1,1,2,0,1,0,0,0,0,0,0,0,0,0,0,0,0,0,0,0,0,0,0,0,7,0,0,0,0,0,2,3,1,1,0,1,0,0,0,11,65,65,1,1,1,939,1,1,1,0,0,0,0,0,0,0,0,1
1484,org.springframework.boot.actuate.health.CompositeHealthIndicatorTests,16236,createWithIndicators/0,234698,Magic Number,1,10,3,1,16,0,3,0,3,0,0,0,0,0,0,3,0,0,3,0,0,0,0,0,58,0,0,0,0,0,19,1,9,1,0,11,0,0,0,0,0,0,0,0,0,10948,1,1,1,0,0,58,265,26503,0,0,0,1
2585,org.springframework.boot.test.autoconfigure.restdocs.RestDocsTestExecutionListener,23050,getOrder/0,241512,Magic Number,1,0,1,0,0,0,0,0,0,0,0,0,0,0,0,0,0,0,0,0,0,0,0,0,3,0,0,0,0,0,0,1,0,1,0,0,0,0,0,2,39,39,1,0,0,107,1,1,1,0,0,0,0,0,0,0,0,1
1425,org.springframework.boot.actuate.endpoint.invoker.cache.CachingOperationInvokerTests,15811,assertCacheIsUsed/1[java.util.Map<java.lang.String,234273,Magic Number,1,69,4,0,1,0,0,0,0,0,0,0,0,0,0,0,0,0,0,0,0,0,0,0,11,0,69,0,0,0,0,0,2,6,0,0,0,0,0,0,0,1,13,0,6,8955,2841,573,4338,0,0,4926,2,17,0,0,0,1
19423,org.springframework.boot.actuate.web.trace.reactive.ServerWebExchangeTraceableRequestTests,153577,getUnresolvedRemoteAddress/0,622197,Magic Number,1,2,1,0,7,0,0,0,0,0,0,0,0,0,0,0,0,0,0,0,0,0,0,0,6,0,0,0,0,0,1,1,2,0,0,0,0,0,0,16,78,78,0,2,0,1521,367,70,315,0,0,28,1,23,0,0,0,1
648,com.squareup.okhttp.OkHttpClientTest,7207,mock/0,16306,Magic Number,1,7,1,0,10,0,0,0,0,0,0,0,0,0,0,0,0,0,0,0,0,0,0,0,21,0,0,0,0,0,2,1,4,0,0,0,2,0,0,24,156,156,0,4,0,939,1,1,1,0,0,0,0,0,0,0,0,1
688,okhttp3.internal.huc.StreamedRequestBody,7653,writeTo/1[BufferedSink],18235,Magic Number,1,2,2,0,4,0,0,0,0,0,0,0,0,0,0,0,0,0,0,0,0,0,0,0,6,0,1,0,0,0,0,2,1,0,0,1,0,0,0,12,36,36,0,1,1,107,1,1,1,0,0,0,0,0,0,0,0,1
2437,org.springframework.boot.actuate.autoconfigure.metrics.PropertiesMeterFilterTests,22346,configureWhenHasPercentilesShouldSetPercentilesToValue/0,240808,Magic Number,1,3,1,0,6,0,0,0,0,0,0,0,0,0,0,0,0,0,0,0,0,0,0,0,4,0,0,0,0,0,2,3,1,0,0,0,0,0,0,16,197,197,0,1,0,107,1,1,1,0,0,0,0,0,0,0,0,1
452,okhttp3.DispatcherTest,4460,setUp/0,13559,Magic Number,1,2,1,0,2,0,0,0,0,0,0,0,0,0,0,0,0,0,0,0,0,0,0,0,4,0,0,0,0,0,0,2,0,0,0,0,0,0,0,3,31,31,0,0,0,10948,1,1,1,0,0,58,265,26503,0,0,0,1
1493,org.springframework.boot.actuate.health.CompositeReactiveHealthIndicatorTests,16275,longHealth/0,234737,Magic Number,1,8,5,1,15,0,4,0,4,0,0,0,0,0,0,3,2,0,3,0,0,2,0,0,87,0,1,0,0,0,8,11,11,1,0,11,1,0,1,6,0,0,0,0,0,10704,557,242,2816,0,0,447,2,26,0,0,0,1
454,okhttp3.FormBodyTest,4475,urlEncoding/0,13574,Magic Number,1,5,1,0,14,0,0,0,0,0,0,0,0,0,0,0,0,0,0,0,0,0,0,0,22,0,0,0,0,0,20,13,3,0,0,0,0,0,0,14,25,25,0,3,0,10948,1,1,1,0,0,58,265,26503,0,0,0,1
995,com.squareup.okhttp.internal.framed.Http2Test,12772,unknownFrameTypeSkipped/0,85279,Magic Number,1,4,1,0,4,0,0,0,0,0,0,0,0,0,0,0,0,0,0,0,0,0,0,0,8,0,0,0,0,0,0,3,0,0,0,0,0,0,0,15,47,47,0,0,0,10704,557,242,2816,0,0,447,2,26,0,0,0,1
739,com.squareup.okhttp.internal.ws.WebSocketWriter,8411,WebSocketWriter/3[boolean,25229,Magic Number,1,0,64,0,2,0,0,0,0,0,0,0,0,0,0,0,0,0,0,0,0,0,0,0,5,0,3,0,0,2,0,0,2,2,0,5,0,0,0,0,0,0,0,9,0,8955,2841,573,4338,0,0,4926,2,17,0,0,0,1
752,com.squareup.okhttp.UrlComponentEncodingTester,8598,testParseAlreadyEncoded/3[int,25810,Magic Number,1,0,213,0,3,0,0,0,0,0,0,0,0,0,0,0,0,0,0,0,0,0,0,0,2,0,3,0,0,0,0,0,1,0,0,3,0,1,0,0,0,3,7,8,0,939,1,1,1,0,0,0,0,0,0,0,0,1
793,okhttp3.internal.http2.Http2Codec,9517,readHttp2HeadersList/1[java.util.List<okhttp3.internal.http2.Header>],29559,Magic Number,1,6,8,0,12,0,0,0,0,0,0,0,0,0,0,0,0,0,0,0,0,0,0,0,24,0,1,0,0,0,2,1,10,1,0,3,0,0,0,40,155,155,1,7,1,11040,1183,280,1924,0,0,270,1,19,0,0,0,1
59,butterknife.BindFontTest,218,typeMustBeTypeface/0,219,Magic Number,1,2,1,0,9,0,0,0,0,0,0,0,0,0,0,0,0,0,0,0,0,0,0,0,4,0,0,0,0,0,8,1,1,1,0,0,0,0,0,21,227,227,0,1,0,365,11,5,15,0,0,0,2,16,0,0,0,1
21205,com.google.common.collect.CollectionBenchmarkSampleData,174896,CollectionBenchmarkSampleData/1[int],1014418,Magic Number,1,1,1,0,0,0,0,0,0,0,0,0,0,0,0,0,0,0,0,0,0,0,0,0,3,0,0,0,0,0,0,1,0,0,0,0,0,0,0,7,40,40,0,0,1,3862,722,158,748,0,0,679,2,15,0,0,0,1
2172,org.springframework.boot.webservices.client.HttpWebServiceMessageSenderBuilderSimpleIntegrationTests,21292,buildWithCustomTimeouts/0,239754,Magic Number,1,5,1,0,8,0,0,0,0,0,0,0,0,0,0,0,0,0,0,0,0,0,0,0,6,0,0,0,0,0,2,4,2,0,0,0,0,0,0,17,53,53,0,2,0,939,1,1,1,0,0,0,0,0,0,0,0,1
13784,org.springframework.boot.logging.logback.LevelRemappingAppenderTests,101680,customRemaps/0,320436,Magic Number,1,3,1,0,12,0,0,0,0,0,0,0,0,0,0,0,0,0,0,0,0,0,0,0,8,0,0,0,0,0,1,3,0,0,0,0,0,0,0,9,80,80,0,0,0,107,1,1,1,0,0,0,0,0,0,0,0,1
241,okhttp3.internal.DiskLruCache,1564,create/5[okhttp3.internal.io.FileSystem,10663,Magic Number,1,0,0,0,0,0,0,0,0,0,0,0,0,0,0,0,0,0,0,0,0,0,0,0,242,0,1,0,0,242,0,0,0,0,0,3,5,1,0,1,0,10,3,3,1,1521,367,70,315,0,0,28,1,23,0,0,0,1
2173,org.springframework.boot.info.BuildPropertiesTests,21295,basicInfo/0,514871,Magic Number,1,4,1,0,10,0,0,0,0,0,0,0,0,0,0,0,0,0,0,0,0,0,0,0,9,0,0,0,0,0,9,1,1,0,0,0,0,0,0,10,33,33,0,1,0,939,1,1,1,0,0,0,0,0,0,0,0,1
866,okhttp3.internal.sse.ServerSentEventIteratorTest,10689,retry/0,37553,Magic Number,1,3,1,0,3,0,0,0,0,0,0,0,0,0,0,0,0,0,0,0,0,0,0,0,5,0,0,0,0,0,8,1,0,1,0,0,0,0,0,10,162,162,0,0,0,11431,1074,133,243,0,0,654,1,12,0,0,0,1
953,com.squareup.okhttp.internal.spdy.Http20Draft16FrameLoggerTest,11985,exampleStream/0,62021,Magic Number,1,2,1,0,2,0,0,0,0,0,0,0,0,0,0,0,0,0,0,0,0,0,0,0,11,0,0,0,0,0,9,18,0,0,0,0,0,0,0,26,41,41,0,0,0,8955,2841,573,4338,0,0,4926,2,17,0,0,0,1
3465,org.springframework.boot.autoconfigure.jms.artemis.ArtemisAutoConfigurationTests,27232,connectionFactoryCachingCanBeCustomized/0,245694,Magic Number,1,3,1,0,3,0,0,0,0,0,0,0,0,0,0,0,0,0,0,0,0,0,0,0,11,0,0,0,0,0,3,0,0,0,0,0,0,0,1,14,94,94,0,0,0,3862,722,158,748,0,0,679,2,15,0,0,0,1
62,butterknife.BindIntTest,228,typeMustBeInt/0,229,Magic Number,1,2,1,0,9,0,0,0,0,0,0,0,0,0,0,0,0,0,0,0,0,0,0,0,4,0,0,0,0,0,8,1,1,1,0,0,0,0,0,21,64,64,0,1,0,12726,168,51,4704,0,0,11,1,2,0,0,0,1
18044,org.springframework.boot.context.properties.ConfigurationPropertiesBinderTests,140019,bindSimpleProperties/0,511707,Magic Number,1,3,1,0,5,0,0,0,0,0,0,0,0,0,0,0,0,0,0,0,0,0,0,0,8,0,0,0,0,0,3,1,2,0,0,0,0,0,0,11,57,57,0,2,0,939,1,1,1,0,0,0,0,0,0,0,0,1
4750,samples.websocket.jetty.snake.SnakeWebSocketHandler,34134,getRandomHexColor/0,252596,Magic Number,1,0,1,0,6,0,0,0,0,0,0,0,0,0,0,0,0,0,0,0,0,0,0,0,7,0,0,0,0,2,0,7,4,3,0,0,0,0,0,11,39,39,1,4,0,9695,25,18,296,0,0,120,1,2,0,0,0,1
13728,org.springframework.boot.bind.RelaxedNames,101129,apply/1[java.lang.String],470788,Magic Number,1,0,1,0,0,0,0,0,0,0,0,0,0,0,0,0,0,0,0,0,0,0,0,0,1,0,0,0,0,0,0,0,0,0,0,-1,0,0,0,2,172,172,0,0,1,9695,25,18,296,0,0,120,1,2,0,0,0,1
960,com.squareup.okhttp.internal.http.Http2xStream,12323,spdy3HeadersList/1[com.squareup.okhttp.Request],83257,Magic Number,1,9,6,0,20,0,0,0,0,0,0,0,0,0,0,0,0,0,0,0,0,0,0,0,27,0,2,0,0,0,1,3,9,1,0,3,0,0,0,43,159,159,1,9,1,460,391,161,1611,0,0,581,3,62,0,0,0,1
3198,org.springframework.boot.autoconfigure.AutoConfigurationImportSelectorTests,25449,testSeveralPropertyExclusionsAreApplied/0,243911,Magic Number,1,6,1,0,10,0,0,0,0,0,0,0,0,0,0,0,0,0,0,0,0,0,0,0,5,0,0,0,0,0,0,1,1,1,0,0,0,0,0,16,153,153,0,1,0,35,368,112,1586,0,0,666,2,12,0,0,0,1
3384,org.springframework.boot.autoconfigure.web.embedded.NettyWebServerFactoryCustomizerTests,154461,setConnectionTimeout/0,633965,Magic Number,1,4,1,0,5,0,0,0,0,0,0,0,0,0,0,0,0,0,0,0,0,0,0,0,6,0,0,0,0,0,0,2,1,0,0,0,0,0,0,12,112,112,0,1,0,35,368,112,1586,0,0,666,2,12,0,0,0,1
160,butterknife.MethodExample,994,doOtherStuff/0,2779,Magic Number,1,2,1,0,0,0,0,0,0,0,0,0,0,0,0,0,0,0,0,0,0,0,0,0,2,0,0,0,0,0,0,1,0,0,0,0,0,0,0,3,18,18,0,0,0,1300,5,3,243,0,0,1,1,8,0,0,0,1
4318,org.springframework.boot.devtools.restart.server.HttpRestartServerTests,32660,sendClassLoaderFiles/0,251122,Magic Number,1,10,1,0,13,0,0,0,0,0,0,0,0,0,0,0,0,0,0,0,0,0,0,0,12,0,0,0,0,0,2,2,4,0,0,0,0,0,0,20,83,83,0,4,0,365,11,5,15,0,0,0,2,16,0,0,0,1
729,com.squareup.okhttp.recipes.LoggingInterceptors,8361,LoggingInterceptors/0,25126,Magic Number,1,8,3,1,11,1,3,1,3,0,0,0,0,0,0,2,1,0,2,0,0,2,0,0,36,0,0,0,0,0,1,0,4,0,0,4,0,1,0,0,0,0,0,0,0,10704,557,242,2816,0,0,447,2,26,0,0,0,1
1433,org.springframework.boot.actuate.endpoint.web.PathMappedEndpointsTests,15866,iteratorShouldReturnPathMappedEndpoints/0,234328,Magic Number,1,3,1,0,5,0,0,0,0,0,0,0,0,0,0,0,0,0,0,0,0,0,0,0,5,0,0,0,0,0,3,1,1,0,0,0,0,0,0,12,60,60,0,1,0,1521,367,70,315,0,0,28,1,23,0,0,0,1
3734,org.springframework.boot.test.mock.mockito.MockitoTestExecutionListener,28971,getOrder/0,247433,Magic Number,1,0,1,0,0,0,0,0,0,0,0,0,0,0,0,0,0,0,0,0,0,0,0,0,3,0,0,0,0,0,0,1,0,0,0,0,0,0,0,2,47,47,1,0,0,939,1,1,1,0,0,0,0,0,0,0,0,1
3468,org.springframework.boot.autoconfigure.jooq.JooqExceptionTranslatorTests,27263,parameters/0,245725,Magic Number,1,11,5,1,16,0,5,3,3,2,0,0,0,0,0,3,0,0,3,0,0,3,0,0,57,0,0,0,0,0,7,4,6,0,0,6,0,0,0,0,0,0,0,0,0,3862,722,158,748,0,0,679,2,15,0,0,0,1
4610,sample.kafka.SampleKafkaApplicationTests,33768,testVanillaExchange/0,252230,Magic Number,1,2,2,0,6,0,0,0,0,0,0,0,0,0,0,0,0,0,0,0,0,0,0,0,7,0,1,0,0,0,2,2,1,1,0,1,0,0,0,8,45,45,0,1,0,35,368,112,1586,0,0,666,2,12,0,0,0,1
48,butterknife.BindFloatTest,149,typeMustBeFloat/0,150,Magic Number,1,2,1,0,9,0,0,0,0,0,0,0,0,0,0,0,0,0,0,0,0,0,0,0,4,0,0,0,0,0,8,1,1,1,0,0,0,0,0,21,63,63,0,1,0,365,11,5,15,0,0,0,2,16,0,0,0,1
4341,org.springframework.boot.devtools.livereload.ConnectionOutputStreamTests,32837,writeHeaders/0,251299,Magic Number,1,3,3,1,11,3,3,0,3,0,0,0,0,0,0,0,0,0,0,0,0,0,0,0,43,0,0,0,0,0,14,5,16,0,0,9,0,0,0,0,0,0,0,0,0,939,1,1,1,0,0,0,0,0,0,0,0,1
4388,org.springframework.boot.devtools.tests.DevToolsIntegrationTests,33157,awaitServerPort/0,251619,Magic Number,1,16,12,1,24,23,10,1,8,2,0,0,0,0,0,4,0,1,3,0,0,2,0,0,149,0,1,0,0,0,42,3,13,19,0,13,2,0,1,0,0,0,0,0,0,35,368,112,1586,0,0,666,2,12,0,0,0,1
782,com.squareup.okhttp.internal.spdy.HpackDraft07Test,9227,largeHeaderValue/0,28676,Magic Number,1,6,1,0,8,0,0,0,0,0,0,0,0,0,0,0,0,0,0,0,0,0,0,0,11,0,0,0,0,0,1,2,2,0,0,0,0,0,0,39,51,51,0,2,0,1521,367,70,315,0,0,28,1,23,0,0,0,1
2039,org.springframework.boot.jta.narayana.NarayanaConfigurationBeanTests,20037,shouldSetDefaultProperties/0,238499,Magic Number,1,8,1,0,19,0,0,0,0,0,0,0,0,0,0,0,0,0,0,0,0,0,0,0,20,0,0,0,0,0,11,3,5,0,0,0,0,0,0,19,52,52,0,5,0,939,1,1,1,0,0,0,0,0,0,0,0,1
1377,org.springframework.boot.actuate.redis.RedisHealthIndicatorTests,15560,redisClusterIsUp/0,234022,Magic Number,1,9,1,0,16,0,0,0,0,0,0,0,0,0,0,0,0,0,0,0,0,0,0,0,19,0,0,0,0,0,11,5,6,0,0,0,0,0,0,24,81,81,0,6,0,939,1,1,1,0,0,0,0,0,0,0,0,1
630,com.squareup.okhttp.internal.spdy.Spdy3ConnectionTest,6974,clientCreatesStreamAndServerReplies/0,16073,Magic Number,1,10,1,0,22,0,0,0,0,0,0,0,0,0,0,0,0,0,0,0,0,0,0,0,25,0,0,0,0,0,13,6,5,0,0,0,0,0,0,24,63,63,0,5,0,12264,1068,259,2113,0,0,611,1,15,0,0,0,1
851,okhttp3.internal.cache2.FileOperatorTest,10354,largeRead/0,32409,Magic Number,1,14,16,1,23,0,13,0,10,3,0,0,0,0,0,3,0,1,2,0,0,1,0,0,148,0,0,0,0,0,23,64,27,1,0,27,1,0,0,0,0,0,0,0,0,365,11,5,15,0,0,0,2,16,0,0,0,1
853,okhttp3.EventListenerTest,10450,successfulCallEventSequenceForEnqueue/0,32925,Magic Number,1,8,1,0,11,0,0,0,0,0,0,0,0,0,0,0,0,0,0,0,0,0,0,0,19,0,0,0,0,0,16,1,4,0,0,0,1,0,0,26,123,123,0,4,0,1300,5,3,243,0,0,1,1,8,0,0,0,1
480,com.squareup.okhttp.mockwebserver.MockWebServerTest,4964,testExpect100ContinueWithBody/0,14063,Magic Number,1,3,1,0,19,0,0,0,0,0,0,0,0,0,0,0,0,0,0,0,0,0,0,0,19,0,0,0,0,0,11,2,3,0,0,0,0,0,0,52,114,114,0,3,0,12726,168,51,4704,0,0,11,1,2,0,0,0,1
2169,org.springframework.boot.webservices.client.WebServiceTemplateBuilderTests,21262,additionalMessageSendersShouldKeepDetectedHttpMessageSender/0,239724,Magic Number,1,3,1,0,6,0,0,0,0,0,0,0,0,0,0,0,0,0,0,0,0,0,0,0,5,0,0,0,0,0,0,1,1,0,0,0,0,0,0,14,157,157,0,1,0,939,1,1,1,0,0,0,0,0,0,0,0,1
762,com.squareup.okhttp.internal.spdy.Http2Test,8861,unknownFrameTypeSkipped/0,26603,Magic Number,1,4,1,0,4,0,0,0,0,0,0,0,0,0,0,0,0,0,0,0,0,0,0,0,8,0,0,0,0,0,0,3,0,0,0,0,0,0,0,15,47,47,0,0,0,12405,5,3,4,0,0,0,1,1,0,0,0,1
16176,org.springframework.web.servlet.config.annotation.ViewResolutionIntegrationTests,124984,tiles/0,398104,,0,4,1,0,3,0,0,0,0,0,0,0,0,0,0,0,0,0,0,0,0,0,0,0,4,0,0,0,0,0,1,0,1,0,0,0,0,0,0,17,71,71,0,1,0,939,1,1,1,0,0,0,0,0,0,0,0,0
3397,org.springframework.boot.autoconfigure.web.servlet.WebMvcAutoConfigurationTests,26703,validatorWithConfigurerTakesPrecedence/0,523348,,0,5,1,0,4,0,0,0,0,0,0,0,0,0,0,0,0,0,0,0,0,0,0,0,10,0,0,0,0,0,0,0,0,0,0,0,0,0,1,8,735,735,0,0,0,365,11,5,15,0,0,0,2,16,0,0,0,0
396,okhttp3.internal.huc.DelegatingHttpsURLConnection,3013,getHeaderFieldDate/2[java.lang.String,139812,,0,204,0,0,1,0,0,0,0,0,0,0,0,0,0,0,0,0,0,0,0,0,0,0,1,0,204,0,0,0,0,0,0,0,0,0,0,0,0,0,0,2,3,1,0,7628,1,1,1,0,0,0,2,214,0,0,0,0
13388,org.springframework.beans.factory.support.security.support.ConstructorBean,98752,ConstructorBean/1[java.lang.Object],317214,,0,0,1,0,0,0,0,0,0,0,0,0,0,0,0,0,0,0,0,0,0,0,0,0,2,0,0,0,0,0,0,0,0,0,0,0,0,0,0,4,28,28,0,0,1,35,368,112,1586,0,0,666,2,12,0,0,0,0
3235,org.springframework.boot.autoconfigure.websocket.servlet.WebSocketServletAutoConfigurationTests,25767,createContext/0,633024,,0,2,1,0,0,0,0,0,0,0,0,0,0,0,0,0,0,0,0,0,0,0,0,0,3,0,0,0,0,0,0,0,1,0,0,0,0,0,0,8,45,45,0,0,0,3862,722,158,748,0,0,679,2,15,0,0,0,0
3196,org.springframework.boot.autoconfigure.context.PropertyPlaceholderAutoConfigurationTests,25411,propertyPlaceholdersOverride/0,705129,,0,5,1,0,7,0,0,0,0,0,0,0,0,0,0,0,0,0,0,0,0,0,0,0,6,0,0,0,0,0,2,0,0,0,0,0,0,0,0,6,59,59,0,0,0,107,1,1,1,0,0,0,0,0,0,0,0,0
16786,org.elasticsearch.common.lucene.docset.OrDocSet,130816,OrDocSet/1[java.util.List<org.elasticsearch.common.lucene.docset.DocSet>],444346,,0,1,1,0,0,0,0,0,0,0,0,0,0,0,0,0,0,0,0,0,0,0,0,0,3,0,0,0,0,0,0,0,1,0,0,0,0,0,0,4,35,35,0,0,1,939,1,1,1,0,0,0,0,0,0,0,0,0
606,com.squareup.okhttp.CacheTest,6338,defaultExpirationDateConditionallyCached/0,45470,,0,4,1,0,6,0,0,0,0,0,0,0,0,0,0,0,0,0,0,0,0,0,0,0,6,0,0,0,0,0,3,2,3,3,0,0,0,0,0,17,568,568,0,3,0,35,368,112,1586,0,0,666,2,12,0,0,0,0
6178,org.elasticsearch.monitor.jvm.HotThreads,46408,threadElementsSnapshotCount/1[int],486573,,0,1,1,0,0,0,0,0,0,0,0,0,0,0,0,0,0,0,0,0,0,0,0,0,4,0,0,0,0,0,0,0,1,0,0,0,0,0,0,6,68,68,1,0,1,1521,367,70,315,0,0,28,1,23,0,0,0,0
2936,org.springframework.boot.autoconfigure.mongo.MongoClientFactory,24133,builder/1[MongoClientOptions],738224,,0,2,2,0,2,0,0,0,0,0,0,0,0,0,0,0,0,0,0,0,0,0,0,0,6,0,0,0,0,0,0,0,0,0,0,1,0,0,0,7,132,132,2,0,1,1521,367,70,315,0,0,28,1,23,0,0,0,0
945,com.squareup.okhttp.internal.ws.WebSocket,11934,newWebSocket/2[com.squareup.okhttp.OkHttpClient,60023,,0,56,3,0,1,0,0,0,0,0,0,0,0,0,0,0,0,0,0,0,0,0,0,0,3,0,56,0,0,0,0,0,0,1,0,0,0,0,0,0,0,2,5,1,0,365,11,5,15,0,0,0,2,16,0,0,0,0
3951,org.springframework.boot.loader.data.RandomAccessData,30137,getSize/0,483870,,0,2,3,1,0,3,3,0,0,0,0,0,0,0,0,0,0,0,0,0,0,0,0,0,12,0,0,0,0,0,0,0,0,0,0,0,-1,0,0,0,0,0,0,0,0,1521,367,70,315,0,0,28,1,23,0,0,0,0
5450,org.elasticsearch.cluster.routing.RoutingNodes,40164,prettyPrint/0,258626,,0,2,3,0,5,0,0,0,0,0,0,0,0,0,0,0,0,0,0,0,0,0,0,0,11,0,2,0,0,0,3,0,1,0,0,1,0,0,0,13,339,339,1,1,0,365,11,5,15,0,0,0,2,16,0,0,0,0
1695,org.springframework.boot.web.server.MimeMappings,17408,get/1[java.lang.String],330603,,0,2,20,1,14,0,12,1,11,1,0,0,0,0,0,2,1,1,1,0,0,2,0,0,287,0,0,0,0,4,354,0,9,0,0,7,1,0,1,0,0,0,0,0,0,939,1,1,1,0,0,0,0,0,0,0,0,0
1050,com.squareup.okhttp.internal.okio.OkBufferTest,13909,indexOf/0,188071,,0,3,1,0,7,0,0,0,0,0,0,0,0,0,0,0,0,0,0,0,0,0,0,0,27,0,0,0,0,0,3,22,1,5,0,0,0,0,0,11,285,285,0,1,0,460,391,161,1611,0,0,581,3,62,0,0,0,0
12818,org.springframework.web.portlet.context.XmlPortletApplicationContextTests,94352,testPortletContextAwareBean/0,415046,,0,2,1,0,3,0,0,0,0,0,0,0,0,0,0,0,0,0,0,0,0,0,0,0,4,0,0,0,0,0,1,0,1,0,0,0,0,0,0,9,129,129,0,1,0,1521,367,70,315,0,0,28,1,23,0,0,0,0
458,okhttp3.DelegatingSSLSocket,7945,setOption/2[java.net.SocketOption<T>,33021,,0,314,2,0,2,0,0,0,0,0,0,0,0,0,0,0,0,0,0,0,0,0,0,0,2,0,314,0,0,1,0,1,0,0,0,0,1,0,0,0,0,2,9,1,0,365,11,5,15,0,0,0,2,16,0,0,0,0
75,butterknife.compiler.FieldViewBinding,282,FieldViewBinding/3[java.lang.String,652,,0,5,7,1,0,1,6,0,5,0,0,0,0,0,0,3,0,0,3,0,0,3,0,0,32,0,0,0,0,1,2,0,3,1,0,3,1,0,0,0,0,0,0,0,0,10948,1,1,1,0,0,58,265,26503,0,0,0,0
399,okhttp3.UrlConnectionCacheTest,3067,expiresDateBeforeModifiedDate/0,139922,,0,3,1,0,3,0,0,0,0,0,0,0,0,0,0,0,0,0,0,0,0,0,0,0,3,0,0,0,0,0,2,2,0,2,0,0,0,0,0,11,876,876,0,0,0,1300,5,3,243,0,0,1,1,8,0,0,0,0
13316,org.springframework.beans.PropertyAccessorUtilsTests,97955,testCanonicalPropertyNames/0,418757,,0,2,1,0,3,0,0,0,0,0,0,0,0,0,0,0,0,0,0,0,0,0,0,0,5,0,0,0,0,0,18,0,2,0,0,0,0,0,0,8,45,45,0,2,0,9695,25,18,296,0,0,120,1,2,0,0,0,0
38,butterknife.ButterKnifeTest,95,setterAppliedToEveryViewInArray/0,7237,,0,4,1,0,5,0,0,0,0,0,0,0,0,0,0,0,0,0,0,0,0,0,0,0,13,0,0,0,0,0,0,0,4,0,0,0,0,0,0,14,216,216,0,4,0,3862,722,158,748,0,0,679,2,15,0,0,0,0
474,com.squareup.okhttp.mockwebserver.MockResponse,4911,setSocketPolicy/1[com.squareup.okhttp.mockwebserver.SocketPolicy],179101,,0,2,1,0,0,0,0,0,0,0,0,0,0,0,0,0,0,0,0,0,0,0,0,0,4,0,0,0,0,0,0,0,1,0,0,0,0,0,0,6,192,192,1,0,1,939,1,1,1,0,0,0,0,0,0,0,0,0
534,com.squareup.okhttp.internal.spdy.SpdyConnection,5449,writeWindowUpdateLater/2[int,142480,,0,217,1,0,1,0,0,0,0,0,0,0,0,0,0,0,0,0,0,0,0,0,0,0,1,0,217,0,0,0,0,1,0,0,0,0,0,1,0,0,0,2,12,0,0,10704,557,242,2816,0,0,447,2,26,0,0,0,0
314,okhttp3.logging.HttpLoggingInterceptorTest,2278,headersResponseBody/0,111736,,0,10,1,0,13,0,0,0,0,0,0,0,0,0,0,0,0,0,0,0,0,0,0,0,8,0,0,0,0,0,21,0,1,5,0,0,0,0,0,26,329,329,0,1,0,35,368,112,1586,0,0,666,2,12,0,0,0,0
382,okhttp3.internal.ws.RealWebSocket,2788,sendPing/1[Buffer],21677,,0,2,4,0,1,0,0,0,0,0,0,0,0,0,0,0,0,0,0,0,0,0,0,0,11,0,0,0,0,0,2,0,1,0,0,1,0,0,0,17,138,138,0,0,1,11431,1074,133,243,0,0,654,1,12,0,0,0,0
666,okhttp3.internal.connection.RouteException,7439,getLastConnectException/0,95137,,0,0,1,0,0,0,0,0,0,0,0,0,0,0,0,0,0,0,0,0,0,0,0,0,3,0,0,0,0,0,0,0,0,0,0,0,0,0,0,7,40,40,1,0,0,11040,1183,280,1924,0,0,270,1,19,0,0,0,0
399,okhttp3.UrlConnectionCacheTest,7667,getPlatform/0,103962,,0,0,1,0,1,0,0,0,0,0,0,0,0,0,0,0,0,0,0,0,0,0,0,0,3,0,0,0,0,0,2,0,0,0,0,0,0,0,0,2,1849,1849,1,0,0,12405,5,3,4,0,0,0,1,1,0,0,0,0
12787,org.springframework.web.portlet.FrameworkPortlet,94111,getTitle/1[RenderRequest],1310707,,0,2,2,0,2,0,0,0,0,0,0,0,0,0,0,0,0,0,0,0,0,0,0,0,8,0,0,0,0,0,0,0,0,0,0,1,0,0,0,16,457,457,2,0,1,3862,722,158,748,0,0,679,2,15,0,0,0,0
668,okhttp3.internal.connection.StreamAllocation,7456,release/0,143780,,0,1,1,0,1,0,0,0,0,0,0,0,0,0,0,0,0,0,0,0,0,0,0,0,3,0,0,0,0,0,0,0,0,0,0,0,0,0,0,2,226,226,0,0,0,365,11,5,15,0,0,0,2,16,0,0,0,0
387,okhttp3.internal.ws.RealWebSocketTest,2850,unsolicitedPong/0,21758,,0,4,1,0,4,0,0,0,0,0,0,0,0,0,0,0,0,0,0,0,0,0,0,0,5,0,0,0,0,0,2,0,0,0,0,0,0,0,0,6,184,184,0,0,0,12264,1068,259,2113,0,0,611,1,15,0,0,0,0
888,okhttp3.tls.HandshakeCertificatesTest,12252,doServerHandshake/1[HandshakeCertificates],65262,,0,2,1,0,1,0,0,0,0,0,0,0,0,0,0,0,0,0,0,0,0,0,0,0,23,0,0,0,0,0,0,0,0,0,0,0,0,0,1,15,154,154,1,0,1,8955,2841,573,4338,0,0,4926,2,17,0,0,0,0
418,okhttp3.internal.http.ThreadInterruptTest,3654,interruptLater/1[int],130877,,0,14,8,1,29,0,4,0,3,1,0,0,0,0,0,3,1,0,3,0,0,1,0,0,102,0,2,0,0,0,4,20,15,5,0,14,2,3,0,0,0,0,0,0,0,12405,5,3,4,0,0,0,1,1,0,0,0,0
155,butterknife.internal.OnLongClickTest,975,failsIfMissingReturnType/0,8774,,0,2,1,0,12,0,0,0,0,0,0,0,0,0,0,0,0,0,0,0,0,0,0,0,4,0,0,0,0,0,10,1,1,0,0,0,0,0,0,22,53,53,0,1,0,5713,373,162,2010,0,0,57,1,14,0,0,0,0
468,okhttp3.CallTest,4796,redirect/0,64793,,0,4,1,0,14,0,0,0,0,0,0,0,0,0,0,0,0,0,0,0,0,0,0,0,9,0,0,0,0,0,15,8,0,0,0,0,0,0,0,14,1757,1757,0,0,0,35,368,112,1586,0,0,666,2,12,0,0,0,0
658,okhttp3.internal.cache.InternalCache,7383,remove/1[okhttp3.Request],213791,,0,1,1,0,0,0,0,0,0,0,0,0,0,0,0,0,0,0,0,0,0,0,0,0,1,0,0,0,0,0,0,0,0,0,0,-1,0,0,0,24,31,31,0,0,1,107,1,1,1,0,0,0,0,0,0,0,0,0
841,okhttp3.internal.http2.Http2ConnectionTest,10279,connect/1[okhttp3.internal.http2.MockHttp2Peer],104993,,0,3,1,0,1,0,0,0,0,0,0,0,0,0,0,0,0,0,0,0,0,0,0,0,3,0,0,0,0,0,0,0,0,0,0,0,0,0,0,7,1742,1742,1,0,1,5713,373,162,2010,0,0,57,1,14,0,0,0,0
1372,org.springframework.boot.actuate.security.AuthorizationAuditListenerTests,15542,testAuthenticationCredentialsNotFound/0,732012,,0,7,1,0,6,0,0,0,0,0,0,0,0,0,0,0,0,0,0,0,0,0,0,0,4,0,0,0,0,0,2,0,1,0,0,0,0,0,0,18,56,56,0,1,0,1521,367,70,315,0,0,28,1,23,0,0,0,0
654,okhttp3.internal.cache.DiskLruCache,7351,close/0,29706,,0,3,5,0,6,0,0,0,0,0,0,0,0,0,0,0,0,0,0,0,0,0,0,0,15,0,1,0,0,0,0,0,3,0,0,2,0,0,0,22,665,665,1,0,0,1300,5,3,243,0,0,1,1,8,0,0,0,0
449,okhttp3.URLConnectionTest,4429,unspecifiedRequestBodyContentTypeGetsDefault/0,39679,,0,6,1,0,14,0,0,0,0,0,0,0,0,0,0,0,0,0,0,0,0,0,0,0,11,0,0,0,0,0,7,1,2,0,0,0,0,0,0,23,3341,3341,0,1,0,10948,1,1,1,0,0,58,265,26503,0,0,0,0
801,okhttp3.internal.http2.Http2Reader,9573,readData/4[okhttp3.internal.http2.Http2Reader.Handler,102317,,0,0,0,0,201,0,0,0,0,0,0,0,0,0,0,0,0,0,0,0,0,0,0,0,3,0,3,0,0,0,1,0,4,2,0,6,4,0,1,0,0,0,4,5,12,5713,373,162,2010,0,0,57,1,14,0,0,0,0
556,com.squareup.okhttp.curl.Main,5683,run/0,151093,,0,8,7,0,24,0,0,0,0,0,0,0,0,0,0,0,0,0,0,0,0,0,0,0,35,0,1,0,0,0,3,1,6,3,0,3,0,0,0,33,126,126,2,5,0,939,1,1,1,0,0,0,0,0,0,0,0,0
458,okhttp3.DelegatingSSLSocket,4552,getChannel/0,13651,,0,0,1,0,1,0,0,0,0,0,0,0,0,0,0,0,0,0,0,0,0,0,0,0,3,0,0,0,0,0,0,0,0,0,0,0,0,0,0,3,276,276,1,0,0,12726,168,51,4704,0,0,11,1,2,0,0,0,0
196,butterknife.internal.BindingClass,1129,addField/2[int,6457,,0,33,3,0,1,0,0,0,0,0,0,0,0,0,0,0,0,0,0,0,0,0,0,0,2,0,33,0,0,0,0,0,0,0,0,0,0,0,0,0,0,2,3,0,0,460,391,161,1611,0,0,581,3,62,0,0,0,0
306,okhttp3.Challenge,2160,scheme/0,11259,,0,0,1,0,0,0,0,0,0,0,0,0,0,0,0,0,0,0,0,0,0,0,0,0,3,0,0,0,0,0,0,0,0,0,0,0,0,0,0,6,31,31,1,0,0,1300,5,3,243,0,0,1,1,8,0,0,0,0
22261,com.google.common.net.UrlEscapers,187648,urlFormParameterEscaper/0,1027170,,0,1,1,0,0,0,0,0,0,0,0,0,0,0,0,0,0,0,0,0,0,0,0,0,3,0,0,0,0,0,0,0,0,0,0,0,0,0,0,113,73,73,1,0,0,3862,722,158,748,0,0,679,2,15,0,0,0,0
412,okhttp3.HttpUrlTest,3532,queryParametersWithRepeatedName/0,12631,,0,2,1,0,8,0,0,0,0,0,0,0,0,0,0,0,0,0,0,0,0,0,0,0,9,0,0,0,0,0,9,4,1,0,0,0,0,0,0,12,1292,1292,0,1,0,12405,5,3,4,0,0,0,1,1,0,0,0,0
412,okhttp3.HttpUrlTest,3607,decodeSlashCharacterInDecodedPathSegment/0,22443,,0,2,1,0,4,0,0,0,0,0,0,0,0,0,0,0,0,0,0,0,0,0,0,0,3,0,0,0,0,0,2,0,0,0,0,0,0,0,0,11,591,591,0,0,0,365,11,5,15,0,0,0,2,16,0,0,0,0
2298,org.springframework.boot.actuate.autoconfigure.web.servlet.ManagementServletContext,21787,getServletPath/0,628624,,0,0,1,0,0,0,0,0,0,0,0,0,0,0,0,0,0,0,0,0,0,0,0,0,1,0,0,0,0,0,0,0,0,0,0,-1,0,0,0,9,29,29,0,0,0,3862,722,158,748,0,0,679,2,15,0,0,0,0
448,okhttp3.ConnectionReuseTest,4158,connectionsReusedWithRedirectEvenIfPoolIsSizeZero/0,97480,,0,12,1,0,18,0,0,0,0,0,0,0,0,0,0,0,0,0,0,0,0,0,0,0,10,0,0,0,0,0,5,5,3,0,0,0,0,0,0,20,121,121,0,2,0,365,11,5,15,0,0,0,2,16,0,0,0,0
536,com.squareup.okhttp.internal.RouteDatabase,5485,connected/1[com.squareup.okhttp.Route],147581,,0,1,4,1,4,0,4,0,4,0,0,0,0,0,4,1,0,0,1,0,0,1,0,0,19,0,0,0,0,0,0,0,1,0,0,1,0,0,0,0,0,0,0,0,0,939,1,1,1,0,0,0,0,0,0,0,0,0
13000,org.springframework.jca.cci.connection.NotSupportedRecordFactory,95501,createIndexedRecord/1[java.lang.String],313963,,0,5,2,1,0,1,2,0,2,0,0,0,0,0,0,0,0,0,0,0,0,0,0,0,14,0,0,0,0,0,2,0,0,0,0,0,0,0,0,0,0,0,0,0,0,460,391,161,1611,0,0,581,3,62,0,0,0,0
3460,org.springframework.boot.autoconfigure.jms.JmsAutoConfigurationTests,138578,doLoad/2[java.lang.Class<?>[],478512,,0,30,26,1,34,0,25,0,22,3,0,0,0,0,0,3,2,0,3,0,0,2,0,0,376,0,0,0,0,7,35,4,46,0,0,41,1,1,10,0,0,0,0,0,0,939,1,1,1,0,0,0,0,0,0,0,0,0
223,okhttp3.mockwebserver.MockWebServerTest,1382,mockResponseAddHeader/0,169074,,0,3,1,0,6,0,0,0,0,0,0,0,0,0,0,0,0,0,0,0,0,0,0,0,4,0,0,0,0,0,5,0,1,0,0,0,0,0,0,13,100,100,0,1,0,5713,373,162,2010,0,0,57,1,14,0,0,0,0
217,okhttp3.mockwebserver.MockResponse,1331,MockResponse/0,192607,,0,1,1,0,2,0,0,0,0,0,0,0,0,0,0,0,0,0,0,0,0,0,0,0,4,0,0,0,0,0,1,2,0,0,0,0,0,0,0,12,51,51,0,0,0,5713,373,162,2010,0,0,57,1,14,0,0,0,0
784,com.squareup.okhttp.internal.spdy.SpdyConnectionTest,9359,readSendsWindowUpdate/0,138092,,0,8,5,0,15,0,0,0,0,0,0,0,0,0,0,0,0,0,0,0,0,0,0,0,30,0,3,0,0,1,6,16,11,1,0,1,0,0,0,35,918,918,0,10,0,107,1,1,1,0,0,0,0,0,0,0,0,0
978,com.squareup.okhttp.internal.framed.Ping,12513,roundTripTime/0,179634,,0,0,12,1,4,0,6,0,2,0,0,0,0,0,0,3,0,0,3,0,0,1,0,0,35,0,0,0,0,0,0,10,6,3,0,3,1,0,0,0,0,0,0,0,0,5676,106,40,1012,0,0,0,1,14,0,0,0,0
5594,org.elasticsearch.action.admin.cluster.snapshots.get.GetSnapshotsRequest,41813,snapshots/1[java.lang.String[]],477588,,0,1,1,0,0,0,0,0,0,0,0,0,0,0,0,0,0,0,0,0,0,0,0,0,4,0,0,0,0,0,0,0,1,0,0,0,0,0,0,12,111,111,1,0,1,939,1,1,1,0,0,0,0,0,0,0,0,0
494,com.squareup.okhttp.Call,5089,toLoggableString/0,179297,,0,2,2,0,2,0,0,0,0,0,0,0,0,0,0,0,0,0,0,0,0,0,0,0,5,0,0,0,0,0,4,0,2,1,0,0,0,0,0,21,197,197,1,2,0,5676,106,40,1012,0,0,0,1,14,0,0,0,0
2087,org.springframework.boot.web.servlet.context.XmlServletWebServerApplicationContextTests,20443,createFromResourceLocation/0,513490,,0,3,1,0,1,0,0,0,0,0,0,0,0,0,0,0,0,0,0,0,0,0,0,0,4,0,0,0,0,0,0,0,1,1,0,0,0,0,0,20,50,50,0,0,0,1521,367,70,315,0,0,28,1,23,0,0,0,0
449,okhttp3.URLConnectionTest,4292,zeroLengthPut/0,195588,,0,2,1,0,1,0,0,0,0,0,0,0,0,0,0,0,0,0,0,0,0,0,0,0,3,0,0,0,0,0,1,0,0,0,0,0,0,0,0,17,3239,3239,0,0,0,9695,25,18,296,0,0,120,1,2,0,0,0,0
12927,org.springframework.transaction.interceptor.TransactionAttributeSourceAdvisor,95142,setClassFilter/1[org.springframework.aop.ClassFilter],313604,,0,8,6,2,2,11,6,0,6,0,0,0,0,0,0,2,0,0,2,0,0,1,0,0,32,0,0,0,0,0,1,0,2,0,0,2,0,1,0,0,0,0,0,0,0,1300,5,3,243,0,0,1,1,8,0,0,0,0
616,com.squareup.okhttp.internal.http.URLConnectionTest,6637,emptyResponseHeaderValueIsAllowed/0,188288,,0,5,1,0,9,0,0,0,0,0,0,0,0,0,0,0,0,0,0,0,0,0,0,0,7,0,0,0,0,0,6,0,1,0,0,0,0,0,0,12,2594,2594,0,0,0,10704,557,242,2816,0,0,447,2,26,0,0,0,0
4617,sample.atomikos.Account,33792,Account/1[java.lang.String],712477,,0,0,1,0,0,0,0,0,0,0,0,0,0,0,0,0,0,0,0,0,0,0,0,0,3,0,0,0,0,0,0,0,1,0,0,0,0,0,0,2,35,35,0,0,1,35,368,112,1586,0,0,666,2,12,0,0,0,0
9938,org.springframework.web.servlet.view.xml.MarshallingViewTests,83386,isExposePathVars/0,1295859,,0,2,1,0,2,0,0,0,0,0,0,0,0,0,0,0,0,0,0,0,0,0,0,0,3,0,0,0,0,0,1,0,0,0,0,0,0,0,0,9,62,62,0,0,0,3862,722,158,748,0,0,679,2,15,0,0,0,0
447,okhttp3.RequestTest,4138,emptyCacheControlClearsAllCacheControlHeaders/0,23071,,0,4,1,0,8,0,0,0,0,0,0,0,0,0,0,0,0,0,0,0,0,0,0,0,4,0,0,0,0,0,4,0,1,0,0,0,0,0,0,12,148,148,0,1,0,460,391,161,1611,0,0,581,3,62,0,0,0,0
6052,org.elasticsearch.action.support.master.AcknowledgedRequest,45386,timeout/0,358906,,0,1,1,0,0,0,0,0,0,0,0,0,0,0,0,0,0,0,0,0,0,0,0,0,3,0,0,0,0,0,0,0,0,0,0,0,0,0,0,8,69,69,1,0,0,939,1,1,1,0,0,0,0,0,0,0,0,0
332,okhttp3.internal.huc.CacheAdapterTest,2602,tearDown/0,158756,,0,19,13,1,35,0,12,0,7,5,0,0,0,0,0,5,0,0,5,0,0,0,0,0,233,0,0,0,0,0,19,0,26,0,0,19,1,5,0,0,0,0,0,0,0,8955,2841,573,4338,0,0,4926,2,17,0,0,0,0
3904,org.springframework.boot.test.json.JsonContentTests,29721,createWhenJsonIsNullShouldThrowException/0,566303,,0,3,1,0,3,0,0,0,0,0,0,0,0,0,0,0,0,0,0,0,0,0,0,0,5,0,0,0,0,0,1,0,0,0,0,0,0,0,0,13,50,50,0,0,0,35,368,112,1586,0,0,666,2,12,0,0,0,0
396,okhttp3.internal.huc.DelegatingHttpsURLConnection,3018,getHeaderField/1[int],163402,,0,0,1,0,1,0,0,0,0,0,0,0,0,0,0,0,0,0,0,0,0,0,0,0,3,0,0,0,0,0,0,0,0,0,0,0,0,0,0,4,173,173,1,0,1,5713,373,162,2010,0,0,57,1,14,0,0,0,0
449,okhttp3.URLConnectionTest,4370,requestBodySurvivesRetriesWithChunkedStreaming/0,64174,,0,2,1,0,1,0,0,0,0,0,0,0,0,0,0,0,0,0,0,0,0,0,0,0,3,0,0,0,0,0,0,0,0,0,0,0,0,0,0,10,287,287,0,0,0,1300,5,3,243,0,0,1,1,8,0,0,0,2
468,okhttp3.CallTest,10524,interceptorGetsHttp2/0,50436,,0,8,1,0,9,0,0,0,0,0,0,0,0,0,0,0,0,0,0,0,0,0,0,0,13,0,0,0,0,0,1,0,3,0,0,0,0,0,1,17,3153,3153,0,2,0,12726,168,51,4704,0,0,11,1,2,0,0,0,2
449,okhttp3.URLConnectionTest,4326,assertContent/3[java.lang.String,64081,,0,0,3685,0,2,0,0,0,0,0,0,0,0,0,0,0,0,0,0,0,0,0,0,0,1,0,3,0,0,0,0,0,0,0,0,0,0,0,0,0,0,0,5,3,0,3862,722,158,748,0,0,679,2,15,0,0,0,2
832,okhttp3.RecordingEventListener,12101,secureConnectStart/1[Call],62920,,0,3,1,0,1,0,0,0,0,0,0,0,0,0,0,0,0,0,0,0,0,0,0,0,3,0,0,0,0,0,0,0,0,0,0,0,0,0,0,8,97,97,0,0,1,1521,367,70,315,0,0,28,1,23,0,0,0,2
881,okhttp3.TestTls13Request,10784,main/1[java.lang.String[]],64335,,0,1,1,0,11,0,0,0,0,0,0,0,0,0,0,0,0,0,0,0,0,0,0,0,11,0,0,0,0,0,22,1,1,1,0,0,0,0,0,15,40,40,0,1,1,12264,1068,259,2113,0,0,611,1,15,0,0,0,2
449,okhttp3.URLConnectionTest,4224,postFailsWithBufferedRequestForSmallRequest/0,64134,,0,2,1,0,1,0,0,0,0,0,0,0,0,0,0,0,0,0,0,0,0,0,0,0,3,0,0,0,0,0,0,1,0,0,0,0,0,0,0,11,2923,2923,0,0,0,12405,5,3,4,0,0,0,1,1,0,0,0,2
236,okhttp3.RealCall,1518,isExecuted/0,46815,,0,0,1,0,0,0,0,0,0,0,0,0,0,0,0,0,0,0,0,0,0,0,0,0,3,0,0,0,0,0,0,0,0,0,0,0,0,0,0,3,104,104,1,0,0,12264,1068,259,2113,0,0,611,1,15,0,0,0,2
694,okhttp3.internal.connection.RouteSelectorTest,7830,proxyDnsFailureContinuesToNextProxy/0,63741,,0,6,2,0,17,0,0,0,0,0,0,0,0,0,0,0,0,0,0,0,0,0,0,0,30,0,0,0,0,0,0,4,4,0,0,1,0,0,0,24,277,277,0,4,0,3862,722,158,748,0,0,679,2,15,0,0,0,2
449,okhttp3.URLConnectionTest,4288,streamedBodyWithClientRequestTimeout/0,63990,,0,5,1,0,12,0,0,0,0,0,0,0,0,0,0,0,0,0,0,0,0,0,0,0,8,0,0,0,0,0,3,2,1,0,0,0,0,0,0,15,2506,2506,0,1,0,35,368,112,1586,0,0,666,2,12,0,0,0,2
449,okhttp3.URLConnectionTest,4253,response301MovedPermanentlyWithPost/0,64017,,0,2,1,0,1,0,0,0,0,0,0,0,0,0,0,0,0,0,0,0,0,0,0,0,3,0,0,0,0,0,0,0,0,0,0,0,0,0,0,9,2242,2242,0,0,0,1521,367,70,315,0,0,28,1,23,0,0,0,2
468,okhttp3.CallTest,4797,connectFails/0,64680,,0,3,1,0,3,0,0,0,0,0,0,0,0,0,0,0,0,0,0,0,0,0,0,0,4,0,0,0,0,0,1,0,0,0,0,0,0,0,0,5,3353,3353,0,0,0,9695,25,18,296,0,0,120,1,2,0,0,0,2
468,okhttp3.CallTest,4827,invalidScheme/0,50407,,0,2,2,0,5,0,0,0,0,0,0,0,0,0,0,0,0,0,0,0,0,0,0,0,10,0,0,0,0,0,2,0,1,0,0,1,0,0,0,19,160,160,0,1,0,12405,5,3,4,0,0,0,1,1,0,0,0,2
449,okhttp3.URLConnectionTest,4171,nonStandardAuthenticationSchemeWithRealm/0,64155,,0,2,1,0,4,0,0,0,0,0,0,0,0,0,0,0,0,0,0,0,0,0,0,0,4,0,0,0,0,0,1,1,1,0,0,0,0,0,0,16,1623,1623,0,1,0,9695,25,18,296,0,0,120,1,2,0,0,0,2
23207,org.mockitousage.stubbing.StubbingWithThrowablesTest,198978,shouldInstantiateExceptionClassOnInteraction/0,1081137,,0,4,1,0,3,0,0,0,0,0,0,0,0,0,0,0,0,0,0,0,0,0,0,0,4,0,0,0,0,0,0,0,0,0,0,0,0,0,0,9,122,122,0,0,0,3862,722,158,748,0,0,679,2,15,0,0,0,2
468,okhttp3.CallTest,4816,put_HTTPS/0,64735,,0,2,1,0,2,0,0,0,0,0,0,0,0,0,0,0,0,0,0,0,0,0,0,0,4,0,0,0,0,0,0,0,0,0,0,0,0,0,0,9,552,552,0,0,0,1521,367,70,315,0,0,28,1,23,0,0,0,2
468,okhttp3.CallTest,10539,stringFill/2[char,50442,,0,2171,1,0,1,0,0,0,0,0,0,0,0,0,0,0,0,0,0,0,0,0,0,0,1,0,2171,0,0,0,0,0,0,1,0,0,0,0,0,0,0,2,5,1,1,35,368,112,1586,0,0,666,2,12,0,0,0,2
449,okhttp3.URLConnectionTest,4162,notRedirectedFromHttpToHttps/0,64051,,0,4,1,0,14,0,0,0,0,0,0,0,0,0,0,0,0,0,0,0,0,0,0,0,6,0,0,0,0,0,4,0,2,0,0,0,0,0,0,23,2080,2080,0,1,0,939,1,1,1,0,0,0,0,0,0,0,0,2
468,okhttp3.CallTest,4818,requestBodyRetransmittedOnClientRequestTimeout/0,50317,,0,12,1,0,20,0,0,0,0,0,0,0,0,0,0,0,0,0,0,0,0,0,0,0,11,0,0,0,0,0,10,1,4,0,0,0,0,0,0,18,1760,1760,0,4,0,3862,722,158,748,0,0,679,2,15,0,0,0,2
448,okhttp3.ConnectionReuseTest,7913,connectionsAreNotReusedIfNetworkInterceptorInterferes/0,63981,,0,6,2,0,18,0,0,0,0,0,0,0,0,0,0,0,0,0,0,0,0,0,0,0,21,0,1,0,0,0,5,3,5,0,0,1,0,0,1,70,310,310,0,4,0,1300,5,3,243,0,0,1,1,8,0,0,0,2
448,okhttp3.ConnectionReuseTest,4158,connectionsReusedWithRedirectEvenIfPoolIsSizeZero/0,63977,,0,5,1,0,16,0,0,0,0,0,0,0,0,0,0,0,0,0,0,0,0,0,0,0,10,0,0,0,0,0,5,5,3,0,0,0,0,0,0,20,127,127,0,2,0,1521,367,70,315,0,0,28,1,23,0,0,0,2
449,okhttp3.URLConnectionTest,4322,testMarkAndReset/1[okhttp3.URLConnectionTest.TransferKind],64232,,0,3,2,0,17,0,0,0,0,0,0,0,0,0,0,0,0,0,0,0,0,0,0,0,19,0,0,0,0,0,7,3,2,0,0,1,0,0,0,31,1211,1211,0,2,1,7628,1,1,1,0,0,0,2,214,0,0,0,2
468,okhttp3.CallTest,4763,getWithRequestBody/0,50285,,0,6,2,0,5,0,0,0,0,0,0,0,0,0,0,0,0,0,0,0,0,0,0,0,9,0,0,0,0,0,3,0,0,0,0,1,0,0,0,11,217,217,0,0,0,365,11,5,15,0,0,0,2,16,0,0,0,2
853,okhttp3.EventListenerTest,10461,failedSecureConnect/0,64411,,0,8,2,0,13,0,0,0,0,0,0,0,0,0,0,0,0,0,0,0,0,0,0,0,16,0,0,0,0,0,1,0,3,0,0,1,0,0,0,22,676,676,0,3,0,1300,5,3,243,0,0,1,1,8,0,0,0,2
449,okhttp3.URLConnectionTest,7916,setSslSocketFactoryFailsOnJdk9/0,64236,,0,1,2,0,5,0,0,0,0,0,0,0,0,0,0,0,0,0,0,0,0,0,0,0,9,0,0,0,0,0,0,0,0,0,0,1,0,0,0,12,3588,3588,0,0,0,11431,1074,133,243,0,0,654,1,12,0,0,0,2
236,okhttp3.RealCall,1514,execute/0,46814,,0,5,2,0,6,0,0,0,0,0,0,0,0,0,0,0,0,0,0,0,0,0,0,0,15,0,0,0,0,0,1,0,1,0,0,1,0,0,0,13,72,72,1,0,0,12726,168,51,4704,0,0,11,1,2,0,0,0,2
832,okhttp3.RecordingEventListener,9929,forbidLock/1[java.lang.Object],62945,,0,0,1,0,1,0,0,0,0,0,0,0,0,0,0,0,0,0,0,0,0,0,0,0,3,0,0,0,0,0,0,0,0,0,0,0,0,0,0,14,37,37,0,0,1,8955,2841,573,4338,0,0,4926,2,17,0,0,0,2
834,okhttp3.internal.ws.WebSocketHttpTest,10002,serverMessage/0,48772,,0,6,1,0,7,0,0,0,0,0,0,0,0,0,0,0,0,0,0,0,0,0,0,0,9,0,0,0,0,0,2,0,2,0,0,0,0,0,0,11,143,143,0,2,0,1521,367,70,315,0,0,28,1,23,0,0,0,2
449,okhttp3.URLConnectionTest,4341,setChunkedEncodingAsRequestProperty/0,64003,,0,7,1,0,13,0,0,0,0,0,0,0,0,0,0,0,0,0,0,0,0,0,0,0,7,0,0,0,0,0,5,1,2,0,0,0,0,0,0,15,2595,2595,0,2,0,10948,1,1,1,0,0,58,265,26503,0,0,0,2
449,okhttp3.URLConnectionTest,4428,sameConnectionRedirectAndReuse/0,63991,,0,3,1,0,12,0,0,0,0,0,0,0,0,0,0,0,0,0,0,0,0,0,0,0,7,0,0,0,0,0,4,2,0,0,0,0,0,0,0,35,2667,2667,0,0,0,11431,1074,133,243,0,0,654,1,12,0,0,0,2
449,okhttp3.URLConnectionTest,4304,fullyBufferedPostIsTooShort/0,64189,,0,5,2,0,7,0,0,0,0,0,0,0,0,0,0,0,0,0,0,0,0,0,0,0,21,0,0,0,0,0,2,0,1,0,0,1,1,0,0,28,3018,3018,0,1,0,35,368,112,1586,0,0,666,2,12,0,0,0,2
449,okhttp3.URLConnectionTest,11255,proxySelectorHttpWithConnectionReuse/0,64048,,0,4,1,0,13,0,0,0,0,0,0,0,0,0,0,0,0,0,0,0,0,0,0,0,15,0,0,0,0,0,3,2,2,0,0,0,1,0,0,30,1094,1094,0,1,0,9695,25,18,296,0,0,120,1,2,0,0,0,2
449,okhttp3.URLConnectionTest,4265,enqueueClientRequestTimeoutResponses/0,63999,,0,1,1,0,5,0,0,0,0,0,0,0,0,0,0,0,0,0,0,0,0,0,0,0,4,0,0,0,0,0,4,0,0,0,0,0,0,0,0,9,2477,2477,0,0,0,3862,722,158,748,0,0,679,2,15,0,0,0,2
468,okhttp3.CallTest,11275,cancelWhileRequestHeadersAreSent/0,64728,,0,5,2,0,9,0,0,0,0,0,0,0,0,0,0,0,0,0,0,0,0,0,0,0,22,0,0,0,0,0,2,0,3,0,0,1,1,0,0,26,2334,2334,0,2,0,939,1,1,1,0,0,0,0,0,0,0,0,2
836,okhttp3.internal.http2.HttpOverHttp2Test,10051,recoverFromOneRefusedStreamReusesConnection/0,63316,,0,5,1,0,15,0,0,0,0,0,0,0,0,0,0,0,0,0,0,0,0,0,0,0,9,0,0,0,0,0,3,2,2,0,0,0,0,0,0,15,786,786,0,2,0,8955,2841,573,4338,0,0,4926,2,17,0,0,0,2
468,okhttp3.CallTest,4757,invalidPort/0,50487,,0,2,2,0,5,0,0,0,0,0,0,0,0,0,0,0,0,0,0,0,0,0,0,0,10,0,0,0,0,0,2,0,1,0,0,1,0,0,0,14,171,171,0,1,0,7628,1,1,1,0,0,0,2,214,0,0,0,2
468,okhttp3.CallTest,4680,tls_Async/0,64797,,0,5,1,0,10,0,0,0,0,0,0,0,0,0,0,0,0,0,0,0,0,0,0,0,7,0,0,0,0,0,3,0,1,0,0,0,0,0,0,12,1084,1084,0,1,0,8955,2841,573,4338,0,0,4926,2,17,0,0,0,2
6690,sample.jooq.domain.DefaultCatalog,34267,DefaultCatalog/0,252729,,0,0,1,0,0,0,0,0,0,0,0,0,0,0,0,0,0,0,0,0,0,0,0,0,3,0,0,0,0,0,1,0,0,0,0,0,0,0,0,6,38,38,0,0,0,460,391,161,1611,0,0,581,3,62,0,0,0,2
449,okhttp3.URLConnectionTest,4212,suppressTlsFallbackClientSocketFactory/0,64019,,0,1,1,0,1,0,0,0,0,0,0,0,0,0,0,0,0,0,0,0,0,0,0,0,3,0,0,0,0,0,0,0,0,0,0,0,0,0,0,31,3865,3865,1,0,0,35,368,112,1586,0,0,666,2,12,0,0,0,2
449,okhttp3.URLConnectionTest,4402,chunkedUpload_largeBuffers/0,64063,,0,2,1,0,1,0,0,0,0,0,0,0,0,0,0,0,0,0,0,0,0,0,0,0,3,0,0,0,0,0,0,0,0,0,0,0,0,0,0,6,433,433,0,0,0,9695,25,18,296,0,0,120,1,2,0,0,0,2
853,okhttp3.EventListenerTest,10467,emptyDnsLookup/0,64458,,0,7,2,0,12,0,0,0,0,0,0,0,0,0,0,0,0,0,0,0,0,0,0,0,15,0,0,0,0,0,1,0,4,0,0,1,0,0,1,16,468,468,0,3,0,10948,1,1,1,0,0,58,265,26503,0,0,0,2
449,okhttp3.URLConnectionTest,4273,bodyPermittedOnDelete/0,64012,,0,6,1,0,13,0,0,0,0,0,0,0,0,0,0,0,0,0,0,0,0,0,0,0,8,0,0,0,0,0,4,1,2,0,0,0,0,0,0,33,3521,3521,0,2,0,7628,1,1,1,0,0,0,2,214,0,0,0,2
597,com.squareup.okhttp.internal.huc.JavaApiConverter,5909,JavaApiConverter/0,15008,,0,0,1,0,0,0,0,0,0,0,0,0,0,0,0,0,0,0,0,0,0,0,0,0,2,0,0,0,0,0,0,0,0,0,0,0,0,0,0,3,53,53,0,0,0,8955,2841,573,4338,0,0,4926,2,17,0,0,0,2
449,okhttp3.URLConnectionTest,4332,extensionAfterChunkSize/0,64066,,0,3,1,0,7,0,0,0,0,0,0,0,0,0,0,0,0,0,0,0,0,0,0,0,6,0,0,0,0,0,4,0,1,0,0,1,0,0,0,15,1282,1282,0,1,0,12405,5,3,4,0,0,0,1,1,0,0,0,2
22817,org.mockito.internal.creation.bytebuddy.SubclassByteBuddyMockMaker,196733,isTypeMockable/1[java.lang.Class<?>],1076415,,0,2,1,0,0,0,0,0,0,0,0,0,0,0,0,0,0,0,0,0,0,0,0,0,20,0,0,0,0,0,0,0,0,0,0,0,1,0,0,10,143,143,1,0,1,3862,722,158,748,0,0,679,2,15,0,0,0,2
836,okhttp3.internal.http2.HttpOverHttp2Test,10078,emptyDataFrameSentWithEmptyBody/0,63323,,0,7,1,0,17,0,0,0,0,0,0,0,0,0,0,0,0,0,0,0,0,0,0,0,11,0,0,0,0,0,9,2,3,0,0,0,0,0,0,24,1169,1169,0,3,0,365,11,5,15,0,0,0,2,16,0,0,0,2
468,okhttp3.CallTest,10533,serverRespondsWith100ContinueOnly_HTTP2/0,64755,,0,2,1,0,2,0,0,0,0,0,0,0,0,0,0,0,0,0,0,0,0,0,0,0,4,0,0,0,0,0,0,0,0,0,0,0,0,0,0,12,2789,2789,0,0,0,11431,1074,133,243,0,0,654,1,12,0,0,0,2
838,okhttp3.internal.http2.MockHttp2Peer,10144,close/0,63391,,0,0,3,0,2,0,0,0,0,0,0,0,0,0,0,0,0,0,0,0,0,0,0,0,9,0,0,0,0,0,0,0,0,0,0,1,0,0,0,9,184,184,0,0,0,7628,1,1,1,0,0,0,2,214,0,0,0,2
448,okhttp3.ConnectionReuseTest,4144,http2ConnectionsAreSharedBeforeResponseIsConsumed/0,63965,,0,5,1,0,13,0,0,0,0,0,0,0,0,0,0,0,0,0,0,0,0,0,0,0,12,0,0,0,0,0,3,2,3,0,0,0,0,0,0,18,209,209,0,3,0,365,11,5,15,0,0,0,2,16,0,0,0,2
468,okhttp3.CallTest,4729,head_HTTP_2/0,50378,,0,2,1,0,2,0,0,0,0,0,0,0,0,0,0,0,0,0,0,0,0,0,0,0,4,0,0,0,0,0,0,0,0,0,0,0,0,0,0,9,305,305,0,0,0,8955,2841,573,4338,0,0,4926,2,17,0,0,0,2
836,okhttp3.internal.http2.HttpOverHttp2Test,10048,synchronousRequest/0,63341,,0,4,1,0,9,0,0,0,0,0,0,0,0,0,0,0,0,0,0,0,0,0,0,0,11,0,0,0,0,0,4,3,2,0,0,0,0,0,0,18,404,404,0,2,0,460,391,161,1611,0,0,581,3,62,0,0,0,2
449,okhttp3.URLConnectionTest,4173,serverSendsUnnecessaryWhitespace/0,64206,,0,4,2,0,5,0,0,0,0,0,0,0,0,0,0,0,0,0,0,0,0,0,0,0,10,0,0,0,0,0,2,0,1,0,0,1,0,0,0,18,261,261,0,1,0,12405,5,3,4,0,0,0,1,1,0,0,0,2
853,okhttp3.EventListenerTest,10894,failedDribbledCallEventSequence/0,64445,,0,7,2,0,21,0,0,0,0,0,0,0,0,0,0,0,0,0,0,0,0,0,0,0,16,0,0,0,0,0,18,3,4,0,0,1,0,0,0,20,171,171,0,3,0,939,1,1,1,0,0,0,0,0,0,0,0,2
449,okhttp3.URLConnectionTest,4197,streamDiscardingIsTimely/0,64169,,0,6,1,0,17,0,0,0,0,0,0,0,0,0,0,0,0,0,0,0,0,0,0,0,14,0,0,0,0,0,4,6,5,1,0,0,0,0,0,24,1489,1489,0,5,0,3862,722,158,748,0,0,679,2,15,0,0,0,2
451,okhttp3.AddressTest,10393,addressToString/0,64264,,0,2,1,0,3,0,0,0,0,0,0,0,0,0,0,0,0,0,0,0,0,0,0,0,4,0,0,0,0,0,2,1,1,0,0,0,0,0,0,11,52,52,0,1,0,1300,5,3,243,0,0,1,1,8,0,0,0,2
694,okhttp3.internal.connection.RouteSelectorTest,7827,singleRoute/0,63740,,0,5,3,0,12,0,0,0,0,0,0,0,0,0,0,0,0,0,0,0,0,0,0,0,23,0,0,0,0,0,0,2,3,0,0,1,0,0,0,18,94,94,0,3,0,11040,1183,280,1924,0,0,270,1,19,0,0,0,2
786,okhttp3.mockwebserver.internal.http2.Http2Server,9416,main/1[java.lang.String],62565,,0,1,3,0,6,0,0,0,0,0,0,0,0,0,0,0,0,0,0,0,0,0,0,0,8,0,0,0,0,0,2,3,1,0,0,1,0,0,0,8,181,181,1,1,1,460,391,161,1611,0,0,581,3,62,0,0,0,2
832,okhttp3.RecordingEventListener,9941,logEvent/1[okhttp3.RecordingEventListener.CallEvent],62928,,0,1,3,0,8,0,0,0,0,0,0,0,0,0,0,0,0,0,0,0,0,0,0,0,10,0,1,0,0,0,0,0,1,0,0,1,0,0,0,14,70,70,0,1,1,939,1,1,1,0,0,0,0,0,0,0,0,2
468,okhttp3.CallTest,4808,postEmptyBodyRetransmittedAfterAuthorizationFail_HTTPS/0,64714,,0,2,1,0,2,0,0,0,0,0,0,0,0,0,0,0,0,0,0,0,0,0,0,0,4,0,0,0,0,0,1,0,0,0,0,0,0,0,0,15,391,391,0,0,0,8955,2841,573,4338,0,0,4926,2,17,0,0,0,2
853,okhttp3.EventListenerTest,10459,successfulEmptyH2CallEventSequence/0,64426,,0,3,1,0,10,0,0,0,0,0,0,0,0,0,0,0,0,0,0,0,0,0,0,0,7,0,0,0,0,0,0,2,0,0,0,0,0,0,0,28,328,328,0,0,0,365,11,5,15,0,0,0,2,16,0,0,0,2
468,okhttp3.CallTest,4676,gzip/1[java.lang.String],50426,,0,4,1,0,3,0,0,0,0,0,0,0,0,0,0,0,0,0,0,0,0,0,0,0,7,0,0,0,0,0,0,0,2,0,0,0,0,0,0,11,3736,3736,1,2,1,1521,367,70,315,0,0,28,1,23,0,0,0,2
838,okhttp3.internal.http2.MockHttp2Peer,10142,openSocket/0,63389,,0,0,1,0,0,0,0,0,0,0,0,0,0,0,0,0,0,0,0,0,0,0,0,0,3,0,0,0,0,0,1,0,0,0,0,0,0,0,0,5,180,180,1,0,0,9695,25,18,296,0,0,120,1,2,0,0,0,2
853,okhttp3.EventListenerTest,10461,failedSecureConnect/0,64411,,0,8,2,0,13,0,0,0,0,0,0,0,0,0,0,0,0,0,0,0,0,0,0,0,16,0,0,0,0,0,1,0,3,0,0,1,0,0,0,22,676,676,0,3,0,35,368,112,1586,0,0,666,2,12,0,0,0,2
449,okhttp3.URLConnectionTest,4416,redirectedWithNoLengthHeaders/0,64179,,0,2,1,0,1,0,0,0,0,0,0,0,0,0,0,0,0,0,0,0,0,0,0,0,3,0,0,0,0,0,0,0,0,0,0,0,0,0,0,8,2009,2009,0,0,0,12405,5,3,4,0,0,0,1,1,0,0,0,2
468,okhttp3.CallTest,4816,put_HTTPS/0,64735,,0,2,1,0,2,0,0,0,0,0,0,0,0,0,0,0,0,0,0,0,0,0,0,0,4,0,0,0,0,0,0,0,0,0,0,0,0,0,0,9,552,552,0,0,0,11040,1183,280,1924,0,0,270,1,19,0,0,0,2
468,okhttp3.CallTest,4742,patch_HTTP_2/0,64871,,0,2,1,0,2,0,0,0,0,0,0,0,0,0,0,0,0,0,0,0,0,0,0,0,4,0,0,0,0,0,0,0,0,0,0,0,0,0,0,9,582,582,0,0,0,5676,106,40,1012,0,0,0,1,14,0,0,0,2
853,okhttp3.EventListenerTest,10441,responseBodyClosedClosedWithoutReadingAllData/0,64451,,0,6,1,0,13,0,0,0,0,0,0,0,0,0,0,0,0,0,0,0,0,0,0,0,7,0,0,0,0,0,16,1,2,0,0,0,0,0,0,16,936,936,0,2,0,7628,1,1,1,0,0,0,2,214,0,0,0,2
911,okhttp3.DuplexTest,11196,trueDuplexServerWritesFirst/0,62863,,0,9,1,0,24,0,0,0,0,0,0,0,0,0,0,0,0,0,0,0,0,0,0,0,21,0,0,0,0,1,13,0,5,0,0,1,0,0,0,25,117,117,0,5,0,11040,1183,280,1924,0,0,270,1,19,0,0,0,2
832,okhttp3.RecordingEventListener,9929,forbidLock/1[java.lang.Object],62945,,0,0,1,0,1,0,0,0,0,0,0,0,0,0,0,0,0,0,0,0,0,0,0,0,3,0,0,0,0,0,0,0,0,0,0,0,0,0,0,14,37,37,0,0,1,12405,5,3,4,0,0,0,1,1,0,0,0,2
468,okhttp3.CallTest,4803,tearDown/0,64879,,0,1,1,0,2,0,0,0,0,0,0,0,0,0,0,0,0,0,0,0,0,0,0,0,4,0,0,0,0,0,0,0,0,0,0,0,0,0,0,5,126,126,0,0,0,939,1,1,1,0,0,0,0,0,0,0,0,2
