id_class,name_class,id_method,name_method,version_id,smell_name,has_smell,cbo,wmc,dit,rfc,lcom,total_methods,static_methods,public_methods,private_methods,protected_methods,default_methods,abstract_methods,final_methods,synchronized_methods,total_fields,static_fields,public_fields,private_fields,protected_fields,default_fields,final_fields,synchronized_fields,nosi,loc,return_qty,loop_qty,comparison_qty,try_catch_qty,parenthesized_exps_qty,string_literals_qty,numbers_qty,assignments_qty,math_operations_qty,variables_qty,max_nested_blocks,annonymous_classes_qty,sub_classes_qty,lambdas_qty,unique_words_qty,line,start_line,returns,variables,parameters,dev_id,number_commits,active_days,number_days,number_issues,number_pull_requests,number_tests,median_files,median_lines,number_followers,number_public_repositories,number_public_gists,severity
896,okhttp3.internal.http2.Http2ExchangeCodec,11020,readHttp2HeadersList/2[okhttp3.Headers,46924,Switch Statements,1,168,6,0,5,0,0,0,0,0,0,0,0,0,0,0,0,0,0,0,0,0,0,0,12,0,168,0,0,0,0,2,1,7,0,1,2,0,0,0,0,2,16,1,6,35,368,112,1586,0,0,666,2,12,0,0,0,3
896,okhttp3.internal.http2.Http2ExchangeCodec,11020,readHttp2HeadersList/2[okhttp3.Headers,46924,Switch Statements,1,168,6,0,5,0,0,0,0,0,0,0,0,0,0,0,0,0,0,0,0,0,0,0,12,0,168,0,0,0,0,2,1,7,0,1,2,0,0,0,0,2,16,1,6,107,1,1,1,0,0,0,0,0,0,0,0,3
896,okhttp3.internal.http2.Http2ExchangeCodec,11020,readHttp2HeadersList/2[okhttp3.Headers,46924,Switch Statements,1,168,6,0,5,0,0,0,0,0,0,0,0,0,0,0,0,0,0,0,0,0,0,0,12,0,168,0,0,0,0,2,1,7,0,1,2,0,0,0,0,2,16,1,6,365,11,5,15,0,0,0,2,16,0,0,0,3
896,okhttp3.internal.http2.Http2ExchangeCodec,11020,readHttp2HeadersList/2[okhttp3.Headers,46924,Switch Statements,1,168,6,0,5,0,0,0,0,0,0,0,0,0,0,0,0,0,0,0,0,0,0,0,12,0,168,0,0,0,0,2,1,7,0,1,2,0,0,0,0,2,16,1,6,460,391,161,1611,0,0,581,3,62,0,0,0,3
896,okhttp3.internal.http2.Http2ExchangeCodec,11020,readHttp2HeadersList/2[okhttp3.Headers,46924,Switch Statements,1,168,6,0,5,0,0,0,0,0,0,0,0,0,0,0,0,0,0,0,0,0,0,0,12,0,168,0,0,0,0,2,1,7,0,1,2,0,0,0,0,2,16,1,6,1300,5,3,243,0,0,1,1,8,0,0,0,3
896,okhttp3.internal.http2.Http2ExchangeCodec,11020,readHttp2HeadersList/2[okhttp3.Headers,46924,Switch Statements,1,168,6,0,5,0,0,0,0,0,0,0,0,0,0,0,0,0,0,0,0,0,0,0,12,0,168,0,0,0,0,2,1,7,0,1,2,0,0,0,0,2,16,1,6,1521,367,70,315,0,0,28,1,23,0,0,0,3
896,okhttp3.internal.http2.Http2ExchangeCodec,11020,readHttp2HeadersList/2[okhttp3.Headers,46924,Switch Statements,1,168,6,0,5,0,0,0,0,0,0,0,0,0,0,0,0,0,0,0,0,0,0,0,12,0,168,0,0,0,0,2,1,7,0,1,2,0,0,0,0,2,16,1,6,939,1,1,1,0,0,0,0,0,0,0,0,3
896,okhttp3.internal.http2.Http2ExchangeCodec,11020,readHttp2HeadersList/2[okhttp3.Headers,46924,Switch Statements,1,168,6,0,5,0,0,0,0,0,0,0,0,0,0,0,0,0,0,0,0,0,0,0,12,0,168,0,0,0,0,2,1,7,0,1,2,0,0,0,0,2,16,1,6,3862,722,158,748,0,0,679,2,15,0,0,0,3
20631,com.github.mikephil.charting.listener.PieRadarChartTouchListener,169088,setGestureStartAngle/2[float,886052,Switch Statements,1,235,1,0,1,0,0,0,0,0,0,0,0,0,0,0,0,0,0,0,0,0,0,0,2,0,235,0,0,0,0,0,0,1,0,1,0,0,0,0,0,2,3,0,0,3862,722,158,748,0,0,679,2,15,0,0,0,3
896,okhttp3.internal.http2.Http2ExchangeCodec,11020,readHttp2HeadersList/2[okhttp3.Headers,46924,Switch Statements,1,168,6,0,5,0,0,0,0,0,0,0,0,0,0,0,0,0,0,0,0,0,0,0,12,0,168,0,0,0,0,2,1,7,0,1,2,0,0,0,0,2,16,1,6,5676,106,40,1012,0,0,0,1,14,0,0,0,3
896,okhttp3.internal.http2.Http2ExchangeCodec,11020,readHttp2HeadersList/2[okhttp3.Headers,46924,Switch Statements,1,168,6,0,5,0,0,0,0,0,0,0,0,0,0,0,0,0,0,0,0,0,0,0,12,0,168,0,0,0,0,2,1,7,0,1,2,0,0,0,0,2,16,1,6,5713,373,162,2010,0,0,57,1,14,0,0,0,3
896,okhttp3.internal.http2.Http2ExchangeCodec,11020,readHttp2HeadersList/2[okhttp3.Headers,46924,Switch Statements,1,168,6,0,5,0,0,0,0,0,0,0,0,0,0,0,0,0,0,0,0,0,0,0,12,0,168,0,0,0,0,2,1,7,0,1,2,0,0,0,0,2,16,1,6,7628,1,1,1,0,0,0,2,214,0,0,0,3
896,okhttp3.internal.http2.Http2ExchangeCodec,11020,readHttp2HeadersList/2[okhttp3.Headers,46924,Switch Statements,1,168,6,0,5,0,0,0,0,0,0,0,0,0,0,0,0,0,0,0,0,0,0,0,12,0,168,0,0,0,0,2,1,7,0,1,2,0,0,0,0,2,16,1,6,8955,2841,573,4338,0,0,4926,2,17,0,0,0,3
896,okhttp3.internal.http2.Http2ExchangeCodec,11020,readHttp2HeadersList/2[okhttp3.Headers,46924,Switch Statements,1,168,6,0,5,0,0,0,0,0,0,0,0,0,0,0,0,0,0,0,0,0,0,0,12,0,168,0,0,0,0,2,1,7,0,1,2,0,0,0,0,2,16,1,6,9695,25,18,296,0,0,120,1,2,0,0,0,3
896,okhttp3.internal.http2.Http2ExchangeCodec,11020,readHttp2HeadersList/2[okhttp3.Headers,46924,Switch Statements,1,168,6,0,5,0,0,0,0,0,0,0,0,0,0,0,0,0,0,0,0,0,0,0,12,0,168,0,0,0,0,2,1,7,0,1,2,0,0,0,0,2,16,1,6,10704,557,242,2816,0,0,447,2,26,0,0,0,3
896,okhttp3.internal.http2.Http2ExchangeCodec,11020,readHttp2HeadersList/2[okhttp3.Headers,46924,Switch Statements,1,168,6,0,5,0,0,0,0,0,0,0,0,0,0,0,0,0,0,0,0,0,0,0,12,0,168,0,0,0,0,2,1,7,0,1,2,0,0,0,0,2,16,1,6,10948,1,1,1,0,0,58,265,26503,0,0,0,3
896,okhttp3.internal.http2.Http2ExchangeCodec,11020,readHttp2HeadersList/2[okhttp3.Headers,46924,Switch Statements,1,168,6,0,5,0,0,0,0,0,0,0,0,0,0,0,0,0,0,0,0,0,0,0,12,0,168,0,0,0,0,2,1,7,0,1,2,0,0,0,0,2,16,1,6,11040,1183,280,1924,0,0,270,1,19,0,0,0,3
896,okhttp3.internal.http2.Http2ExchangeCodec,11020,readHttp2HeadersList/2[okhttp3.Headers,46924,Switch Statements,1,168,6,0,5,0,0,0,0,0,0,0,0,0,0,0,0,0,0,0,0,0,0,0,12,0,168,0,0,0,0,2,1,7,0,1,2,0,0,0,0,2,16,1,6,11431,1074,133,243,0,0,654,1,12,0,0,0,3
896,okhttp3.internal.http2.Http2ExchangeCodec,11020,readHttp2HeadersList/2[okhttp3.Headers,46924,Switch Statements,1,168,6,0,5,0,0,0,0,0,0,0,0,0,0,0,0,0,0,0,0,0,0,0,12,0,168,0,0,0,0,2,1,7,0,1,2,0,0,0,0,2,16,1,6,12264,1068,259,2113,0,0,611,1,15,0,0,0,3
896,okhttp3.internal.http2.Http2ExchangeCodec,11020,readHttp2HeadersList/2[okhttp3.Headers,46924,Switch Statements,1,168,6,0,5,0,0,0,0,0,0,0,0,0,0,0,0,0,0,0,0,0,0,0,12,0,168,0,0,0,0,2,1,7,0,1,2,0,0,0,0,2,16,1,6,12405,5,3,4,0,0,0,1,1,0,0,0,3
896,okhttp3.internal.http2.Http2ExchangeCodec,11020,readHttp2HeadersList/2[okhttp3.Headers,46924,Switch Statements,1,168,6,0,5,0,0,0,0,0,0,0,0,0,0,0,0,0,0,0,0,0,0,0,12,0,168,0,0,0,0,2,1,7,0,1,2,0,0,0,0,2,16,1,6,12726,168,51,4704,0,0,11,1,2,0,0,0,3
901,okhttp3.internal.connection.Transmitter,11107,exchangeMessageDone/4[okhttp3.internal.connection.Exchange,47271,Switch Statements,1,0,0,0,229,0,0,0,0,0,0,0,0,0,0,0,0,0,0,0,0,0,0,0,3,0,2,0,0,0,0,0,0,0,0,0,9,0,2,0,0,2,10,2,26,10704,557,242,2816,0,0,447,2,26,0,0,0,1
383,okhttp3.internal.ws.WebSocketReader,2794,readHeader/0,11893,Switch Statements,1,0,14,0,5,0,0,0,0,0,0,0,0,0,0,0,0,0,0,0,0,0,0,0,38,0,0,0,0,6,8,11,13,2,0,2,0,0,0,62,112,112,0,5,0,1521,367,70,315,0,0,28,1,23,0,0,0,1
3531,org.springframework.boot.context.properties.migrator.PropertyMigration,154570,determineCompatibleType/2[org.springframework.boot.configurationmetadata.ConfigurationMetadataProperty,635233,Switch Statements,1,71,2,0,7,0,0,0,0,0,0,0,0,0,0,0,0,0,0,0,0,0,0,0,6,0,71,0,0,0,1,0,0,2,0,0,1,0,0,0,0,2,14,4,2,1521,367,70,315,0,0,28,1,23,0,0,0,1
21247,com.google.common.collect.TreeRangeSetTest,175558,testAddManyPairs/0,1015080,Switch Statements,1,3,17,0,3,0,0,0,0,0,0,0,0,0,0,0,0,0,0,0,0,0,0,0,25,0,8,0,0,2,0,8,4,0,0,9,0,0,0,18,474,474,0,4,0,3862,722,158,748,0,0,679,2,15,0,0,0,1
3990,org.springframework.boot.loader.jar.JarFileTests,30605,verifySignedJar/0,249067,Switch Statements,1,2,7,0,18,0,0,0,0,0,0,0,0,0,0,0,0,0,0,0,0,0,0,0,24,0,2,0,0,0,5,0,8,0,0,2,0,0,0,18,388,388,0,7,0,460,391,161,1611,0,0,581,3,62,0,0,0,1
670,okhttp3.internal.connection.RealConnection,7491,isHealthy/1[boolean],17074,Switch Statements,1,0,9,0,6,0,0,0,0,0,0,0,0,0,0,0,0,0,0,0,0,0,0,0,29,0,0,0,0,0,0,1,1,0,0,4,0,0,0,23,362,362,6,1,1,12405,5,3,4,0,0,0,1,1,0,0,0,1
662,okhttp3.internal.http.BridgeInterceptor,7417,BridgeInterceptor/1[okhttp3.CookieJar],16826,Switch Statements,1,1,1,0,0,0,0,0,0,0,0,0,0,0,0,0,0,0,0,0,0,0,0,0,3,0,0,0,0,0,0,0,1,0,0,0,0,0,0,5,43,43,0,0,1,939,1,1,1,0,0,0,0,0,0,0,0,1
225,okhttp3.Cache,1412,readInt/1[BufferedSource],10511,Switch Statements,1,1,5,0,4,0,0,0,0,0,0,0,0,0,0,0,0,0,0,0,0,0,0,0,13,0,0,0,0,0,2,1,2,1,0,2,0,0,0,16,692,692,1,2,1,1300,5,3,243,0,0,1,1,8,0,0,0,1
929,com.squareup.okhttp.internal.Base64,11547,decode/2[byte[],50878,Switch Statements,1,2,31,1,2,4,4,3,3,1,0,0,0,0,0,1,1,0,1,0,0,1,0,0,106,0,3,0,0,40,1,67,42,37,0,16,2,0,0,0,0,0,0,0,0,5713,373,162,2010,0,0,57,1,14,0,0,0,1
219,okhttp3.internal.HeldCertificate,1354,HeldCertificate/2[java.security.cert.X509Certificate,10453,Switch Statements,1,0,1,1,0,0,1,0,1,0,0,0,0,0,0,2,0,2,0,0,0,2,0,0,92,0,0,0,0,0,0,0,2,0,0,2,0,0,1,0,0,0,0,0,0,10704,557,242,2816,0,0,447,2,26,0,0,0,1
3956,org.springframework.boot.loader.JarLauncher,30176,JarLauncher/0,529828,Switch Statements,1,5,5,3,5,6,4,1,2,0,2,0,0,0,0,2,2,0,0,0,0,2,0,0,21,0,0,0,0,0,2,0,2,0,0,2,1,0,0,0,0,0,0,0,0,365,11,5,15,0,0,0,2,16,0,0,0,1
255,okhttp3.internal.http.HttpEngine,1709,hasBody/1[okhttp3.Response],10808,Switch Statements,1,3,8,0,7,0,0,0,0,0,0,0,0,0,0,0,0,0,0,0,0,0,0,0,13,0,0,0,0,1,3,2,1,0,0,1,0,0,0,30,471,471,4,1,1,939,1,1,1,0,0,0,0,0,0,0,0,1
792,okhttp3.internal.http2.Http2Stream,9490,isOpen/0,29532,Switch Statements,1,0,7,0,0,0,0,0,0,0,0,0,0,0,0,0,0,0,0,0,0,0,0,0,9,0,0,0,0,2,0,0,0,0,0,1,0,0,0,50,105,105,3,0,0,9695,25,18,296,0,0,120,1,2,0,0,0,1
1026,com.squareup.okhttp.internal.okio.Util,13498,checkOffsetAndCount/3[long,126098,Switch Statements,1,0,27,0,0,0,0,0,0,0,0,0,0,0,0,0,0,0,0,0,0,0,0,0,5,0,3,0,0,0,0,1,0,1,0,0,1,1,0,0,0,0,0,5,0,939,1,1,1,0,0,0,0,0,0,0,0,1
662,okhttp3.internal.http.BridgeInterceptor,7417,BridgeInterceptor/1[okhttp3.CookieJar],16826,Switch Statements,1,19,16,1,41,1,3,0,2,1,0,0,0,0,0,1,0,0,1,0,0,1,0,0,85,0,1,0,0,0,22,3,17,0,0,16,2,0,0,0,0,0,0,0,0,12405,5,3,4,0,0,0,1,1,0,0,0,1
1794,org.springframework.boot.web.servlet.server.DocumentRoot,18190,getArchiveFileDocumentRoot/1[java.lang.String],236652,Switch Statements,1,1,6,0,9,0,0,0,0,0,0,0,0,0,0,0,0,0,0,0,0,0,0,0,10,0,0,0,0,0,1,0,1,1,0,1,0,0,0,10,79,79,2,1,1,460,391,161,1611,0,0,581,3,62,0,0,0,1
1870,org.springframework.boot.logging.log4j2.ColorConverter,18709,ColorConverter/2[java.util.List<org.springframework.boot.logging.log4j2.PatternFormatter>,510853,Switch Statements,1,10,16,2,19,0,5,1,3,1,1,0,0,0,0,4,2,0,4,0,0,4,0,0,93,0,2,0,0,2,15,6,13,1,0,11,2,0,0,0,0,0,0,0,0,365,11,5,15,0,0,0,2,16,0,0,0,1
896,okhttp3.internal.http2.Http2ExchangeCodec,11020,readHttp2HeadersList/2[okhttp3.Headers,46924,Switch Statements,1,168,6,0,5,0,0,0,0,0,0,0,0,0,0,0,0,0,0,0,0,0,0,0,12,0,168,0,0,0,0,2,1,7,0,1,2,0,0,0,0,2,16,1,6,1521,367,70,315,0,0,28,1,23,0,0,0,1
496,com.squareup.okhttp.internal.http.OkHeaders,5134,addCookies/2[com.squareup.okhttp.Request.Builder,14233,Switch Statements,1,0,108,0,2,0,0,0,0,0,0,0,0,0,0,0,0,0,0,0,0,0,0,0,5,0,2,0,0,0,0,1,2,0,0,1,0,2,0,0,0,1,7,8,0,12726,168,51,4704,0,0,11,1,2,0,0,0,1
500,com.squareup.okhttp.internal.http.RouteSelector,5173,connectFailed/2[com.squareup.okhttp.Connection,126310,Switch Statements,1,146,4,0,7,0,0,0,0,0,0,0,0,0,0,0,0,0,0,0,0,0,0,0,9,0,146,0,0,0,2,0,1,3,0,0,1,0,0,0,0,2,13,1,3,10704,557,242,2816,0,0,447,2,26,0,0,0,1
517,com.squareup.okhttp.internal.tls.OkHostnameVerifier,5331,verifyHostName/2[java.lang.String,14430,Switch Statements,1,95,2,0,5,0,0,0,0,0,0,0,0,0,0,0,0,0,0,0,0,0,0,0,5,0,95,0,0,0,0,1,0,5,0,0,2,0,0,0,0,2,18,3,3,11431,1074,133,243,0,0,654,1,12,0,0,0,1
658,okhttp3.internal.cache.InternalCache,7382,update/2[okhttp3.Response,102449,,0,37,1,0,1,0,0,0,0,0,0,0,0,0,0,0,0,0,0,0,0,0,0,0,0,0,37,0,0,0,0,0,0,0,0,0,-1,0,0,0,0,2,1,0,0,5676,106,40,1012,0,0,0,1,14,0,0,0,0
9528,org.elasticsearch.search.lookup.CachedPositionIterator,55311,next/0,273773,,0,11,12,2,10,11,7,0,4,3,0,0,0,0,0,7,0,0,0,0,0,7,0,0,86,0,1,0,0,0,0,12,9,8,0,9,1,1,0,0,0,0,0,0,0,1521,367,70,315,0,0,28,1,23,0,0,0,0
835,okhttp3.internal.ws.WebSocketRecorder,10028,assertFailure/4[int,215702,,0,0,0,0,205,0,0,0,0,0,0,0,0,0,0,0,0,0,0,0,0,0,0,0,3,0,2,0,0,0,0,0,1,1,0,0,2,1,1,0,0,0,3,5,13,3862,722,158,748,0,0,679,2,15,0,0,0,0
400,okhttp3.OkUrlFactoryTest,3208,assertResponseCode/2[java.net.HttpURLConnection,167302,,0,225,0,0,1,0,0,0,0,0,0,0,0,0,0,0,0,0,0,0,0,0,0,0,2,0,225,0,0,0,0,0,0,0,0,0,0,0,0,0,0,2,3,0,0,10704,557,242,2816,0,0,447,2,26,0,0,0,0
450,okhttp3.MediaTypeTest,4432,testValidParse/0,168600,,0,2,1,0,1,0,0,0,0,0,0,0,0,0,0,0,0,0,0,0,0,0,0,0,17,0,0,0,0,0,15,0,0,0,0,0,0,0,0,16,48,48,0,0,0,1521,367,70,315,0,0,28,1,23,0,0,0,0
152,butterknife.internal.AllTheThingsTest,914,itemSelected/4[AdapterView,10294,,0,0,0,0,231,0,0,0,0,0,0,0,0,0,0,0,0,0,0,0,0,0,0,0,4,0,0,0,0,0,0,0,0,0,0,1,0,0,0,0,0,0,1,0,2,460,391,161,1611,0,0,581,3,62,0,0,0,0
721,com.squareup.okhttp.HttpUrl,12567,canonicalize/7[java.lang.String,134139,,0,0,0,0,0,0,0,0,0,0,0,0,0,0,0,0,0,0,0,0,0,0,0,0,0,0,7,0,0,3,7,1549,1,3,0,0,3,0,4,4,0,11,0,1549,2,35,368,112,1586,0,0,666,2,12,0,0,0,0
285,okhttp3.internal.tls.DistinguishedNameParser,1982,DistinguishedNameParser/1[javax.security.auth.x500.X500Principal],72656,,0,0,1,0,2,0,0,0,0,0,0,0,0,0,0,0,0,0,0,0,0,0,0,0,4,0,0,0,0,0,0,0,2,0,0,0,0,0,0,6,38,38,0,0,1,1521,367,70,315,0,0,28,1,23,0,0,0,0
451,okhttp3.AddressTest,4446,differentProxySelectorsAreDifferent/0,125285,,0,3,1,0,2,0,0,0,0,0,0,0,0,0,0,0,0,0,0,0,0,0,0,0,5,0,0,0,0,0,2,2,2,0,0,0,0,0,0,13,45,45,0,2,0,35,368,112,1586,0,0,666,2,12,0,0,0,0
273,okhttp3.internal.framed.FrameWriter,1853,goAway/3[int,143679,,0,0,88,0,2,0,0,0,0,0,0,0,0,0,0,0,0,0,0,0,0,0,0,0,1,0,3,0,0,0,0,0,0,0,0,0,0,-1,0,0,0,0,0,1,0,1300,5,3,243,0,0,1,1,8,0,0,0,0
2860,org.springframework.boot.autoconfigure.data.redis.RedisProperties,23899,setPort/1[int],337219,,0,0,1,0,0,0,0,0,0,0,0,0,0,0,0,0,0,0,0,0,0,0,0,0,3,0,0,0,0,0,0,0,1,0,0,0,0,0,0,3,117,117,0,0,1,1521,367,70,315,0,0,28,1,23,0,0,0,0
761,com.squareup.okhttp.internal.DoubleInetAddressNetwork,8821,resolveInetAddresses/1[java.lang.String],186281,,0,1,1,1,1,0,1,0,1,0,0,0,0,0,0,0,0,0,0,0,0,0,0,0,9,0,0,0,0,0,0,2,1,0,0,1,0,0,0,0,0,0,0,0,0,11040,1183,280,1924,0,0,270,1,19,0,0,0,0
837,okhttp3.internal.http2.Http2Test,10108,pushPromiseThenContinuation/0,63353,,0,5,1,0,12,0,0,0,0,0,0,0,0,0,0,0,0,0,0,0,0,0,0,0,25,0,0,0,0,0,0,5,3,1,0,0,1,0,0,44,179,179,0,3,0,9695,25,18,296,0,0,120,1,2,0,0,0,0
212,okhttp3.mockwebserver.PushPromise,1270,method/0,16407,,0,2,5,1,0,2,5,0,5,0,0,0,0,0,0,4,0,0,4,0,0,4,0,0,26,0,0,0,0,0,0,0,4,0,0,4,0,0,0,0,0,0,0,0,0,12405,5,3,4,0,0,0,1,1,0,0,0,0
15559,org.springframework.test.context.support.DirtiesContextTestExecutionListenerTests,117642,beforeAndAfterTestMethodForDirtiesContextDeclaredLocallyOnClassBeforeClass/0,377443,,0,5,1,0,11,0,0,0,0,0,0,0,0,0,0,0,0,0,0,0,0,0,0,0,8,0,0,0,0,0,1,1,1,0,0,0,0,0,0,19,121,121,0,1,0,1300,5,3,243,0,0,1,1,8,0,0,0,0
331,okhttp3.internal.huc.ResponseCacheTest,2460,expiresDateBeforeModifiedDate/0,30577,,0,3,1,0,3,0,0,0,0,0,0,0,0,0,0,0,0,0,0,0,0,0,0,0,3,0,0,0,0,0,2,2,0,2,0,0,0,0,0,11,990,990,0,0,0,107,1,1,1,0,0,0,0,0,0,0,0,0
325,okhttp3.internal.huc.JavaApiConverter,2358,stringToLong/1[java.lang.String],11457,,0,0,3,0,1,0,0,0,0,0,0,0,0,0,0,0,0,0,0,0,0,0,0,0,9,0,0,0,0,0,0,2,0,0,0,1,0,0,0,9,864,864,3,0,1,5713,373,162,2010,0,0,57,1,14,0,0,0,0
5751,org.elasticsearch.action.admin.indices.segments.TransportIndicesSegmentsAction,106968,newShardRequest/2[org.elasticsearch.cluster.routing.ShardRouting,356435,,0,24,16,6,21,64,12,0,1,0,11,0,0,0,0,1,0,0,1,0,0,1,0,0,114,0,1,0,0,0,0,3,10,0,0,9,3,0,1,0,0,0,0,0,0,107,1,1,1,0,0,0,0,0,0,0,0,0
399,okhttp3.UrlConnectionCacheTest,3143,setBody/3[okhttp3.mockwebserver.MockResponse,119923,,0,0,1820,0,3,0,0,0,0,0,0,0,0,0,0,0,0,0,0,0,0,0,0,0,1,0,3,0,0,0,0,0,0,0,0,0,0,0,0,0,0,0,2,3,0,1521,367,70,315,0,0,28,1,23,0,0,0,0
513,com.squareup.okhttp.internal.Util,8161,skipAll/3[Source,24320,,0,0,168,0,2,0,0,0,0,0,0,0,0,0,0,0,0,0,0,0,0,0,0,0,5,0,3,0,0,1,1,0,0,2,0,3,3,2,0,0,0,3,10,23,2,5713,373,162,2010,0,0,57,1,14,0,0,0,0
902,okhttp3.internal.connection.Exchange,11117,timeoutEarlyExit/0,91155,,0,1,1,0,1,0,0,0,0,0,0,0,0,0,0,0,0,0,0,0,0,0,0,0,3,0,0,0,0,0,0,0,0,0,0,0,0,0,0,3,150,150,0,0,0,365,11,5,15,0,0,0,2,16,0,0,0,0
449,okhttp3.URLConnectionTest,4356,setValidRequestMethod/0,64022,,0,2,1,0,4,0,0,0,0,0,0,0,0,0,0,0,0,0,0,0,0,0,0,0,18,0,0,0,0,0,16,0,0,0,0,0,0,0,0,9,1696,1696,0,0,0,12264,1068,259,2113,0,0,611,1,15,0,0,0,2
468,okhttp3.CallTest,10549,authenticateWithNoConnection/0,64693,,0,5,1,0,12,0,0,0,0,0,0,0,0,0,0,0,0,0,0,0,0,0,0,0,7,0,0,0,0,0,2,2,2,0,0,0,0,0,0,31,468,468,0,1,0,10704,557,242,2816,0,0,447,2,26,0,0,0,2
449,okhttp3.URLConnectionTest,4284,earlyDisconnectDoesntHarmPoolingWithFixedLengthEncoding/0,64076,,0,2,1,0,1,0,0,0,0,0,0,0,0,0,0,0,0,0,0,0,0,0,0,0,3,0,0,0,0,0,0,0,0,0,0,0,0,0,0,12,1457,1457,0,0,0,107,1,1,1,0,0,0,0,0,0,0,0,2
881,okhttp3.TestTls13Request,10787,TestTls13Request/0,64336,,0,0,1,0,0,0,0,0,0,0,0,0,0,0,0,0,0,0,0,0,0,0,0,0,2,0,0,0,0,0,0,0,0,0,0,0,0,0,0,3,37,37,0,0,0,10948,1,1,1,0,0,58,265,26503,0,0,0,2
853,okhttp3.EventListenerTest,10470,failedConnect/0,64402,,0,8,2,0,20,0,0,0,0,0,0,0,0,0,0,0,0,0,0,0,0,0,0,0,22,0,0,0,0,0,1,1,5,0,0,1,0,0,0,27,514,514,0,5,0,365,11,5,15,0,0,0,2,16,0,0,0,2
15869,org.springframework.web.socket.PongMessage,121771,PongMessage/0,387859,,0,0,1,0,1,0,0,0,0,0,0,0,0,0,0,0,0,0,0,0,0,0,0,0,3,0,0,0,0,0,0,1,0,0,0,0,0,0,0,9,32,32,0,0,0,365,11,5,15,0,0,0,2,16,0,0,0,2
22937,org.mockito.internal.stubbing.StubberImpl,197332,doAnswer/1[org.mockito.stubbing.Answer],1077633,,0,3,1,0,1,0,0,0,0,0,0,0,0,0,0,0,0,0,0,0,0,0,0,0,4,0,0,0,0,0,0,0,0,0,0,0,0,0,0,4,98,98,1,0,1,3862,722,158,748,0,0,679,2,15,0,0,0,2
911,okhttp3.DuplexTest,11207,enableTls/0,62860,,0,1,1,0,7,0,0,0,0,0,0,0,0,0,0,0,0,0,0,0,0,0,0,0,4,0,0,0,0,0,0,0,1,0,0,0,0,0,0,6,526,526,0,0,0,1521,367,70,315,0,0,28,1,23,0,0,0,2
468,okhttp3.CallTest,10533,serverRespondsWith100ContinueOnly_HTTP2/0,64755,,0,2,1,0,2,0,0,0,0,0,0,0,0,0,0,0,0,0,0,0,0,0,0,0,4,0,0,0,0,0,0,0,0,0,0,0,0,0,0,12,2789,2789,0,0,0,11431,1074,133,243,0,0,654,1,12,0,0,0,2
853,okhttp3.EventListenerTest,10472,noConnectionFoundOnFollowUp/0,64419,,0,7,1,0,15,0,0,0,0,0,0,0,0,0,0,0,0,0,0,0,0,0,0,0,10,0,0,0,0,0,6,1,3,0,0,0,0,0,0,18,793,793,0,3,0,3862,722,158,748,0,0,679,2,15,0,0,0,2
468,okhttp3.CallTest,4779,doesNotAttemptAuthorization21Times/0,64708,,0,4,3,0,13,0,0,0,0,0,0,0,0,0,0,0,0,0,0,0,0,0,0,0,14,0,1,0,0,0,4,3,3,0,0,1,0,0,0,23,446,446,0,2,0,939,1,1,1,0,0,0,0,0,0,0,0,2
468,okhttp3.CallTest,4696,postBodyRetransmittedAfterAuthorizationFail_HTTP_2/0,64682,,0,2,1,0,2,0,0,0,0,0,0,0,0,0,0,0,0,0,0,0,0,0,0,0,4,0,0,0,0,0,1,0,0,0,0,0,0,0,0,14,381,381,0,0,0,11431,1074,133,243,0,0,654,1,12,0,0,0,2
468,okhttp3.CallTest,11275,cancelWhileRequestHeadersAreSent/0,50341,,0,8,2,0,11,0,0,0,0,0,0,0,0,0,0,0,0,0,0,0,0,0,0,0,22,0,0,0,0,0,2,0,3,0,0,1,1,0,0,26,2253,2253,0,2,0,11040,1183,280,1924,0,0,270,1,19,0,0,0,2
448,okhttp3.ConnectionReuseTest,4152,silentRetryWhenIdempotentRequestFailsOnReusedConnection/0,63975,,0,4,1,0,13,0,0,0,0,0,0,0,0,0,0,0,0,0,0,0,0,0,0,0,13,0,0,0,0,0,5,3,3,0,0,0,0,0,0,18,166,166,0,3,0,11040,1183,280,1924,0,0,270,1,19,0,0,0,2
888,okhttp3.tls.HandshakeCertificatesTest,10939,tearDown/0,65267,,0,1,2,0,2,0,0,0,0,0,0,0,0,0,0,0,0,0,0,0,0,0,0,0,6,0,0,0,0,0,0,0,0,0,0,1,0,0,0,7,52,52,0,0,0,1300,5,3,243,0,0,1,1,8,0,0,0,2
468,okhttp3.CallTest,4816,put_HTTPS/0,64735,,0,2,1,0,2,0,0,0,0,0,0,0,0,0,0,0,0,0,0,0,0,0,0,0,4,0,0,0,0,0,0,0,0,0,0,0,0,0,0,9,552,552,0,0,0,12264,1068,259,2113,0,0,611,1,15,0,0,0,2
468,okhttp3.CallTest,10537,getClientRequestTimeoutWithBackPressure/0,50385,,0,9,1,0,14,0,0,0,0,0,0,0,0,0,0,0,0,0,0,0,0,0,0,0,6,0,0,0,0,0,7,1,2,0,0,0,0,0,0,16,1744,1744,0,2,0,8955,2841,573,4338,0,0,4926,2,17,0,0,0,2
448,okhttp3.ConnectionReuseTest,4144,http2ConnectionsAreSharedBeforeResponseIsConsumed/0,63965,,0,5,1,0,13,0,0,0,0,0,0,0,0,0,0,0,0,0,0,0,0,0,0,0,12,0,0,0,0,0,3,2,3,0,0,0,0,0,0,18,209,209,0,3,0,12405,5,3,4,0,0,0,1,1,0,0,0,2
449,okhttp3.URLConnectionTest,4260,response307WithHead/0,63997,,0,2,1,0,1,0,0,0,0,0,0,0,0,0,0,0,0,0,0,0,0,0,0,0,3,0,0,0,0,0,1,0,0,0,0,0,0,0,0,6,2333,2333,0,0,0,11431,1074,133,243,0,0,654,1,12,0,0,0,2
468,okhttp3.CallTest,4799,postEmptyBodyRetransmittedAfterAuthorizationFail_HTTP_2/0,64716,,0,2,1,0,2,0,0,0,0,0,0,0,0,0,0,0,0,0,0,0,0,0,0,0,4,0,0,0,0,0,1,0,0,0,0,0,0,0,0,15,396,396,0,0,0,365,11,5,15,0,0,0,2,16,0,0,0,2
853,okhttp3.EventListenerTest,10461,failedSecureConnect/0,64411,,0,8,2,0,13,0,0,0,0,0,0,0,0,0,0,0,0,0,0,0,0,0,0,0,16,0,0,0,0,0,1,0,3,0,0,1,0,0,0,22,676,676,0,3,0,11431,1074,133,243,0,0,654,1,12,0,0,0,2
